customerID,gender,SeniorCitizen,Partner,Dependents,tenure,PhoneService,MultipleLines,InternetService,OnlineSecurity,OnlineBackup,DeviceProtection,TechSupport,StreamingTV,StreamingMovies,Contract,PaperlessBilling,PaymentMethod,MonthlyCharges,TotalCharges,Churn
95822412,Female,0,No,No,36,Yes,No,DSL,No,No,Yes,No,No,No,Month-to-month,No,Bank transfer (automatic),77.89,2881.93,No
24942603,Male,1,Yes,No,30,Yes,No,No,No internet service,No internet service,No internet service,No internet service,No internet service,No internet service,Two year,No,Credit card (automatic),18.0,558.0,No
13356886,Male,0,Yes,Yes,48,Yes,Yes,DSL,Yes,Yes,Yes,Yes,Yes,No,One year,Yes,Electronic check,88.73,4347.77,No
46913810,Male,0,No,No,52,Yes,Yes,Fiber optic,Yes,No,Yes,No,Yes,No,Month-to-month,No,Electronic check,67.74,3590.22,No
42868828,Female,0,No,No,38,Yes,No,DSL,No,No,Yes,No,Yes,No,Month-to-month,No,Mailed check,84.37,3294.65,No
39958838,Female,0,Yes,No,9,No,No phone service,Fiber optic,Yes,No,No,No,Yes,Yes,Month-to-month,Yes,Mailed check,34.87,348.7,Yes
28728463,Female,0,Yes,Yes,8,Yes,No,No,No internet service,No internet service,No internet service,No internet service,No internet service,No internet service,Month-to-month,No,Mailed check,61.97,545.34,No
23756669,Male,1,No,No,12,No,No phone service,Fiber optic,Yes,No,No,No,No,No,Month-to-month,Yes,Bank transfer (automatic),106.93,1390.09,No
83197857,Male,0,No,No,17,Yes,No,DSL,Yes,Yes,Yes,No,No,Yes,Month-to-month,No,Electronic check,47.14,839.09,No
21668732,Male,1,No,Yes,11,Yes,Yes,DSL,Yes,No,Yes,No,No,Yes,Month-to-month,Yes,Electronic check,60.28,723.36,No
89254563,Female,0,No,Yes,71,Yes,No,No,No internet service,No internet service,No internet service,No internet service,No internet service,No internet service,Month-to-month,No,Mailed check,97.07,6989.04,No
66629388,Male,0,No,No,4,Yes,No,Fiber optic,No,No,Yes,Yes,No,No,Month-to-month,Yes,Bank transfer (automatic),90.89,454.45,No
14265799,Male,0,No,Yes,6,Yes,No,DSL,No,Yes,Yes,No,Yes,Yes,Month-to-month,Yes,Credit card (automatic),101.7,711.9,No
13999315,Female,0,No,Yes,14,Yes,No,No,No internet service,No internet service,No internet service,No internet service,No internet service,No internet service,Month-to-month,No,Bank transfer (automatic),48.58,728.7,Yes
22575562,Female,0,No,No,66,Yes,No,Fiber optic,Yes,No,No,No,No,Yes,Month-to-month,No,Mailed check,65.32,4376.44,No
39345092,Female,1,No,No,17,Yes,Yes,DSL,Yes,No,No,No,No,No,Month-to-month,Yes,Bank transfer (automatic),43.06,775.08,No
41227216,Female,1,Yes,No,37,No,No phone service,Fiber optic,Yes,Yes,Yes,Yes,No,No,Month-to-month,Yes,Electronic check,41.24,1567.12,No
77827638,Male,1,Yes,No,25,Yes,Yes,Fiber optic,Yes,Yes,No,Yes,No,Yes,Month-to-month,Yes,Credit card (automatic),41.4,1076.4,No
90801586,Female,0,No,No,37,Yes,Yes,No,No internet service,No internet service,No internet service,No internet service,No internet service,No internet service,Month-to-month,No,Mailed check,68.78,2599.88,No
13561597,Female,0,Yes,No,58,Yes,No,DSL,Yes,No,No,Yes,Yes,Yes,Month-to-month,No,Electronic check,117.61,6938.99,No
85329037,Male,0,No,Yes,51,Yes,Yes,No,No internet service,No internet service,No internet service,No internet service,No internet service,No internet service,Month-to-month,Yes,Bank transfer (automatic),108.08,5620.16,No
36687537,Female,0,Yes,No,32,Yes,No,No,No internet service,No internet service,No internet service,No internet service,No internet service,No internet service,Two year,Yes,Mailed check,86.19,2844.27,No
97226012,Female,0,No,No,20,Yes,No,Fiber optic,Yes,Yes,No,No,Yes,No,Month-to-month,No,Bank transfer (automatic),42.64,895.44,Yes
83140807,Female,0,Yes,No,16,Yes,Yes,DSL,Yes,Yes,Yes,Yes,Yes,No,Month-to-month,Yes,Bank transfer (automatic),39.4,669.8,No
66306997,Female,0,No,No,61,Yes,No,No,No internet service,No internet service,No internet service,No internet service,No internet service,No internet service,Month-to-month,No,Mailed check,61.33,3802.46,No
39587039,Male,0,No,Yes,58,Yes,No,Fiber optic,No,Yes,Yes,No,No,No,Two year,Yes,Credit card (automatic),82.27,4853.93,No
70291817,Female,0,Yes,No,1,Yes,Yes,No,No internet service,No internet service,No internet service,No internet service,No internet service,No internet service,Two year,Yes,Mailed check,86.74,156.13,No
89089901,Male,0,No,No,63,Yes,Yes,DSL,Yes,No,Yes,No,Yes,Yes,Month-to-month,Yes,Credit card (automatic),77.19,4944.02,Yes
47338124,Male,0,Yes,No,24,Yes,No,No,No internet service,No internet service,No internet service,No internet service,No internet service,No internet service,One year,No,Electronic check,67.21,1680.25,No
10872248,Female,0,Yes,No,40,Yes,Yes,No,No internet service,No internet service,No internet service,No internet service,No internet service,No internet service,Month-to-month,Yes,Electronic check,76.42,3133.22,No
31429110,Male,0,Yes,Yes,18,Yes,No,No,No internet service,No internet service,No internet service,No internet service,No internet service,No internet service,One year,Yes,Bank transfer (automatic),53.48,1016.12,No
66722344,Female,0,Yes,Yes,37,Yes,Yes,DSL,No,No,Yes,Yes,No,Yes,Two year,No,Bank transfer (automatic),26.73,1017.08,No
55667651,Female,0,No,Yes,24,Yes,No,Fiber optic,Yes,Yes,No,No,Yes,No,Two year,No,Bank transfer (automatic),61.32,1533.0,No
47295260,Male,0,Yes,No,38,Yes,No,DSL,No,No,No,No,Yes,No,Month-to-month,No,Credit card (automatic),75.49,2944.11,Yes
30868105,Male,0,No,Yes,3,Yes,Yes,DSL,No,Yes,Yes,Yes,No,Yes,Two year,Yes,Electronic check,66.16,264.64,No
38898923,Male,0,Yes,No,2,Yes,Yes,DSL,No,No,Yes,No,No,Yes,Month-to-month,Yes,Mailed check,24.26,72.78,No
55176955,Female,0,No,No,33,Yes,Yes,No,No internet service,No internet service,No internet service,No internet service,No internet service,No internet service,Two year,Yes,Electronic check,63.63,2163.42,No
23718431,Female,0,Yes,No,9,Yes,No,Fiber optic,Yes,Yes,No,Yes,No,No,Two year,No,Mailed check,51.61,516.1,No
22448136,Male,0,No,Yes,26,Yes,No,DSL,Yes,No,No,No,No,Yes,Two year,No,Credit card (automatic),110.09,2972.43,No
60992979,Female,0,No,No,0,Yes,Yes,No,No internet service,No internet service,No internet service,No internet service,No internet service,No internet service,Month-to-month,No,Credit card (automatic),86.85,86.85,No
22981052,Female,0,No,No,43,Yes,No,Fiber optic,No,No,No,No,No,No,Two year,Yes,Electronic check,18.0,792.9,No
58181396,Male,0,Yes,No,51,Yes,No,No,No internet service,No internet service,No internet service,No internet service,No internet service,No internet service,Two year,No,Bank transfer (automatic),71.52,3719.04,No
56164955,Female,0,No,No,24,Yes,No,No,No internet service,No internet service,No internet service,No internet service,No internet service,No internet service,Month-to-month,Yes,Bank transfer (automatic),35.9,897.5,Yes
91030736,Male,0,Yes,Yes,64,Yes,No,Fiber optic,Yes,Yes,No,Yes,No,Yes,Month-to-month,No,Mailed check,26.42,1717.3,Yes
45503389,Female,0,Yes,Yes,10,Yes,No,DSL,Yes,Yes,No,No,No,No,Month-to-month,Yes,Electronic check,18.0,198.0,No
15831819,Male,0,Yes,No,67,Yes,No,No,No internet service,No internet service,No internet service,No internet service,No internet service,No internet service,One year,No,Bank transfer (automatic),96.3,6548.4,No
71662963,Female,0,Yes,No,14,Yes,No,DSL,No,No,Yes,Yes,No,No,Month-to-month,Yes,Mailed check,100.39,1505.85,Yes
81971316,Male,0,Yes,Yes,56,Yes,Yes,Fiber optic,No,Yes,No,No,No,Yes,Month-to-month,Yes,Bank transfer (automatic),25.0,1426.25,No
26753883,Male,1,No,No,63,Yes,Yes,No,No internet service,No internet service,No internet service,No internet service,No internet service,No internet service,Month-to-month,Yes,Credit card (automatic),103.57,6628.48,No
60806024,Female,0,Yes,No,10,Yes,No,DSL,No,Yes,Yes,Yes,Yes,No,Month-to-month,No,Credit card (automatic),133.08,1437.26,Yes
20576383,Male,0,Yes,No,19,Yes,No,Fiber optic,Yes,No,Yes,Yes,No,Yes,One year,Yes,Mailed check,63.8,1276.0,No
84093639,Male,0,Yes,Yes,29,Yes,No,Fiber optic,Yes,No,Yes,Yes,Yes,Yes,One year,Yes,Mailed check,42.9,1287.0,No
49349722,Male,0,No,No,9,Yes,No,DSL,No,Yes,Yes,No,Yes,No,Month-to-month,No,Credit card (automatic),67.81,678.1,Yes
94374605,Male,0,No,Yes,53,Yes,No,DSL,No,No,Yes,No,Yes,No,Month-to-month,No,Electronic check,105.06,5673.24,No
93016315,Male,0,Yes,Yes,57,Yes,Yes,No,No internet service,No internet service,No internet service,No internet service,No internet service,No internet service,Month-to-month,No,Credit card (automatic),109.48,6349.84,Yes
58537831,Male,0,No,No,28,Yes,Yes,DSL,Yes,Yes,No,No,No,No,Month-to-month,Yes,Mailed check,68.94,1985.47,No
87490893,Female,1,No,Yes,0,Yes,Yes,No,No internet service,No internet service,No internet service,No internet service,No internet service,No internet service,Month-to-month,Yes,Mailed check,42.43,42.43,Yes
35808537,Female,0,Yes,No,57,Yes,No,Fiber optic,No,No,No,No,Yes,Yes,One year,Yes,Electronic check,77.29,4482.82,Yes
19335534,Female,0,No,Yes,20,Yes,Yes,Fiber optic,No,Yes,Yes,Yes,Yes,Yes,Month-to-month,No,Electronic check,67.07,1408.47,No
16150444,Female,1,No,No,14,Yes,Yes,No,No internet service,No internet service,No internet service,No internet service,No internet service,No internet service,Month-to-month,Yes,Bank transfer (automatic),73.57,1107.23,No
98753260,Female,0,No,No,66,Yes,No,Fiber optic,Yes,Yes,Yes,No,No,No,Two year,Yes,Credit card (automatic),58.4,3912.8,No
40587988,Female,0,Yes,No,32,Yes,Yes,Fiber optic,No,No,No,Yes,No,No,Month-to-month,No,Mailed check,75.75,2503.54,No
48840994,Male,0,Yes,No,37,Yes,No,DSL,Yes,No,Yes,Yes,Yes,No,Month-to-month,Yes,Electronic check,18.0,684.9,No
20709497,Female,0,Yes,No,18,Yes,No,Fiber optic,No,No,No,Yes,No,No,Month-to-month,Yes,Electronic check,80.77,1534.63,Yes
41244663,Female,0,No,No,3,Yes,Yes,Fiber optic,Yes,Yes,Yes,Yes,Yes,No,Month-to-month,No,Electronic check,104.09,421.56,Yes
23556182,Male,1,No,No,57,Yes,Yes,DSL,No,Yes,No,Yes,No,No,Month-to-month,Yes,Credit card (automatic),64.29,3715.96,No
61019678,Female,0,Yes,Yes,69,Yes,No,Fiber optic,Yes,No,Yes,Yes,Yes,Yes,One year,No,Mailed check,73.77,5163.9,No
47308985,Male,0,Yes,No,11,Yes,No,Fiber optic,No,No,Yes,Yes,Yes,No,One year,No,Credit card (automatic),21.83,261.96,No
70855700,Female,1,No,No,16,Yes,No,No,No internet service,No internet service,No internet service,No internet service,No internet service,No internet service,Month-to-month,Yes,Credit card (automatic),85.61,1455.37,Yes
95320121,Male,0,No,No,0,Yes,No,Fiber optic,No,No,No,No,No,Yes,Two year,No,Bank transfer (automatic),97.81,97.81,No
58966946,Male,0,No,Yes,13,Yes,No,No,No internet service,No internet service,No internet service,No internet service,No internet service,No internet service,Two year,No,Mailed check,119.23,1645.37,No
31831063,Female,0,No,Yes,1,Yes,Yes,Fiber optic,No,Yes,No,Yes,Yes,Yes,Month-to-month,Yes,Electronic check,18.0,36.0,No
59684848,Female,1,No,No,3,Yes,No,No,No internet service,No internet service,No internet service,No internet service,No internet service,No internet service,Two year,No,Electronic check,85.86,343.44,No
57683626,Male,0,Yes,No,65,No,No phone service,Fiber optic,No,No,Yes,No,Yes,No,One year,Yes,Credit card (automatic),18.0,1188.0,No
38119557,Male,0,Yes,No,45,Yes,Yes,Fiber optic,Yes,No,No,Yes,Yes,No,Month-to-month,Yes,Electronic check,81.73,3763.67,No
99949389,Male,0,Yes,Yes,49,Yes,No,Fiber optic,No,Yes,No,No,Yes,Yes,Two year,Yes,Electronic check,53.37,2668.5,No
45833156,Male,0,No,Yes,59,Yes,Yes,Fiber optic,Yes,No,Yes,Yes,No,Yes,Two year,Yes,Mailed check,85.02,5101.2,No
96977837,Female,1,Yes,No,51,Yes,No,No,No internet service,No internet service,No internet service,No internet service,No internet service,No internet service,Two year,No,Mailed check,82.93,4312.36,No
19583482,Female,0,No,No,47,Yes,No,DSL,No,No,No,No,No,No,Two year,No,Electronic check,72.49,3479.52,No
91756179,Female,0,Yes,Yes,38,Yes,Yes,DSL,No,Yes,Yes,No,No,No,Month-to-month,Yes,Electronic check,56.31,2184.83,No
95225343,Male,1,Yes,Yes,69,Yes,Yes,No,No internet service,No internet service,No internet service,No internet service,No internet service,No internet service,Month-to-month,Yes,Electronic check,74.86,5240.2,No
32969840,Male,0,No,No,59,Yes,No,Fiber optic,No,No,No,No,No,No,One year,Yes,Bank transfer (automatic),98.16,5889.6,No
81691040,Female,0,Yes,No,29,Yes,Yes,DSL,Yes,No,Yes,Yes,No,No,Two year,Yes,Mailed check,78.02,2340.6,No
42857966,Female,0,Yes,No,26,Yes,No,Fiber optic,Yes,No,No,Yes,No,No,Month-to-month,Yes,Credit card (automatic),93.72,2530.44,No
31931511,Female,0,No,No,54,Yes,No,Fiber optic,Yes,Yes,No,No,Yes,No,Month-to-month,Yes,Electronic check,28.34,1560.12,Yes
72043515,Female,0,Yes,No,69,Yes,No,Fiber optic,No,No,Yes,Yes,No,Yes,Month-to-month,No,Electronic check,71.93,5038.7,No
60929647,Male,1,No,Yes,25,Yes,No,No,No internet service,No internet service,No internet service,No internet service,No internet service,No internet service,Two year,No,Electronic check,55.47,1442.22,No
46231783,Male,0,No,No,41,Yes,No,Fiber optic,Yes,Yes,No,No,Yes,Yes,One year,No,Mailed check,93.32,3919.44,Yes
95899313,Male,0,No,No,66,Yes,Yes,Fiber optic,Yes,No,Yes,No,Yes,No,Month-to-month,Yes,Mailed check,85.93,5757.31,Yes
84752529,Female,0,No,No,66,Yes,No,No,No internet service,No internet service,No internet service,No internet service,No internet service,No internet service,Two year,No,Electronic check,54.59,3657.53,No
39476249,Female,0,Yes,No,51,Yes,No,No,No internet service,No internet service,No internet service,No internet service,No internet service,No internet service,Month-to-month,Yes,Credit card (automatic),74.61,3879.72,No
53524491,Male,0,No,No,5,Yes,No,DSL,No,Yes,No,Yes,No,No,One year,No,Credit card (automatic),65.79,394.74,No
17507864,Male,0,Yes,No,9,Yes,No,Fiber optic,No,Yes,Yes,Yes,Yes,Yes,One year,Yes,Credit card (automatic),81.77,821.79,Yes
40742311,Male,1,Yes,No,37,Yes,No,Fiber optic,Yes,Yes,Yes,No,Yes,Yes,Two year,No,Bank transfer (automatic),80.46,3057.48,No
14308421,Male,0,Yes,No,11,Yes,No,No,No internet service,No internet service,No internet service,No internet service,No internet service,No internet service,Two year,No,Bank transfer (automatic),72.05,864.6,No
52339391,Male,0,Yes,Yes,45,Yes,No,Fiber optic,No,No,No,No,No,Yes,Two year,Yes,Electronic check,29.86,1373.56,No
63843426,Male,0,No,No,48,Yes,No,Fiber optic,Yes,No,No,No,Yes,No,Month-to-month,Yes,Credit card (automatic),114.55,5612.95,No
45935572,Female,1,Yes,No,71,Yes,No,No,No internet service,No internet service,No internet service,No internet service,No internet service,No internet service,Month-to-month,Yes,Bank transfer (automatic),101.67,7320.24,No
18883684,Female,0,No,Yes,62,No,No phone service,Fiber optic,Yes,No,No,No,No,Yes,Two year,Yes,Credit card (automatic),72.68,4578.84,No
38317637,Female,0,Yes,Yes,68,Yes,No,No,No internet service,No internet service,No internet service,No internet service,No internet service,No internet service,Two year,Yes,Mailed check,85.56,5903.64,No
86125617,Female,0,Yes,No,42,Yes,Yes,No,No internet service,No internet service,No internet service,No internet service,No internet service,No internet service,Month-to-month,No,Mailed check,88.03,3785.29,No
52235350,Male,1,No,No,59,Yes,No,No,No internet service,No internet service,No internet service,No internet service,No internet service,No internet service,Month-to-month,Yes,Electronic check,49.28,2956.8,No
38538251,Female,0,Yes,Yes,28,Yes,No,No,No internet service,No internet service,No internet service,No internet service,No internet service,No internet service,Two year,Yes,Electronic check,107.26,3110.54,No
97971488,Male,0,No,No,10,Yes,No,Fiber optic,No,No,Yes,Yes,No,No,One year,No,Mailed check,18.0,194.4,No
77005685,Male,0,Yes,No,34,Yes,No,DSL,No,No,No,No,Yes,No,Two year,No,Mailed check,18.87,660.45,No
63100814,Female,0,Yes,No,22,Yes,No,Fiber optic,No,Yes,No,Yes,Yes,Yes,Month-to-month,Yes,Mailed check,48.56,1116.88,No
96282117,Female,0,No,Yes,71,Yes,No,No,No internet service,No internet service,No internet service,No internet service,No internet service,No internet service,Month-to-month,Yes,Credit card (automatic),80.07,5765.04,Yes
71586053,Male,0,No,No,20,Yes,No,No,No internet service,No internet service,No internet service,No internet service,No internet service,No internet service,Two year,Yes,Mailed check,74.0,1554.0,No
29175900,Female,0,Yes,Yes,36,No,No phone service,DSL,No,No,No,No,No,No,One year,Yes,Credit card (automatic),72.18,2670.66,Yes
45551614,Female,1,Yes,No,27,Yes,No,DSL,No,Yes,Yes,Yes,No,Yes,Month-to-month,No,Electronic check,67.86,1900.08,Yes
28740864,Female,1,Yes,No,57,Yes,Yes,Fiber optic,Yes,Yes,No,No,Yes,Yes,One year,Yes,Bank transfer (automatic),60.38,3489.96,No
43101783,Female,0,No,No,52,Yes,No,Fiber optic,No,Yes,Yes,Yes,Yes,No,Month-to-month,No,Bank transfer (automatic),31.74,1682.22,No
85345555,Male,0,No,No,27,Yes,No,DSL,No,No,Yes,No,No,Yes,One year,Yes,Electronic check,28.7,797.86,No
82340307,Male,0,No,Yes,41,Yes,No,Fiber optic,Yes,No,No,Yes,No,Yes,Month-to-month,No,Electronic check,31.48,1322.16,No
45264581,Male,0,Yes,No,72,Yes,No,DSL,Yes,No,No,No,Yes,Yes,Month-to-month,Yes,Mailed check,37.21,2716.33,Yes
88461803,Male,0,No,No,60,Yes,No,Fiber optic,Yes,Yes,No,No,Yes,Yes,One year,Yes,Mailed check,27.56,1681.16,No
67503414,Male,0,No,No,32,Yes,No,DSL,No,No,Yes,No,No,Yes,Month-to-month,Yes,Credit card (automatic),26.92,888.36,No
88320463,Female,0,No,No,54,Yes,No,No,No internet service,No internet service,No internet service,No internet service,No internet service,No internet service,Two year,No,Electronic check,61.78,3397.9,No
63606628,Male,0,No,Yes,36,Yes,No,Fiber optic,No,No,No,No,No,Yes,Month-to-month,No,Electronic check,101.68,3762.16,No
58586340,Male,0,No,Yes,46,Yes,Yes,Fiber optic,No,Yes,Yes,No,Yes,Yes,Month-to-month,No,Electronic check,83.21,3910.87,Yes
39436733,Male,0,Yes,Yes,35,Yes,Yes,Fiber optic,No,Yes,No,No,No,No,Month-to-month,Yes,Credit card (automatic),42.22,1519.92,Yes
28566572,Male,0,No,No,27,Yes,No,DSL,No,Yes,Yes,Yes,Yes,No,Month-to-month,No,Electronic check,49.3,1380.4,No
78387461,Female,0,No,Yes,9,Yes,Yes,No,No internet service,No internet service,No internet service,No internet service,No internet service,No internet service,Two year,No,Credit card (automatic),126.91,1269.1,No
76238574,Female,1,Yes,Yes,22,Yes,No,Fiber optic,No,No,Yes,No,Yes,No,Month-to-month,No,Credit card (automatic),55.03,1265.69,Yes
22201654,Female,0,Yes,No,4,Yes,Yes,Fiber optic,No,Yes,No,Yes,Yes,No,Month-to-month,Yes,Electronic check,37.39,186.95,No
16323852,Female,0,No,Yes,5,Yes,No,DSL,No,Yes,Yes,No,No,Yes,Month-to-month,Yes,Electronic check,61.35,355.83,No
24716857,Male,0,Yes,Yes,41,Yes,No,DSL,No,Yes,No,No,No,Yes,Month-to-month,Yes,Mailed check,52.92,2212.06,No
30514014,Male,0,No,No,46,Yes,No,Fiber optic,Yes,No,Yes,Yes,Yes,No,Month-to-month,No,Credit card (automatic),44.31,2082.57,No
94214382,Female,1,Yes,Yes,27,Yes,Yes,DSL,Yes,Yes,No,No,Yes,Yes,Month-to-month,No,Electronic check,71.04,1989.12,No
31472420,Male,0,Yes,No,12,Yes,No,Fiber optic,No,No,Yes,No,No,No,One year,Yes,Electronic check,108.0,1404.0,No
66661351,Female,0,Yes,No,24,Yes,Yes,Fiber optic,Yes,Yes,No,No,No,No,Month-to-month,Yes,Bank transfer (automatic),30.39,759.75,Yes
90048665,Female,0,Yes,Yes,6,Yes,No,DSL,Yes,Yes,Yes,Yes,Yes,Yes,Month-to-month,No,Bank transfer (automatic),81.65,571.55,Yes
18526544,Female,0,Yes,No,65,Yes,No,DSL,No,No,No,No,No,No,Two year,No,Mailed check,99.64,6576.24,No
61642594,Female,1,No,No,57,Yes,No,No,No internet service,No internet service,No internet service,No internet service,No internet service,No internet service,Month-to-month,Yes,Credit card (automatic),83.52,4844.16,Yes
61220073,Male,0,No,No,65,Yes,No,No,No internet service,No internet service,No internet service,No internet service,No internet service,No internet service,One year,Yes,Mailed check,101.04,6668.64,No
89978790,Female,0,No,No,35,Yes,No,DSL,No,No,Yes,No,No,Yes,Month-to-month,No,Bank transfer (automatic),86.12,3104.63,No
72820592,Male,0,Yes,No,1,Yes,Yes,DSL,Yes,No,Yes,No,Yes,No,Month-to-month,Yes,Bank transfer (automatic),49.08,98.16,Yes
81016525,Male,0,No,Yes,37,Yes,No,Fiber optic,No,Yes,No,Yes,No,Yes,Month-to-month,No,Credit card (automatic),123.88,4707.44,No
43744231,Female,0,No,No,13,Yes,No,DSL,No,Yes,Yes,No,No,Yes,Month-to-month,Yes,Mailed check,85.6,1202.68,No
84252722,Male,0,No,No,26,Yes,Yes,No,No internet service,No internet service,No internet service,No internet service,No internet service,No internet service,Two year,Yes,Mailed check,138.53,3712.6,Yes
11540956,Male,0,No,No,14,Yes,No,Fiber optic,No,No,No,Yes,No,No,Month-to-month,Yes,Mailed check,18.0,270.0,No
25374874,Female,0,Yes,No,11,Yes,Yes,No,No internet service,No internet service,No internet service,No internet service,No internet service,No internet service,Two year,No,Electronic check,141.71,1707.61,No
82070937,Male,1,Yes,Yes,42,Yes,Yes,No,No internet service,No internet service,No internet service,No internet service,No internet service,No internet service,Month-to-month,Yes,Bank transfer (automatic),95.91,4124.13,No
45812670,Female,0,Yes,No,56,Yes,No,Fiber optic,No,Yes,Yes,Yes,No,No,Month-to-month,Yes,Credit card (automatic),84.11,4794.27,Yes
96028436,Female,0,Yes,No,47,Yes,No,Fiber optic,Yes,No,Yes,No,No,Yes,Two year,No,Credit card (automatic),42.34,2032.32,No
55657579,Female,0,No,No,60,Yes,No,No,No internet service,No internet service,No internet service,No internet service,No internet service,No internet service,Month-to-month,No,Bank transfer (automatic),92.24,5626.64,No
24972279,Male,0,Yes,Yes,43,Yes,No,Fiber optic,Yes,Yes,No,Yes,Yes,No,Month-to-month,No,Bank transfer (automatic),105.94,4661.36,Yes
49392920,Male,0,No,No,51,Yes,Yes,DSL,Yes,No,No,No,Yes,Yes,Month-to-month,Yes,Bank transfer (automatic),18.0,936.0,Yes
68353204,Female,0,No,No,61,Yes,Yes,Fiber optic,Yes,No,No,No,No,Yes,Two year,Yes,Bank transfer (automatic),87.1,5400.2,No
31227574,Female,0,No,Yes,1,Yes,No,Fiber optic,Yes,Yes,No,No,No,No,One year,Yes,Electronic check,50.61,101.22,No
70897765,Male,0,No,Yes,70,Yes,No,No,No internet service,No internet service,No internet service,No internet service,No internet service,No internet service,Two year,Yes,Mailed check,87.33,6200.43,No
10435578,Female,0,Yes,Yes,30,Yes,Yes,Fiber optic,No,No,No,Yes,No,No,One year,Yes,Electronic check,39.09,1211.79,No
45351479,Female,0,No,No,72,Yes,No,DSL,No,Yes,No,No,Yes,Yes,Month-to-month,No,Mailed check,108.14,7894.22,No
77187530,Female,0,Yes,No,71,Yes,No,DSL,No,Yes,No,Yes,Yes,No,One year,Yes,Electronic check,67.6,4870.58,No
33978249,Male,0,No,No,32,Yes,Yes,No,No internet service,No internet service,No internet service,No internet service,No internet service,No internet service,Month-to-month,Yes,Electronic check,92.49,3052.17,No
78139880,Female,1,No,Yes,4,Yes,No,No,No internet service,No internet service,No internet service,No internet service,No internet service,No internet service,Month-to-month,No,Bank transfer (automatic),98.99,494.95,No
24282218,Male,1,No,No,57,Yes,No,Fiber optic,Yes,No,No,No,No,Yes,Month-to-month,Yes,Bank transfer (automatic),78.97,4584.21,Yes
93926371,Male,0,Yes,No,10,Yes,Yes,DSL,Yes,No,Yes,Yes,Yes,Yes,Month-to-month,No,Mailed check,43.93,474.44,No
50056581,Female,0,No,No,22,Yes,No,DSL,Yes,No,Yes,No,No,Yes,Month-to-month,No,Electronic check,88.99,2046.77,No
95758349,Male,0,Yes,Yes,44,Yes,No,Fiber optic,No,No,Yes,Yes,Yes,Yes,Month-to-month,Yes,Credit card (automatic),67.13,3020.85,Yes
78137358,Female,0,Yes,Yes,26,Yes,No,No,No internet service,No internet service,No internet service,No internet service,No internet service,No internet service,Month-to-month,Yes,Electronic check,75.7,2043.9,Yes
91734598,Male,1,No,No,55,Yes,No,No,No internet service,No internet service,No internet service,No internet service,No internet service,No internet service,Month-to-month,Yes,Mailed check,59.05,3294.99,No
36697396,Male,0,Yes,No,58,Yes,No,No,No internet service,No internet service,No internet service,No internet service,No internet service,No internet service,Month-to-month,No,Electronic check,18.0,1062.9,No
30513739,Male,0,No,No,39,Yes,Yes,Fiber optic,No,No,No,Yes,No,Yes,Two year,Yes,Electronic check,71.76,2870.4,Yes
60185867,Female,0,Yes,Yes,17,Yes,No,No,No internet service,No internet service,No internet service,No internet service,No internet service,No internet service,Month-to-month,Yes,Mailed check,52.05,936.9,No
31682744,Male,0,No,No,50,Yes,No,DSL,No,Yes,No,Yes,No,No,Month-to-month,Yes,Electronic check,79.0,4029.0,Yes
82394227,Female,0,Yes,Yes,60,Yes,Yes,DSL,No,No,No,Yes,No,No,Month-to-month,Yes,Mailed check,68.92,4207.57,Yes
81182864,Female,0,No,No,22,Yes,Yes,No,No internet service,No internet service,No internet service,No internet service,No internet service,No internet service,One year,No,Bank transfer (automatic),54.21,1246.83,No
10076758,Female,0,No,No,35,Yes,No,DSL,No,Yes,Yes,No,No,No,Month-to-month,No,Mailed check,134.0,4824.0,No
90388981,Male,0,No,No,37,Yes,No,Fiber optic,No,No,Yes,No,No,No,One year,No,Mailed check,60.63,2303.94,No
53507489,Male,0,Yes,No,71,Yes,Yes,Fiber optic,Yes,No,No,No,Yes,No,Two year,Yes,Electronic check,72.4,5212.8,Yes
75579548,Female,0,No,No,55,No,No phone service,DSL,Yes,No,Yes,No,Yes,Yes,One year,No,Bank transfer (automatic),126.35,7075.6,No
12614124,Male,0,Yes,No,38,No,No phone service,DSL,No,Yes,No,Yes,Yes,No,Two year,No,Bank transfer (automatic),39.75,1550.25,No
25014631,Female,0,Yes,No,68,Yes,No,DSL,No,No,No,No,Yes,Yes,Month-to-month,No,Bank transfer (automatic),95.2,6568.8,No
58718453,Male,0,Yes,No,27,Yes,Yes,Fiber optic,Yes,No,Yes,No,Yes,No,Two year,No,Electronic check,47.58,1332.24,Yes
51273847,Female,1,No,Yes,20,Yes,Yes,DSL,No,Yes,No,No,No,Yes,One year,Yes,Credit card (automatic),63.07,1324.47,Yes
42138745,Male,1,Yes,No,61,Yes,No,Fiber optic,Yes,Yes,Yes,Yes,No,Yes,One year,Yes,Bank transfer (automatic),81.89,5077.18,No
17774584,Female,1,No,Yes,22,Yes,No,Fiber optic,No,No,No,Yes,No,Yes,One year,Yes,Electronic check,104.39,2400.97,No
42329237,Male,0,No,Yes,20,Yes,No,DSL,Yes,No,No,Yes,Yes,No,Month-to-month,Yes,Credit card (automatic),39.32,825.72,No
86149359,Female,0,Yes,No,15,Yes,No,DSL,No,Yes,Yes,No,Yes,No,One year,No,Bank transfer (automatic),77.68,1227.34,No
20570592,Female,0,No,No,61,Yes,Yes,Fiber optic,Yes,Yes,No,Yes,No,Yes,Month-to-month,Yes,Bank transfer (automatic),47.72,2958.64,Yes
21496211,Female,1,Yes,No,64,No,No phone service,DSL,No,Yes,No,No,No,No,Month-to-month,Yes,Mailed check,89.35,5807.75,Yes
75228535,Male,1,No,No,4,Yes,No,Fiber optic,Yes,No,No,Yes,Yes,Yes,Month-to-month,Yes,Mailed check,99.09,495.45,No
19289546,Male,1,Yes,No,45,Yes,Yes,No,No internet service,No internet service,No internet service,No internet service,No internet service,No internet service,Month-to-month,No,Bank transfer (automatic),90.04,4141.84,No
81498611,Female,0,No,No,63,Yes,No,DSL,Yes,No,No,Yes,No,No,Two year,Yes,Credit card (automatic),45.85,2936.69,No
26879290,Male,1,Yes,No,40,Yes,No,No,No internet service,No internet service,No internet service,No internet service,No internet service,No internet service,Month-to-month,Yes,Credit card (automatic),36.91,1513.31,No
27232410,Male,0,Yes,No,43,Yes,Yes,Fiber optic,No,No,No,Yes,No,No,Month-to-month,Yes,Credit card (automatic),64.84,2852.96,No
98550256,Male,0,Yes,Yes,14,Yes,Yes,Fiber optic,No,Yes,No,No,No,No,Two year,Yes,Bank transfer (automatic),33.18,497.7,No
73791320,Male,0,Yes,Yes,67,Yes,No,No,No internet service,No internet service,No internet service,No internet service,No internet service,No internet service,Month-to-month,Yes,Electronic check,85.42,5808.56,No
83793389,Female,0,Yes,No,50,Yes,No,Fiber optic,No,Yes,Yes,No,Yes,No,Month-to-month,Yes,Bank transfer (automatic),112.4,5732.4,Yes
32162965,Female,0,Yes,No,53,Yes,Yes,DSL,Yes,No,Yes,No,Yes,Yes,Month-to-month,Yes,Electronic check,46.38,2506.84,No
45575298,Male,0,No,Yes,67,Yes,No,DSL,No,No,Yes,Yes,Yes,No,Month-to-month,Yes,Bank transfer (automatic),85.69,5831.2,Yes
80823176,Male,0,No,No,41,No,No phone service,Fiber optic,Yes,Yes,No,Yes,No,No,One year,Yes,Electronic check,46.23,1941.66,No
91415657,Male,0,No,No,45,Yes,No,DSL,No,No,No,No,No,No,Month-to-month,No,Mailed check,107.69,4953.74,Yes
66792612,Female,1,No,No,24,Yes,No,Fiber optic,Yes,Yes,Yes,No,Yes,Yes,One year,No,Bank transfer (automatic),100.35,2508.75,No
38427073,Female,0,No,No,66,Yes,No,Fiber optic,No,Yes,Yes,Yes,No,No,Month-to-month,Yes,Credit card (automatic),67.6,4529.2,No
82383095,Male,0,No,No,34,Yes,No,DSL,Yes,No,Yes,No,No,Yes,Two year,Yes,Credit card (automatic),92.95,3257.9,No
36998038,Male,0,No,No,72,Yes,No,Fiber optic,Yes,No,No,Yes,Yes,No,One year,No,Electronic check,95.12,6943.76,No
51837852,Male,1,Yes,No,21,Yes,Yes,Fiber optic,No,No,No,No,No,No,Two year,Yes,Electronic check,34.23,753.06,No
63551839,Male,0,No,No,8,Yes,No,Fiber optic,No,No,No,Yes,Yes,No,Month-to-month,Yes,Credit card (automatic),84.85,763.65,Yes
97225156,Male,0,Yes,No,23,Yes,No,Fiber optic,Yes,No,No,No,No,No,One year,No,Bank transfer (automatic),51.34,1232.16,No
60119651,Female,0,No,No,22,Yes,No,DSL,Yes,Yes,Yes,Yes,Yes,Yes,One year,No,Electronic check,73.72,1695.56,No
68800797,Female,0,No,Yes,60,Yes,No,Fiber optic,No,No,No,No,No,No,Two year,Yes,Bank transfer (automatic),59.67,3639.87,No
79467853,Male,0,Yes,Yes,36,Yes,No,No,No internet service,No internet service,No internet service,No internet service,No internet service,No internet service,Month-to-month,Yes,Bank transfer (automatic),70.87,2622.19,No
70597444,Male,1,No,No,44,Yes,Yes,Fiber optic,No,No,No,No,Yes,No,Two year,No,Credit card (automatic),97.61,4392.45,No
26240908,Female,0,Yes,No,14,Yes,No,No,No internet service,No internet service,No internet service,No internet service,No internet service,No internet service,Month-to-month,Yes,Credit card (automatic),35.69,535.35,Yes
43273328,Female,0,Yes,No,56,Yes,No,DSL,No,No,No,No,Yes,No,Month-to-month,No,Bank transfer (automatic),18.0,1026.0,No
40158366,Male,1,Yes,No,13,No,No phone service,No,No internet service,No internet service,No internet service,No internet service,No internet service,No internet service,Month-to-month,Yes,Bank transfer (automatic),56.57,791.98,No
18593410,Female,1,No,Yes,51,Yes,No,Fiber optic,Yes,No,No,Yes,No,No,Month-to-month,No,Bank transfer (automatic),103.16,5343.69,Yes
55377076,Female,0,No,Yes,35,Yes,No,No,No internet service,No internet service,No internet service,No internet service,No internet service,No internet service,Month-to-month,Yes,Electronic check,43.05,1549.8,No
12823170,Male,1,No,No,26,Yes,No,DSL,Yes,No,No,No,No,Yes,One year,Yes,Bank transfer (automatic),54.53,1461.4,Yes
88961459,Male,0,Yes,Yes,16,Yes,No,Fiber optic,Yes,No,Yes,No,No,No,Month-to-month,No,Mailed check,105.01,1785.17,No
84346088,Male,0,No,No,40,Yes,No,Fiber optic,No,No,No,No,No,No,Month-to-month,Yes,Credit card (automatic),111.54,4573.14,No
40885476,Female,0,No,No,3,Yes,No,Fiber optic,No,No,Yes,No,Yes,Yes,Month-to-month,Yes,Bank transfer (automatic),90.78,363.12,Yes
88979095,Male,0,Yes,No,2,Yes,No,DSL,No,No,No,No,Yes,Yes,Two year,Yes,Mailed check,82.24,250.83,Yes
39557077,Female,0,No,No,18,Yes,No,DSL,No,No,Yes,No,No,No,Month-to-month,Yes,Credit card (automatic),100.03,1900.57,No
10965138,Female,0,Yes,No,40,Yes,No,Fiber optic,Yes,No,Yes,No,No,Yes,Month-to-month,Yes,Electronic check,57.54,2359.14,No
19528530,Male,0,Yes,No,39,Yes,Yes,No,No internet service,No internet service,No internet service,No internet service,No internet service,No internet service,Month-to-month,Yes,Mailed check,90.78,3631.2,Yes
94705205,Male,0,Yes,No,57,Yes,No,Fiber optic,No,No,No,Yes,No,No,Month-to-month,Yes,Electronic check,46.08,2672.64,No
17901903,Male,0,No,No,38,No,No phone service,Fiber optic,No,No,Yes,Yes,No,No,Month-to-month,No,Bank transfer (automatic),118.55,4623.45,No
40728046,Male,0,Yes,No,6,Yes,No,No,No internet service,No internet service,No internet service,No internet service,No internet service,No internet service,Month-to-month,No,Bank transfer (automatic),101.29,709.03,No
19046318,Male,0,Yes,Yes,35,Yes,No,Fiber optic,No,No,Yes,No,No,Yes,Month-to-month,Yes,Mailed check,89.75,3231.0,Yes
14216175,Female,0,Yes,No,19,No,No phone service,Fiber optic,Yes,No,Yes,Yes,Yes,No,Month-to-month,No,Electronic check,59.74,1194.8,No
54349361,Female,0,Yes,No,28,Yes,No,DSL,No,No,No,No,No,No,Two year,Yes,Mailed check,90.8,2615.04,Yes
19510312,Female,0,Yes,Yes,67,Yes,Yes,Fiber optic,No,No,No,Yes,Yes,Yes,Month-to-month,No,Mailed check,69.44,4725.39,No
79008866,Female,0,Yes,Yes,65,Yes,Yes,Fiber optic,No,Yes,Yes,Yes,No,No,Month-to-month,Yes,Electronic check,53.31,3521.13,Yes
41944441,Male,0,No,Yes,46,Yes,No,DSL,Yes,Yes,No,No,Yes,No,One year,No,Electronic check,87.55,4114.85,Yes
47376585,Female,0,Yes,No,22,Yes,No,Fiber optic,No,Yes,No,Yes,Yes,No,Month-to-month,No,Credit card (automatic),18.0,414.0,Yes
99788677,Male,1,No,No,5,No,No phone service,DSL,No,Yes,Yes,Yes,Yes,No,One year,Yes,Credit card (automatic),96.6,579.6,No
75151231,Male,0,No,Yes,17,No,No phone service,DSL,Yes,Yes,No,Yes,No,No,Month-to-month,Yes,Electronic check,39.1,703.8,Yes
38754377,Male,0,Yes,No,52,Yes,No,Fiber optic,Yes,Yes,No,Yes,Yes,No,Two year,Yes,Credit card (automatic),91.99,4875.47,No
82374753,Male,0,Yes,No,21,Yes,No,Fiber optic,Yes,No,Yes,No,Yes,No,Month-to-month,No,Mailed check,25.29,551.32,No
27758595,Male,1,No,No,67,Yes,No,DSL,No,No,No,No,No,Yes,Two year,Yes,Credit card (automatic),57.59,3916.12,No
86644106,Male,0,Yes,No,34,Yes,No,DSL,No,No,Yes,No,No,Yes,One year,No,Bank transfer (automatic),83.62,2926.7,No
87337818,Female,0,Yes,Yes,8,Yes,Yes,Fiber optic,No,Yes,No,No,Yes,Yes,Month-to-month,No,Credit card (automatic),96.12,865.08,Yes
73440831,Male,0,Yes,No,30,Yes,No,DSL,No,Yes,Yes,No,Yes,No,Month-to-month,Yes,Bank transfer (automatic),49.27,1527.37,Yes
42614537,Female,0,No,No,42,Yes,No,Fiber optic,Yes,No,No,No,Yes,Yes,Month-to-month,No,Electronic check,42.24,1816.32,Yes
73481353,Female,0,No,No,16,Yes,No,No,No internet service,No internet service,No internet service,No internet service,No internet service,No internet service,Two year,No,Credit card (automatic),100.66,1711.22,No
64634663,Male,0,No,No,50,Yes,Yes,Fiber optic,Yes,Yes,Yes,Yes,No,No,Month-to-month,No,Credit card (automatic),127.04,6479.04,No
35556386,Female,0,No,No,65,Yes,Yes,DSL,Yes,Yes,No,Yes,Yes,Yes,Month-to-month,Yes,Electronic check,42.7,2818.2,No
22660194,Male,0,Yes,Yes,23,Yes,Yes,DSL,Yes,Yes,No,No,No,No,Month-to-month,Yes,Electronic check,18.0,432.0,No
23009833,Male,0,Yes,No,14,Yes,No,DSL,No,No,No,Yes,Yes,No,Month-to-month,Yes,Bank transfer (automatic),115.62,1740.08,Yes
98447167,Male,0,Yes,No,27,Yes,No,DSL,No,Yes,No,Yes,Yes,No,Month-to-month,Yes,Bank transfer (automatic),65.58,1836.24,No
67854710,Female,0,Yes,Yes,2,Yes,No,DSL,Yes,Yes,Yes,Yes,No,No,Month-to-month,Yes,Electronic check,42.84,128.52,Yes
57553014,Female,0,Yes,Yes,28,Yes,No,DSL,No,No,No,No,No,No,Two year,No,Credit card (automatic),71.75,2080.75,No
66851760,Male,1,Yes,No,51,No,No phone service,No,No internet service,No internet service,No internet service,No internet service,No internet service,No internet service,Month-to-month,Yes,Bank transfer (automatic),128.34,6673.68,No
65177213,Female,1,Yes,No,53,Yes,No,No,No internet service,No internet service,No internet service,No internet service,No internet service,No internet service,Two year,Yes,Credit card (automatic),89.73,4849.91,No
72682989,Male,0,Yes,Yes,57,No,No phone service,Fiber optic,No,No,No,No,Yes,No,Month-to-month,No,Mailed check,93.42,5423.03,No
17270733,Male,0,Yes,No,44,Yes,No,DSL,Yes,Yes,Yes,No,No,No,One year,Yes,Electronic check,74.85,3368.25,No
97705310,Male,0,No,No,49,Yes,No,No,No internet service,No internet service,No internet service,No internet service,No internet service,No internet service,Month-to-month,Yes,Credit card (automatic),84.31,4215.5,No
96728778,Female,0,No,No,21,Yes,No,DSL,Yes,Yes,Yes,Yes,No,Yes,Month-to-month,No,Credit card (automatic),120.92,2660.24,Yes
23209423,Female,0,No,Yes,51,Yes,No,DSL,No,No,No,Yes,Yes,Yes,Month-to-month,No,Electronic check,42.92,2231.84,No
18135295,Male,1,Yes,No,52,No,No phone service,DSL,No,Yes,No,No,No,Yes,One year,Yes,Bank transfer (automatic),92.8,4918.4,No
64038913,Female,0,Yes,Yes,30,Yes,No,Fiber optic,Yes,No,No,Yes,Yes,No,Two year,Yes,Electronic check,68.96,2137.76,No
55540424,Female,0,Yes,No,70,Yes,Yes,Fiber optic,Yes,Yes,No,No,No,No,Two year,Yes,Mailed check,68.11,4835.81,No
24665841,Male,0,Yes,No,47,Yes,No,DSL,No,Yes,No,No,No,No,Month-to-month,Yes,Credit card (automatic),35.67,1712.16,Yes
43374088,Male,0,Yes,No,30,Yes,No,DSL,Yes,Yes,Yes,No,No,Yes,Month-to-month,No,Bank transfer (automatic),82.62,2544.7,No
35714784,Male,0,No,No,3,No,No phone service,No,No internet service,No internet service,No internet service,No internet service,No internet service,No internet service,Two year,Yes,Credit card (automatic),87.47,349.88,No
35529407,Male,0,No,Yes,34,Yes,No,Fiber optic,No,Yes,Yes,No,Yes,Yes,Month-to-month,Yes,Bank transfer (automatic),64.4,2254.0,Yes
81979055,Female,0,Yes,No,66,Yes,No,DSL,Yes,No,No,Yes,No,No,Two year,No,Credit card (automatic),113.42,7599.14,No
70211891,Male,1,Yes,Yes,63,Yes,No,Fiber optic,No,No,No,Yes,No,Yes,Month-to-month,Yes,Mailed check,72.5,4640.0,Yes
28814949,Male,0,Yes,No,8,Yes,No,DSL,No,No,No,Yes,Yes,Yes,Two year,Yes,Mailed check,18.0,162.0,No
66623995,Female,1,Yes,Yes,45,Yes,No,Fiber optic,No,No,Yes,No,Yes,Yes,Month-to-month,Yes,Bank transfer (automatic),86.49,3978.54,Yes
34627347,Male,0,Yes,No,55,Yes,Yes,DSL,Yes,No,No,Yes,Yes,No,Month-to-month,Yes,Electronic check,35.12,1966.72,No
47385696,Male,0,Yes,No,55,Yes,Yes,Fiber optic,Yes,Yes,No,Yes,No,No,Month-to-month,Yes,Bank transfer (automatic),112.85,6319.6,Yes
72092888,Male,0,Yes,No,25,Yes,No,Fiber optic,No,No,Yes,Yes,Yes,Yes,One year,Yes,Credit card (automatic),126.28,3283.28,No
43528453,Male,0,Yes,Yes,59,Yes,Yes,No,No internet service,No internet service,No internet service,No internet service,No internet service,No internet service,Month-to-month,Yes,Electronic check,100.22,6013.2,Yes
20117988,Male,1,Yes,No,71,Yes,No,DSL,Yes,No,No,Yes,No,Yes,One year,Yes,Mailed check,69.98,5024.56,No
69476001,Female,0,Yes,Yes,47,Yes,Yes,Fiber optic,No,Yes,Yes,Yes,No,No,Two year,Yes,Credit card (automatic),88.03,4225.44,No
83863413,Female,0,Yes,No,57,Yes,No,No,No internet service,No internet service,No internet service,No internet service,No internet service,No internet service,Two year,No,Electronic check,47.57,2759.06,No
23141087,Male,0,No,No,62,Yes,No,Fiber optic,No,Yes,No,Yes,No,No,Two year,No,Credit card (automatic),88.38,5567.94,No
16789850,Male,0,Yes,No,57,Yes,No,No,No internet service,No internet service,No internet service,No internet service,No internet service,No internet service,Month-to-month,Yes,Bank transfer (automatic),46.15,2676.7,No
97529405,Male,1,No,No,2,No,No phone service,No,No internet service,No internet service,No internet service,No internet service,No internet service,No internet service,Month-to-month,No,Credit card (automatic),126.39,385.49,No
82556484,Male,0,No,Yes,6,Yes,No,Fiber optic,No,Yes,Yes,No,No,No,One year,No,Electronic check,40.43,283.01,No
11980765,Male,0,No,No,51,No,No phone service,DSL,Yes,No,Yes,Yes,Yes,Yes,One year,No,Credit card (automatic),20.85,1084.2,No
22517517,Male,0,No,Yes,61,Yes,No,Fiber optic,No,No,No,No,Yes,Yes,Month-to-month,No,Electronic check,65.06,4033.72,No
41726318,Male,1,No,No,1,Yes,Yes,Fiber optic,No,No,Yes,No,Yes,No,Month-to-month,No,Mailed check,87.77,175.54,No
32321899,Male,0,No,No,32,Yes,No,Fiber optic,Yes,Yes,Yes,No,Yes,Yes,Two year,No,Electronic check,139.53,4604.49,Yes
64547971,Male,0,Yes,No,11,Yes,Yes,Fiber optic,Yes,No,Yes,Yes,No,Yes,Month-to-month,Yes,Bank transfer (automatic),48.29,579.48,No
75181648,Male,0,Yes,No,47,Yes,No,Fiber optic,Yes,Yes,No,Yes,No,No,Month-to-month,No,Credit card (automatic),71.88,3450.24,No
74606833,Male,0,No,No,52,Yes,Yes,Fiber optic,No,Yes,Yes,No,No,Yes,Month-to-month,Yes,Electronic check,69.97,3708.41,Yes
38688676,Female,0,No,No,40,Yes,Yes,Fiber optic,No,Yes,Yes,Yes,Yes,Yes,Two year,No,Credit card (automatic),38.41,1574.81,No
63826716,Female,0,No,No,57,Yes,Yes,DSL,No,Yes,No,Yes,Yes,No,Two year,No,Bank transfer (automatic),39.97,2318.26,No
17869910,Female,0,No,No,67,Yes,No,No,No internet service,No internet service,No internet service,No internet service,No internet service,No internet service,Month-to-month,Yes,Credit card (automatic),18.0,1224.9,No
32097220,Male,0,No,No,22,Yes,No,No,No internet service,No internet service,No internet service,No internet service,No internet service,No internet service,One year,Yes,Bank transfer (automatic),115.82,2663.86,No
60864911,Female,0,No,Yes,35,No,No phone service,Fiber optic,No,Yes,Yes,No,No,No,Two year,Yes,Electronic check,46.17,1662.12,No
10289289,Female,0,No,No,20,Yes,No,DSL,No,No,Yes,No,Yes,No,One year,Yes,Bank transfer (automatic),18.0,378.0,No
62401521,Male,0,No,Yes,71,Yes,No,DSL,No,No,Yes,No,No,No,One year,Yes,Credit card (automatic),58.4,4204.8,Yes
45594951,Female,1,No,No,54,Yes,Yes,DSL,No,No,No,No,Yes,Yes,Month-to-month,Yes,Electronic check,106.56,5860.8,Yes
71070189,Male,1,No,Yes,55,Yes,No,DSL,No,No,No,No,No,No,One year,No,Electronic check,85.47,4786.32,No
48285503,Female,0,No,No,12,Yes,No,Fiber optic,No,Yes,Yes,Yes,No,Yes,Two year,Yes,Mailed check,85.33,1109.29,No
66775103,Female,0,No,No,21,Yes,Yes,DSL,Yes,Yes,No,No,No,Yes,Month-to-month,Yes,Electronic check,118.56,2584.61,Yes
84593961,Male,0,Yes,Yes,6,Yes,Yes,DSL,Yes,No,No,No,No,No,Month-to-month,Yes,Mailed check,101.26,708.82,Yes
98834863,Female,0,Yes,No,23,Yes,No,Fiber optic,No,No,No,No,Yes,Yes,Two year,Yes,Credit card (automatic),18.0,432.0,No
75319931,Female,0,No,No,60,Yes,No,No,No internet service,No internet service,No internet service,No internet service,No internet service,No internet service,Month-to-month,Yes,Electronic check,55.68,3399.26,Yes
30776478,Male,0,No,Yes,4,Yes,No,DSL,No,No,No,No,No,No,Two year,No,Electronic check,83.04,415.2,No
35487660,Male,0,Yes,No,49,No,No phone service,Fiber optic,Yes,No,Yes,Yes,No,Yes,Two year,Yes,Electronic check,75.68,3784.0,No
49823450,Female,1,Yes,Yes,61,Yes,No,No,No internet service,No internet service,No internet service,No internet service,No internet service,No internet service,Month-to-month,Yes,Bank transfer (automatic),86.67,5373.54,No
39219319,Male,0,No,Yes,54,Yes,No,No,No internet service,No internet service,No internet service,No internet service,No internet service,No internet service,Month-to-month,Yes,Electronic check,150.5,8277.5,No
17849494,Female,0,No,No,25,Yes,No,Fiber optic,No,Yes,No,Yes,No,No,Month-to-month,Yes,Credit card (automatic),40.91,1065.71,No
87736262,Female,0,No,No,9,Yes,No,DSL,Yes,Yes,Yes,No,No,Yes,Month-to-month,No,Bank transfer (automatic),18.0,176.4,No
82772208,Male,0,No,No,10,Yes,No,DSL,No,No,No,No,No,Yes,Month-to-month,No,Bank transfer (automatic),18.0,194.4,No
18181586,Male,0,Yes,No,39,Yes,Yes,DSL,Yes,No,No,No,No,No,Month-to-month,Yes,Electronic check,97.65,3906.0,Yes
52091325,Male,0,Yes,No,10,Yes,Yes,Fiber optic,No,Yes,No,Yes,No,Yes,Month-to-month,No,Mailed check,65.2,717.2,No
17672593,Male,0,Yes,No,3,Yes,Yes,DSL,No,Yes,Yes,No,No,Yes,Month-to-month,Yes,Mailed check,25.33,101.32,No
16729990,Male,0,No,No,1,Yes,No,Fiber optic,Yes,No,Yes,Yes,Yes,Yes,One year,Yes,Mailed check,62.95,113.31,No
88406989,Male,1,Yes,Yes,38,Yes,Yes,DSL,No,No,Yes,No,No,Yes,Month-to-month,Yes,Bank transfer (automatic),55.6,2168.4,Yes
73993471,Female,0,No,No,22,Yes,No,Fiber optic,No,No,No,No,No,No,Two year,No,Mailed check,59.39,1365.97,No
77491435,Male,0,No,No,44,Yes,No,DSL,No,Yes,Yes,No,Yes,No,Two year,Yes,Electronic check,18.0,806.4,No
81286543,Female,0,No,No,41,No,No phone service,Fiber optic,No,No,No,No,No,No,Two year,Yes,Mailed check,87.78,3686.76,No
31130263,Female,0,No,Yes,41,No,No phone service,Fiber optic,No,Yes,Yes,No,No,No,Month-to-month,Yes,Credit card (automatic),91.53,3848.84,No
17634247,Female,0,Yes,No,28,Yes,No,Fiber optic,Yes,Yes,Yes,Yes,Yes,Yes,Month-to-month,No,Credit card (automatic),73.87,2127.46,Yes
78159587,Female,0,No,Yes,15,Yes,No,DSL,Yes,Yes,Yes,No,No,Yes,Month-to-month,No,Credit card (automatic),67.71,1083.36,No
20752378,Male,1,Yes,No,66,Yes,No,DSL,Yes,No,No,Yes,Yes,Yes,Month-to-month,Yes,Electronic check,75.37,5049.79,Yes
34941004,Male,1,Yes,No,59,Yes,No,DSL,No,Yes,No,No,No,Yes,One year,No,Electronic check,71.48,4288.8,No
19196777,Male,0,Yes,No,3,Yes,No,Fiber optic,Yes,Yes,No,No,No,No,Month-to-month,Yes,Credit card (automatic),18.0,72.0,No
89864260,Female,1,Yes,No,15,Yes,No,DSL,Yes,No,No,No,Yes,Yes,Month-to-month,Yes,Bank transfer (automatic),44.86,717.76,No
19121552,Female,0,No,No,40,No,No phone service,Fiber optic,No,Yes,Yes,Yes,Yes,No,Month-to-month,No,Mailed check,76.42,3133.22,Yes
41568532,Female,0,No,Yes,5,Yes,No,DSL,No,Yes,No,Yes,No,Yes,Month-to-month,Yes,Bank transfer (automatic),47.94,278.05,Yes
64193837,Female,0,Yes,No,41,Yes,No,DSL,No,No,No,No,No,No,Two year,Yes,Credit card (automatic),96.51,4053.42,No
26090908,Male,1,Yes,No,56,Yes,No,Fiber optic,No,No,No,Yes,No,No,Month-to-month,Yes,Electronic check,29.45,1678.65,Yes
86460539,Male,0,No,No,27,No,No phone service,Fiber optic,Yes,No,No,Yes,Yes,No,One year,No,Electronic check,140.46,3932.88,No
43046464,Male,0,No,No,22,Yes,No,DSL,No,No,Yes,No,No,No,Month-to-month,Yes,Bank transfer (automatic),132.21,3040.83,No
87701200,Female,0,Yes,Yes,41,Yes,No,Fiber optic,Yes,Yes,No,Yes,Yes,No,One year,No,Bank transfer (automatic),61.5,2583.0,Yes
89795010,Male,0,No,No,11,Yes,No,Fiber optic,No,No,No,No,Yes,Yes,One year,Yes,Bank transfer (automatic),25.09,301.08,No
15334035,Male,0,No,No,63,Yes,No,DSL,Yes,Yes,No,No,Yes,Yes,Month-to-month,No,Electronic check,53.92,3450.88,No
93131979,Male,1,No,Yes,57,Yes,No,DSL,Yes,No,Yes,Yes,Yes,Yes,One year,No,Bank transfer (automatic),106.41,6171.78,No
21003626,Male,0,Yes,Yes,50,Yes,Yes,Fiber optic,Yes,Yes,No,Yes,Yes,Yes,Month-to-month,Yes,Bank transfer (automatic),59.83,3039.36,No
66267415,Female,0,No,No,28,Yes,No,No,No internet service,No internet service,No internet service,No internet service,No internet service,No internet service,Two year,Yes,Electronic check,81.82,2372.78,No
98231132,Female,0,No,No,18,Yes,No,DSL,No,No,Yes,Yes,No,No,Month-to-month,No,Bank transfer (automatic),71.54,1359.26,No
88339168,Female,0,No,No,44,Yes,No,Fiber optic,No,No,Yes,No,Yes,No,Two year,Yes,Mailed check,87.16,3922.2,No
85863473,Male,0,No,No,53,Yes,No,No,No internet service,No internet service,No internet service,No internet service,No internet service,No internet service,Month-to-month,Yes,Credit card (automatic),85.02,4574.08,No
80166708,Female,0,No,No,65,Yes,No,Fiber optic,Yes,No,No,No,Yes,Yes,Month-to-month,Yes,Bank transfer (automatic),61.1,4035.66,No
52462441,Female,0,Yes,No,71,Yes,No,DSL,No,No,No,Yes,Yes,No,Month-to-month,Yes,Bank transfer (automatic),113.6,8179.2,No
44999379,Female,0,No,No,12,Yes,No,Fiber optic,No,No,No,Yes,No,Yes,Month-to-month,Yes,Credit card (automatic),85.27,1108.51,Yes
37415205,Female,0,No,Yes,64,Yes,Yes,DSL,No,Yes,No,No,No,No,Two year,Yes,Bank transfer (automatic),105.45,6854.25,No
99889098,Male,0,No,No,11,Yes,Yes,Fiber optic,No,Yes,No,No,No,Yes,Month-to-month,No,Electronic check,62.66,751.92,No
52169044,Male,0,Yes,Yes,70,Yes,No,DSL,Yes,No,No,No,Yes,Yes,Two year,No,Mailed check,65.03,4604.12,No
42035886,Female,0,Yes,No,13,Yes,No,DSL,Yes,No,Yes,Yes,Yes,Yes,Two year,Yes,Bank transfer (automatic),150.42,2105.88,No
45650176,Female,1,No,No,41,Yes,Yes,DSL,Yes,No,Yes,No,Yes,No,Month-to-month,Yes,Credit card (automatic),68.89,2221.925,No
63121477,Male,0,No,No,47,Yes,No,Fiber optic,No,No,No,Yes,Yes,Yes,Month-to-month,Yes,Electronic check,107.6,5164.8,Yes
27566185,Female,0,Yes,Yes,23,Yes,Yes,No,No internet service,No internet service,No internet service,No internet service,No internet service,No internet service,Month-to-month,Yes,Bank transfer (automatic),26.32,631.68,No
96637649,Female,0,No,Yes,64,Yes,No,Fiber optic,Yes,Yes,No,Yes,No,No,Two year,Yes,Bank transfer (automatic),80.73,5247.45,No
50264926,Female,0,Yes,No,16,Yes,Yes,DSL,Yes,Yes,No,No,Yes,Yes,Two year,Yes,Electronic check,57.77,982.09,No
71367643,Female,1,No,No,37,Yes,Yes,Fiber optic,No,Yes,Yes,Yes,Yes,Yes,Month-to-month,No,Electronic check,116.16,4414.08,Yes
52436584,Male,0,No,No,27,Yes,Yes,Fiber optic,Yes,Yes,No,Yes,Yes,Yes,Month-to-month,Yes,Mailed check,49.73,1382.49,Yes
19736572,Male,0,Yes,No,32,No,No phone service,Fiber optic,Yes,No,Yes,Yes,No,No,Month-to-month,Yes,Mailed check,57.14,1885.62,No
11250299,Female,0,No,No,23,Yes,No,Fiber optic,No,Yes,Yes,Yes,No,Yes,Two year,No,Electronic check,87.39,2097.36,No
71510041,Female,0,No,Yes,69,Yes,No,No,No internet service,No internet service,No internet service,No internet service,No internet service,No internet service,Two year,No,Electronic check,38.46,2692.2,No
93370583,Male,0,Yes,Yes,3,Yes,No,DSL,No,No,No,No,Yes,Yes,Month-to-month,Yes,Credit card (automatic),73.82,295.28,No
85563727,Male,0,No,Yes,32,Yes,Yes,DSL,No,Yes,Yes,Yes,No,No,Two year,Yes,Electronic check,51.94,1716.62,No
23419256,Male,0,Yes,No,9,Yes,No,DSL,Yes,Yes,No,No,No,No,Two year,Yes,Mailed check,74.21,742.1,No
19832887,Male,0,No,Yes,35,Yes,Yes,Fiber optic,No,Yes,Yes,No,Yes,Yes,Month-to-month,Yes,Mailed check,67.26,2421.36,No
82160068,Female,0,Yes,Yes,72,Yes,Yes,No,No internet service,No internet service,No internet service,No internet service,No internet service,No internet service,Month-to-month,Yes,Electronic check,125.07,9130.11,No
38609087,Female,1,Yes,No,30,Yes,No,No,No internet service,No internet service,No internet service,No internet service,No internet service,No internet service,Two year,Yes,Electronic check,83.88,2600.28,No
77898694,Male,0,Yes,No,3,Yes,No,No,No internet service,No internet service,No internet service,No internet service,No internet service,No internet service,Two year,Yes,Mailed check,30.82,117.12,No
45594597,Female,0,Yes,No,7,Yes,No,DSL,No,No,No,No,No,Yes,Month-to-month,Yes,Bank transfer (automatic),42.43,339.44,Yes
27778019,Male,0,No,No,26,Yes,No,Fiber optic,No,Yes,No,Yes,Yes,No,Month-to-month,Yes,Credit card (automatic),56.88,1535.76,Yes
56843172,Male,0,Yes,Yes,35,Yes,Yes,Fiber optic,No,No,Yes,Yes,Yes,No,Month-to-month,No,Credit card (automatic),49.0,1764.0,Yes
19233013,Male,0,Yes,No,8,Yes,No,No,No internet service,No internet service,No internet service,No internet service,No internet service,No internet service,Month-to-month,No,Bank transfer (automatic),112.58,1013.22,Yes
42787299,Female,0,No,Yes,42,Yes,Yes,DSL,No,Yes,Yes,No,Yes,No,Two year,Yes,Electronic check,53.26,2292.84,No
59597086,Male,0,No,No,23,Yes,Yes,DSL,Yes,Yes,Yes,Yes,No,No,Month-to-month,Yes,Bank transfer (automatic),68.88,1653.12,No
48250360,Female,0,No,No,36,Yes,Yes,No,No internet service,No internet service,No internet service,No internet service,No internet service,No internet service,Two year,Yes,Bank transfer (automatic),88.04,3257.48,No
31172421,Male,0,No,No,40,Yes,No,Fiber optic,Yes,No,No,No,Yes,Yes,Month-to-month,No,Electronic check,153.72,6271.78,Yes
68812137,Male,1,No,No,25,Yes,No,No,No internet service,No internet service,No internet service,No internet service,No internet service,No internet service,Month-to-month,Yes,Bank transfer (automatic),65.62,1709.4,No
82909480,Female,0,Yes,No,3,Yes,Yes,DSL,No,Yes,No,No,No,No,Month-to-month,Yes,Electronic check,119.84,455.39,Yes
50603163,Male,0,Yes,No,0,Yes,Yes,No,No internet service,No internet service,No internet service,No internet service,No internet service,No internet service,Month-to-month,No,Electronic check,57.06,57.06,No
92097999,Male,0,No,Yes,19,Yes,No,Fiber optic,Yes,No,Yes,No,No,Yes,Two year,Yes,Credit card (automatic),99.29,1985.8,No
97775215,Female,0,Yes,No,44,Yes,No,Fiber optic,No,No,Yes,No,No,No,Month-to-month,Yes,Mailed check,44.89,2020.05,No
80993218,Female,0,Yes,Yes,68,Yes,No,Fiber optic,No,No,Yes,Yes,No,Yes,One year,No,Electronic check,94.03,6488.07,No
11049999,Female,0,Yes,No,51,Yes,Yes,Fiber optic,No,No,Yes,Yes,Yes,Yes,Month-to-month,Yes,Bank transfer (automatic),58.84,3059.68,Yes
99639081,Female,0,Yes,No,63,Yes,No,Fiber optic,No,No,No,No,Yes,Yes,One year,Yes,Electronic check,97.37,6231.68,No
84437458,Female,0,No,Yes,20,Yes,No,DSL,No,No,No,Yes,Yes,No,Month-to-month,No,Electronic check,94.19,1977.99,No
50181935,Male,0,No,No,71,Yes,No,Fiber optic,No,No,Yes,Yes,No,Yes,Month-to-month,No,Credit card (automatic),88.79,6375.12,Yes
99038526,Female,0,No,Yes,24,Yes,Yes,Fiber optic,No,Yes,No,No,No,Yes,Two year,Yes,Mailed check,82.84,2071.0,No
23903144,Female,0,No,No,66,Yes,No,DSL,No,Yes,No,No,Yes,Yes,One year,Yes,Credit card (automatic),55.68,3733.34,No
28024248,Male,0,Yes,Yes,25,No,No phone service,DSL,No,Yes,No,Yes,No,Yes,Month-to-month,No,Credit card (automatic),91.74,2385.24,Yes
45496015,Female,0,Yes,No,26,Yes,Yes,Fiber optic,No,Yes,No,Yes,No,No,One year,Yes,Bank transfer (automatic),21.95,592.65,No
25492573,Male,0,No,No,51,Yes,No,DSL,Yes,Yes,No,Yes,Yes,No,One year,Yes,Electronic check,146.6,7630.53,No
24366125,Female,0,Yes,No,62,Yes,Yes,DSL,No,No,No,Yes,No,Yes,Month-to-month,No,Electronic check,89.33,5627.79,No
84252420,Female,0,Yes,No,44,Yes,No,No,No internet service,No internet service,No internet service,No internet service,No internet service,No internet service,Two year,Yes,Electronic check,86.27,3882.15,No
30863865,Male,0,No,Yes,57,Yes,Yes,DSL,No,No,No,No,No,No,One year,Yes,Bank transfer (automatic),84.17,4865.03,No
46553958,Male,0,No,No,37,Yes,No,DSL,No,No,No,Yes,Yes,No,Month-to-month,No,Mailed check,47.69,1812.22,Yes
47816686,Male,0,Yes,Yes,34,Yes,No,Fiber optic,No,Yes,No,Yes,No,No,Month-to-month,Yes,Mailed check,52.11,1823.85,Yes
91178885,Male,0,No,No,45,Yes,No,Fiber optic,No,Yes,Yes,Yes,Yes,No,Month-to-month,Yes,Bank transfer (automatic),77.23,3552.58,No
38270233,Male,0,No,No,70,Yes,No,Fiber optic,Yes,No,Yes,Yes,Yes,No,Month-to-month,Yes,Electronic check,55.4,3933.4,No
56020613,Female,0,Yes,No,2,Yes,Yes,No,No internet service,No internet service,No internet service,No internet service,No internet service,No internet service,Month-to-month,No,Electronic check,34.45,103.35,Yes
37326368,Female,0,No,Yes,5,Yes,Yes,Fiber optic,Yes,No,Yes,No,No,No,Month-to-month,Yes,Credit card (automatic),67.59,408.92,No
95125977,Male,0,Yes,Yes,12,Yes,No,Fiber optic,No,No,Yes,No,No,Yes,One year,No,Credit card (automatic),80.52,1050.79,No
45431319,Male,0,No,Yes,45,Yes,No,Fiber optic,No,Yes,No,No,Yes,Yes,One year,Yes,Credit card (automatic),69.64,3203.44,No
77834855,Male,0,No,No,32,Yes,Yes,Fiber optic,Yes,No,No,No,No,Yes,Month-to-month,No,Electronic check,101.57,3351.81,Yes
75569635,Female,0,No,Yes,61,Yes,No,DSL,Yes,No,No,Yes,No,No,One year,Yes,Electronic check,74.9,4643.8,No
43704923,Female,1,Yes,No,62,Yes,Yes,No,No internet service,No internet service,No internet service,No internet service,No internet service,No internet service,Month-to-month,Yes,Electronic check,117.57,7406.91,No
16818112,Male,0,Yes,Yes,55,Yes,No,DSL,Yes,No,No,No,Yes,No,Two year,Yes,Bank transfer (automatic),139.19,7794.64,No
22388090,Female,0,Yes,Yes,38,Yes,Yes,Fiber optic,No,Yes,Yes,No,Yes,Yes,Two year,Yes,Credit card (automatic),66.02,2574.78,No
95132217,Male,0,No,No,59,Yes,Yes,Fiber optic,No,No,No,No,No,No,One year,Yes,Bank transfer (automatic),36.55,2193.0,No
66851377,Male,0,Yes,Yes,23,Yes,No,No,No internet service,No internet service,No internet service,No internet service,No internet service,No internet service,Month-to-month,Yes,Bank transfer (automatic),35.69,858.34,No
47135391,Female,0,Yes,No,49,Yes,No,DSL,No,Yes,Yes,No,No,Yes,Two year,Yes,Credit card (automatic),68.53,3426.5,No
15917225,Male,0,Yes,No,32,Yes,Yes,Fiber optic,Yes,Yes,No,No,No,No,Two year,No,Electronic check,94.06,3103.98,No
10475894,Male,0,Yes,Yes,6,Yes,No,DSL,No,No,No,No,Yes,No,Month-to-month,Yes,Bank transfer (automatic),59.56,416.92,Yes
54769200,Female,0,Yes,No,45,Yes,No,No,No internet service,No internet service,No internet service,No internet service,No internet service,No internet service,Month-to-month,Yes,Credit card (automatic),70.79,3242.18,No
27558317,Male,0,No,No,61,Yes,Yes,Fiber optic,No,No,No,No,No,Yes,Month-to-month,Yes,Bank transfer (automatic),54.4,3372.8,No
95511909,Male,0,Yes,Yes,0,Yes,No,DSL,No,Yes,No,No,No,Yes,Month-to-month,Yes,Bank transfer (automatic),60.48,60.48,No
45159040,Male,0,Yes,Yes,64,Yes,No,Fiber optic,No,No,Yes,No,No,Yes,One year,Yes,Bank transfer (automatic),73.27,4762.55,No
31687165,Female,0,No,No,44,Yes,No,DSL,No,Yes,Yes,Yes,Yes,No,Two year,Yes,Credit card (automatic),99.27,4467.15,No
69302158,Male,0,No,Yes,54,Yes,No,DSL,Yes,No,No,Yes,Yes,No,Two year,Yes,Mailed check,97.99,5389.45,No
84045292,Female,0,Yes,No,65,Yes,Yes,Fiber optic,Yes,No,No,No,No,No,Month-to-month,Yes,Credit card (automatic),18.0,1188.0,Yes
67403166,Female,0,Yes,No,66,Yes,Yes,DSL,Yes,Yes,No,Yes,Yes,No,Month-to-month,No,Electronic check,90.38,6055.46,No
85283645,Male,0,No,Yes,53,Yes,No,No,No internet service,No internet service,No internet service,No internet service,No internet service,No internet service,Two year,No,Electronic check,89.45,4830.3,No
11297845,Female,0,Yes,No,62,Yes,No,Fiber optic,Yes,No,Yes,Yes,Yes,Yes,Month-to-month,No,Electronic check,67.36,4243.68,No
25015458,Female,0,No,No,53,No,No phone service,Fiber optic,Yes,Yes,Yes,Yes,No,No,Two year,No,Electronic check,59.88,3236.51,No
20099059,Male,1,Yes,No,51,Yes,No,No,No internet service,No internet service,No internet service,No internet service,No internet service,No internet service,Month-to-month,Yes,Mailed check,88.15,4583.8,No
30005727,Male,1,Yes,No,53,Yes,Yes,Fiber optic,No,No,Yes,Yes,Yes,No,Month-to-month,Yes,Bank transfer (automatic),73.95,2221.925,No
83227889,Male,0,Yes,No,66,Yes,No,Fiber optic,Yes,Yes,No,No,No,No,One year,Yes,Bank transfer (automatic),63.13,4229.71,No
14835614,Male,0,No,Yes,36,Yes,Yes,DSL,No,No,Yes,Yes,No,No,Month-to-month,Yes,Bank transfer (automatic),135.15,4973.52,No
59555330,Female,0,No,No,11,Yes,Yes,No,No internet service,No internet service,No internet service,No internet service,No internet service,No internet service,One year,No,Electronic check,85.33,1023.96,No
88183110,Female,0,Yes,No,58,Yes,No,No,No internet service,No internet service,No internet service,No internet service,No internet service,No internet service,Month-to-month,No,Credit card (automatic),54.06,3189.54,No
84158663,Female,0,No,No,19,Yes,No,DSL,Yes,No,No,No,No,Yes,One year,Yes,Electronic check,92.4,1848.0,No
29876811,Male,0,Yes,No,31,No,No phone service,DSL,No,No,Yes,Yes,No,No,Month-to-month,No,Credit card (automatic),83.14,2660.48,Yes
67684996,Male,1,Yes,No,70,Yes,Yes,No,No internet service,No internet service,No internet service,No internet service,No internet service,No internet service,One year,No,Bank transfer (automatic),81.4,5779.4,No
27105448,Male,0,No,No,43,Yes,Yes,Fiber optic,Yes,Yes,No,No,Yes,No,Two year,Yes,Mailed check,96.07,4227.08,No
15614174,Male,0,Yes,No,65,Yes,No,Fiber optic,No,Yes,No,No,No,No,Month-to-month,Yes,Mailed check,55.82,3684.12,No
51373735,Female,0,No,No,54,Yes,No,Fiber optic,Yes,Yes,Yes,No,No,Yes,Month-to-month,Yes,Credit card (automatic),77.91,4285.05,No
58942697,Male,0,No,No,15,Yes,No,Fiber optic,No,Yes,Yes,No,No,Yes,Month-to-month,Yes,Credit card (automatic),44.6,713.6,No
15354599,Female,0,No,Yes,70,Yes,No,No,No internet service,No internet service,No internet service,No internet service,No internet service,No internet service,Month-to-month,Yes,Electronic check,94.15,6684.65,No
58024342,Male,0,No,No,67,No,No phone service,No,No internet service,No internet service,No internet service,No internet service,No internet service,No internet service,Month-to-month,Yes,Bank transfer (automatic),70.52,4781.26,Yes
38195995,Female,0,Yes,Yes,51,Yes,Yes,No,No internet service,No internet service,No internet service,No internet service,No internet service,No internet service,One year,No,Electronic check,45.66,2374.32,No
43491314,Male,0,Yes,Yes,36,Yes,Yes,No,No internet service,No internet service,No internet service,No internet service,No internet service,No internet service,Month-to-month,No,Electronic check,68.52,2521.54,No
99514287,Female,0,Yes,No,45,Yes,No,DSL,No,Yes,No,Yes,Yes,No,Two year,No,Mailed check,77.04,3543.84,No
23796726,Female,1,Yes,No,40,Yes,No,DSL,No,No,No,No,No,No,Month-to-month,No,Electronic check,97.08,3980.28,No
57469942,Female,0,No,No,4,Yes,No,No,No internet service,No internet service,No internet service,No internet service,No internet service,No internet service,Two year,No,Credit card (automatic),106.62,533.1,No
85146293,Male,0,Yes,No,65,Yes,No,DSL,Yes,Yes,Yes,Yes,Yes,Yes,Two year,No,Mailed check,98.01,6468.66,No
64543049,Male,0,No,Yes,4,Yes,No,Fiber optic,Yes,No,No,No,No,Yes,Month-to-month,No,Mailed check,86.17,430.85,No
93303777,Female,0,Yes,No,62,Yes,Yes,No,No internet service,No internet service,No internet service,No internet service,No internet service,No internet service,One year,Yes,Electronic check,92.19,5807.97,No
30743797,Female,0,No,Yes,2,Yes,No,Fiber optic,Yes,No,No,Yes,Yes,No,Two year,Yes,Electronic check,62.09,186.27,Yes
41774346,Male,1,No,Yes,7,Yes,Yes,Fiber optic,Yes,Yes,No,Yes,No,No,Two year,Yes,Electronic check,37.25,298.0,No
31810617,Female,0,No,No,25,Yes,No,DSL,No,Yes,No,No,Yes,No,One year,No,Bank transfer (automatic),50.04,1301.04,No
33763566,Male,0,Yes,No,52,Yes,No,DSL,Yes,No,No,No,No,Yes,Month-to-month,Yes,Electronic check,71.45,3786.85,No
65337219,Male,0,No,Yes,28,Yes,No,Fiber optic,No,Yes,No,Yes,Yes,No,Month-to-month,Yes,Electronic check,63.91,1853.39,No
13326769,Female,0,Yes,No,13,Yes,No,DSL,Yes,No,No,No,Yes,No,Two year,Yes,Electronic check,62.65,877.1,No
34073380,Female,0,Yes,No,4,Yes,No,No,No internet service,No internet service,No internet service,No internet service,No internet service,No internet service,One year,Yes,Electronic check,78.15,394.66,Yes
54585178,Male,0,Yes,Yes,26,Yes,No,DSL,Yes,Yes,No,Yes,Yes,Yes,Two year,No,Credit card (automatic),99.75,2693.25,No
65259205,Female,0,No,Yes,67,Yes,No,Fiber optic,No,No,Yes,Yes,No,Yes,Two year,Yes,Mailed check,78.48,5336.64,No
99913412,Female,0,Yes,No,28,Yes,Yes,DSL,Yes,Yes,Yes,No,No,No,Month-to-month,No,Mailed check,55.47,1608.63,No
43308443,Male,1,No,Yes,2,Yes,No,Fiber optic,Yes,Yes,Yes,Yes,No,No,Month-to-month,Yes,Credit card (automatic),33.56,100.68,No
45810056,Male,0,No,No,29,Yes,Yes,DSL,No,Yes,Yes,Yes,Yes,No,Month-to-month,No,Electronic check,65.33,1959.9,Yes
31367172,Male,0,Yes,No,8,Yes,Yes,DSL,Yes,Yes,Yes,No,No,No,Month-to-month,No,Credit card (automatic),18.0,162.0,No
24508349,Male,0,No,No,0,Yes,No,Fiber optic,Yes,No,Yes,No,Yes,Yes,Month-to-month,Yes,Electronic check,102.7,102.7,Yes
61343880,Female,0,No,No,22,Yes,No,No,No internet service,No internet service,No internet service,No internet service,No internet service,No internet service,Month-to-month,No,Bank transfer (automatic),72.91,1676.93,No
15197528,Female,0,Yes,No,66,Yes,Yes,DSL,No,Yes,Yes,Yes,No,Yes,Month-to-month,No,Electronic check,123.1,8247.7,No
73174945,Male,0,No,Yes,31,Yes,No,DSL,No,No,Yes,No,Yes,Yes,Month-to-month,No,Bank transfer (automatic),110.16,3525.12,Yes
39854548,Male,1,Yes,No,5,Yes,Yes,Fiber optic,No,No,Yes,No,No,Yes,Two year,Yes,Mailed check,86.52,519.12,Yes
36786211,Female,0,No,No,48,No,No phone service,No,No internet service,No internet service,No internet service,No internet service,No internet service,No internet service,Month-to-month,No,Electronic check,54.99,2694.51,No
71780854,Male,0,Yes,Yes,14,Yes,No,DSL,No,Yes,Yes,No,No,Yes,Month-to-month,Yes,Bank transfer (automatic),58.88,883.2,No
56930359,Female,1,Yes,No,57,Yes,No,DSL,No,No,No,No,No,No,Month-to-month,Yes,Bank transfer (automatic),116.75,6771.5,Yes
50962024,Male,0,No,Yes,52,Yes,No,DSL,Yes,No,No,No,Yes,Yes,Month-to-month,No,Electronic check,84.46,4476.38,Yes
40547349,Female,0,Yes,Yes,29,Yes,Yes,DSL,Yes,No,No,Yes,No,Yes,One year,No,Credit card (automatic),30.59,917.7,No
39920292,Female,0,Yes,No,39,Yes,Yes,DSL,No,No,No,Yes,No,Yes,Month-to-month,Yes,Electronic check,60.0,2388.0,No
13176186,Female,0,Yes,No,58,No,No phone service,Fiber optic,Yes,Yes,Yes,No,No,Yes,Month-to-month,Yes,Electronic check,112.33,6627.47,No
98588154,Female,0,Yes,No,62,Yes,Yes,Fiber optic,Yes,Yes,No,No,No,Yes,Two year,Yes,Bank transfer (automatic),103.07,6498.56,No
35921441,Female,0,No,Yes,47,Yes,Yes,Fiber optic,No,Yes,No,Yes,No,Yes,Month-to-month,No,Electronic check,82.23,3947.04,No
63481198,Male,0,No,No,67,Yes,No,DSL,Yes,No,No,No,No,No,Two year,No,Credit card (automatic),110.92,7542.56,No
54058573,Male,1,No,Yes,6,Yes,No,Fiber optic,No,Yes,No,Yes,No,No,Month-to-month,No,Bank transfer (automatic),32.72,229.04,No
47393469,Male,0,No,No,46,Yes,No,DSL,No,No,Yes,Yes,No,Yes,Month-to-month,Yes,Bank transfer (automatic),52.2,2453.4,Yes
19317495,Male,0,Yes,No,42,Yes,No,DSL,No,Yes,No,Yes,No,No,Month-to-month,No,Electronic check,66.74,2873.16,Yes
47463522,Female,0,Yes,No,15,Yes,No,Fiber optic,Yes,No,No,No,No,Yes,Two year,No,Credit card (automatic),54.95,879.2,No
57130035,Female,1,No,No,21,Yes,Yes,DSL,No,No,No,Yes,No,No,Month-to-month,Yes,Bank transfer (automatic),92.49,2039.4,No
96098221,Male,0,No,No,62,Yes,Yes,No,No internet service,No internet service,No internet service,No internet service,No internet service,No internet service,One year,Yes,Credit card (automatic),94.03,5923.89,No
78371272,Female,1,Yes,No,45,Yes,No,DSL,Yes,No,Yes,No,No,Yes,Two year,Yes,Electronic check,85.26,3921.96,Yes
63643924,Male,0,Yes,No,44,Yes,No,Fiber optic,No,Yes,Yes,No,Yes,No,Month-to-month,Yes,Bank transfer (automatic),39.4,1773.0,No
81969657,Female,0,No,No,40,Yes,No,Fiber optic,No,Yes,No,Yes,Yes,No,One year,No,Bank transfer (automatic),123.09,2221.925,No
54446182,Male,0,No,No,24,Yes,No,Fiber optic,No,No,No,Yes,Yes,Yes,Month-to-month,Yes,Mailed check,80.17,2004.25,No
13704481,Female,0,No,No,49,Yes,Yes,Fiber optic,Yes,No,Yes,Yes,No,Yes,One year,Yes,Credit card (automatic),22.22,1111.0,No
25480907,Male,0,Yes,No,66,Yes,No,DSL,No,Yes,No,Yes,Yes,Yes,One year,No,Credit card (automatic),33.89,2270.63,No
45059710,Male,0,No,Yes,51,Yes,No,DSL,No,No,Yes,No,No,No,Month-to-month,No,Electronic check,47.22,2455.44,Yes
33966966,Male,0,Yes,Yes,30,No,No phone service,DSL,No,Yes,Yes,No,No,No,One year,Yes,Electronic check,119.57,3706.67,No
87925434,Female,0,Yes,No,36,Yes,No,Fiber optic,Yes,No,Yes,Yes,No,No,Month-to-month,No,Credit card (automatic),43.81,1620.97,No
45630292,Male,0,No,No,21,Yes,No,Fiber optic,Yes,No,No,No,No,No,One year,No,Mailed check,38.2,840.4,No
15134794,Male,0,Yes,No,26,Yes,No,Fiber optic,No,No,No,No,No,No,One year,No,Electronic check,102.84,2776.68,No
24549543,Male,0,Yes,No,1,Yes,No,DSL,No,Yes,No,No,No,No,Month-to-month,Yes,Electronic check,96.85,193.7,Yes
90070438,Male,0,No,No,21,Yes,No,No,No internet service,No internet service,No internet service,No internet service,No internet service,No internet service,Month-to-month,No,Electronic check,53.24,1171.28,No
68326160,Male,0,No,No,52,No,No phone service,DSL,Yes,Yes,No,No,No,No,Two year,Yes,Electronic check,85.25,4518.25,No
56397338,Female,0,No,No,16,No,No phone service,DSL,No,No,Yes,No,No,Yes,Two year,Yes,Mailed check,62.42,1061.14,Yes
52101056,Male,0,Yes,Yes,55,Yes,No,No,No internet service,No internet service,No internet service,No internet service,No internet service,No internet service,Month-to-month,Yes,Mailed check,88.59,4965.47,No
68571795,Male,0,Yes,No,30,Yes,No,DSL,No,No,Yes,Yes,No,No,Month-to-month,Yes,Electronic check,60.84,1886.04,No
91363974,Male,0,No,No,42,No,No phone service,No,No internet service,No internet service,No internet service,No internet service,No internet service,No internet service,Month-to-month,No,Electronic check,85.87,3692.41,No
78642041,Female,0,No,No,71,Yes,Yes,DSL,No,No,No,No,No,Yes,Month-to-month,Yes,Bank transfer (automatic),70.7,5090.4,No
25521714,Female,0,No,No,52,Yes,No,DSL,Yes,No,Yes,No,Yes,Yes,Month-to-month,Yes,Credit card (automatic),52.29,2771.37,No
61700055,Male,0,Yes,Yes,4,Yes,No,DSL,No,Yes,Yes,Yes,Yes,No,Month-to-month,No,Electronic check,97.93,470.06,Yes
87388337,Male,0,Yes,Yes,1,Yes,No,Fiber optic,No,Yes,No,No,Yes,No,Month-to-month,Yes,Electronic check,72.11,144.22,No
35511941,Female,0,No,No,58,No,No phone service,Fiber optic,No,No,No,Yes,No,No,One year,Yes,Credit card (automatic),99.46,5868.14,No
44188276,Male,1,No,Yes,3,Yes,Yes,DSL,No,No,Yes,No,Yes,Yes,Month-to-month,Yes,Bank transfer (automatic),85.35,341.4,No
15957459,Female,0,Yes,Yes,33,Yes,No,DSL,Yes,No,No,No,No,Yes,Month-to-month,Yes,Bank transfer (automatic),68.78,2338.52,No
68526649,Female,0,Yes,No,66,Yes,No,DSL,No,Yes,Yes,Yes,Yes,Yes,Month-to-month,Yes,Mailed check,105.35,7058.45,No
10226999,Female,0,No,No,72,Yes,Yes,DSL,Yes,Yes,Yes,Yes,Yes,No,One year,Yes,Mailed check,77.7,5656.56,No
79782527,Female,0,Yes,No,5,Yes,Yes,No,No internet service,No internet service,No internet service,No internet service,No internet service,No internet service,Two year,No,Mailed check,84.06,504.36,No
82269803,Male,0,Yes,Yes,57,Yes,No,Fiber optic,Yes,No,No,No,No,Yes,Month-to-month,Yes,Electronic check,61.17,3547.86,Yes
36445607,Female,0,Yes,No,46,Yes,No,Fiber optic,Yes,No,No,No,No,No,Two year,No,Bank transfer (automatic),56.24,2643.28,No
58884978,Male,0,No,No,4,Yes,No,DSL,Yes,Yes,Yes,No,Yes,No,Two year,No,Bank transfer (automatic),75.64,378.2,No
67887757,Male,0,Yes,No,60,Yes,No,DSL,No,No,No,No,Yes,Yes,One year,Yes,Credit card (automatic),43.2,2635.2,No
19391725,Male,1,No,No,55,Yes,No,Fiber optic,No,No,No,Yes,Yes,Yes,Month-to-month,Yes,Electronic check,74.64,4183.57,No
99152472,Male,0,Yes,No,34,Yes,No,No,No internet service,No internet service,No internet service,No internet service,No internet service,No internet service,Two year,Yes,Credit card (automatic),76.19,2666.65,Yes
54318698,Female,0,No,No,12,No,No phone service,No,No internet service,No internet service,No internet service,No internet service,No internet service,No internet service,Two year,Yes,Credit card (automatic),39.2,509.6,No
93638503,Male,0,Yes,No,25,No,No phone service,Fiber optic,Yes,Yes,No,Yes,Yes,No,Two year,No,Electronic check,108.7,2826.2,No
52133044,Male,0,No,Yes,63,Yes,No,DSL,No,No,Yes,Yes,Yes,No,Two year,Yes,Electronic check,113.69,7276.16,No
99038359,Female,0,No,Yes,10,Yes,No,DSL,Yes,Yes,Yes,No,Yes,No,Month-to-month,Yes,Electronic check,111.08,1221.88,No
26726926,Male,0,No,Yes,61,No,No phone service,Fiber optic,Yes,No,No,No,No,No,Month-to-month,No,Electronic check,64.91,4024.42,No
50308572,Male,1,No,Yes,46,Yes,No,DSL,No,No,Yes,No,No,Yes,One year,No,Bank transfer (automatic),75.38,3542.86,No
78064830,Male,0,No,Yes,69,Yes,No,No,No internet service,No internet service,No internet service,No internet service,No internet service,No internet service,One year,No,Electronic check,59.84,4188.8,No
51511484,Male,0,No,No,57,Yes,No,Fiber optic,Yes,No,Yes,Yes,Yes,Yes,Two year,Yes,Credit card (automatic),92.3,5353.4,No
99508850,Male,0,No,Yes,9,Yes,No,No,No internet service,No internet service,No internet service,No internet service,No internet service,No internet service,Month-to-month,No,Credit card (automatic),64.97,636.71,No
64813568,Female,0,No,No,15,Yes,No,Fiber optic,No,No,No,No,Yes,No,One year,Yes,Electronic check,76.63,1210.75,No
53779528,Male,0,Yes,No,11,Yes,No,Fiber optic,Yes,Yes,Yes,Yes,No,No,Two year,No,Mailed check,81.13,973.56,No
64009265,Male,0,No,Yes,70,Yes,No,DSL,No,Yes,Yes,No,No,Yes,Month-to-month,No,Electronic check,37.32,2651.59,No
49682169,Female,0,Yes,No,49,No,No phone service,Fiber optic,Yes,Yes,No,Yes,Yes,No,Month-to-month,Yes,Bank transfer (automatic),69.1,3455.0,Yes
84411983,Female,0,Yes,Yes,14,Yes,Yes,DSL,Yes,No,No,No,Yes,Yes,Month-to-month,Yes,Electronic check,97.68,1465.2,No
27084279,Female,0,Yes,No,58,Yes,No,Fiber optic,Yes,Yes,No,Yes,Yes,Yes,Month-to-month,No,Credit card (automatic),184.89,10908.51,Yes
35748341,Male,0,Yes,No,69,Yes,No,Fiber optic,No,Yes,No,No,Yes,No,Month-to-month,No,Credit card (automatic),18.0,1260.0,No
66431351,Male,0,No,Yes,61,Yes,No,Fiber optic,Yes,Yes,No,Yes,Yes,No,Month-to-month,Yes,Mailed check,51.04,3164.48,Yes
99245317,Female,0,No,No,71,Yes,No,Fiber optic,Yes,No,No,Yes,No,No,Month-to-month,Yes,Credit card (automatic),52.14,3754.08,Yes
60888017,Male,0,No,No,61,Yes,Yes,Fiber optic,Yes,No,No,Yes,No,No,Month-to-month,No,Credit card (automatic),32.81,2034.22,No
33357554,Female,0,No,Yes,49,Yes,No,DSL,Yes,Yes,No,No,Yes,No,Month-to-month,No,Electronic check,128.89,6444.5,Yes
92613013,Male,1,No,No,53,Yes,No,No,No internet service,No internet service,No internet service,No internet service,No internet service,No internet service,Two year,Yes,Mailed check,68.98,3724.92,Yes
86384014,Male,1,No,No,53,Yes,No,DSL,Yes,Yes,Yes,Yes,No,Yes,One year,Yes,Electronic check,65.16,3505.61,Yes
50392808,Male,0,Yes,Yes,27,Yes,No,No,No internet service,No internet service,No internet service,No internet service,No internet service,No internet service,Two year,Yes,Electronic check,88.99,2491.72,No
64502486,Female,0,No,No,50,Yes,No,Fiber optic,Yes,No,No,Yes,No,No,Month-to-month,No,Credit card (automatic),52.53,2679.03,Yes
83542887,Female,0,No,Yes,32,Yes,No,No,No internet service,No internet service,No internet service,No internet service,No internet service,No internet service,Month-to-month,No,Electronic check,92.16,3045.89,No
10054484,Female,0,No,No,0,Yes,No,Fiber optic,No,No,No,No,No,No,Month-to-month,No,Mailed check,52.77,52.77,No
50785405,Female,0,No,Yes,68,Yes,Yes,Fiber optic,Yes,No,Yes,Yes,No,Yes,Month-to-month,Yes,Electronic check,111.75,2221.925,No
48508907,Male,0,No,No,0,Yes,Yes,Fiber optic,No,Yes,Yes,No,No,Yes,Two year,Yes,Mailed check,74.21,74.21,Yes
38210242,Male,0,Yes,No,54,Yes,No,Fiber optic,No,No,No,Yes,Yes,Yes,Month-to-month,Yes,Electronic check,111.73,6145.15,Yes
67698610,Male,0,Yes,Yes,44,Yes,No,DSL,Yes,Yes,No,No,Yes,Yes,Month-to-month,No,Credit card (automatic),88.59,3986.55,Yes
87844239,Male,0,No,No,72,Yes,No,Fiber optic,No,Yes,Yes,No,Yes,Yes,Two year,No,Credit card (automatic),18.0,1314.9,No
91424737,Male,0,No,Yes,39,Yes,Yes,DSL,Yes,No,Yes,No,No,Yes,One year,Yes,Electronic check,33.65,1346.0,No
97873101,Male,0,No,No,60,Yes,No,Fiber optic,No,No,No,No,Yes,No,Month-to-month,Yes,Electronic check,119.45,7286.45,Yes
53251559,Male,1,Yes,Yes,35,Yes,No,DSL,No,Yes,Yes,No,Yes,No,Month-to-month,No,Electronic check,60.72,2185.92,Yes
72409658,Male,0,Yes,No,23,Yes,No,DSL,Yes,No,No,Yes,No,Yes,Month-to-month,Yes,Electronic check,18.0,432.0,No
69295515,Female,0,No,No,13,No,No phone service,No,No internet service,No internet service,No internet service,No internet service,No internet service,No internet service,Month-to-month,Yes,Mailed check,55.33,774.62,No
69345683,Female,0,Yes,No,0,No,No phone service,No,No internet service,No internet service,No internet service,No internet service,No internet service,No internet service,Month-to-month,Yes,Bank transfer (automatic),59.48,59.48,Yes
38682516,Female,0,No,Yes,46,Yes,Yes,Fiber optic,Yes,Yes,No,Yes,No,No,Two year,No,Electronic check,108.37,5093.39,No
78608612,Male,0,Yes,No,20,Yes,Yes,No,No internet service,No internet service,No internet service,No internet service,No internet service,No internet service,Month-to-month,No,Bank transfer (automatic),45.33,951.93,No
73509974,Male,0,Yes,No,72,Yes,No,DSL,Yes,No,Yes,Yes,No,Yes,Month-to-month,Yes,Bank transfer (automatic),66.87,4881.51,No
32775593,Female,0,No,No,38,Yes,Yes,DSL,No,Yes,No,Yes,No,Yes,Two year,Yes,Bank transfer (automatic),103.23,4025.97,No
98429450,Male,0,Yes,No,2,Yes,No,DSL,Yes,Yes,Yes,No,Yes,Yes,Month-to-month,No,Credit card (automatic),56.24,157.47,Yes
21381064,Male,0,No,No,15,Yes,No,DSL,No,No,No,No,Yes,No,Month-to-month,Yes,Credit card (automatic),44.9,709.42,Yes
48089166,Female,0,No,No,67,Yes,No,DSL,No,Yes,Yes,No,Yes,No,Two year,No,Bank transfer (automatic),81.44,5541.99,No
79182797,Female,0,Yes,No,25,Yes,Yes,Fiber optic,Yes,No,Yes,No,Yes,No,Month-to-month,No,Bank transfer (automatic),93.84,2421.07,No
99100953,Male,0,No,Yes,53,Yes,Yes,DSL,No,No,Yes,No,No,Yes,Month-to-month,Yes,Credit card (automatic),68.27,3689.99,No
94951883,Male,0,No,No,12,Yes,No,DSL,Yes,No,No,Yes,Yes,Yes,One year,No,Bank transfer (automatic),89.05,1162.1,Yes
93115778,Male,0,Yes,No,60,Yes,No,Fiber optic,No,No,No,No,Yes,Yes,Month-to-month,Yes,Electronic check,54.24,3297.79,No
54988206,Male,1,Yes,Yes,19,Yes,No,DSL,Yes,Yes,No,No,Yes,No,One year,Yes,Credit card (automatic),18.0,360.0,No
22534217,Male,0,Yes,No,26,Yes,Yes,Fiber optic,Yes,No,No,No,No,No,Month-to-month,Yes,Bank transfer (automatic),96.44,2603.88,No
41523529,Male,1,No,No,1,Yes,No,DSL,No,Yes,No,No,No,No,Month-to-month,Yes,Mailed check,39.96,71.93,No
51663795,Male,0,No,No,9,Yes,Yes,No,No internet service,No internet service,No internet service,No internet service,No internet service,No internet service,One year,No,Mailed check,52.01,520.1,No
40150759,Male,0,No,Yes,59,Yes,No,DSL,No,No,Yes,Yes,No,No,One year,No,Electronic check,77.05,4623.0,No
36726767,Female,1,No,Yes,18,Yes,Yes,No,No internet service,No internet service,No internet service,No internet service,No internet service,No internet service,One year,No,Mailed check,99.18,1884.42,No
29777514,Female,0,No,No,14,Yes,No,Fiber optic,No,No,No,Yes,Yes,No,Month-to-month,No,Bank transfer (automatic),67.66,1014.9,No
13278320,Female,0,No,Yes,46,Yes,Yes,DSL,No,No,Yes,Yes,No,No,Two year,Yes,Electronic check,55.0,2585.0,No
16202700,Male,0,No,No,23,No,No phone service,DSL,No,Yes,No,No,No,No,One year,No,Credit card (automatic),114.6,2750.4,No
42862209,Male,0,Yes,No,15,Yes,No,Fiber optic,No,Yes,No,Yes,Yes,No,One year,Yes,Electronic check,60.88,977.12,No
73771720,Male,1,No,Yes,59,Yes,No,No,No internet service,No internet service,No internet service,No internet service,No internet service,No internet service,Two year,No,Credit card (automatic),62.39,3743.4,No
92043803,Female,0,No,No,48,Yes,No,DSL,No,Yes,No,Yes,No,Yes,Month-to-month,Yes,Bank transfer (automatic),22.8,1118.34,No
19774839,Female,0,No,No,3,Yes,Yes,DSL,Yes,No,No,No,No,No,One year,No,Credit card (automatic),73.5,294.0,No
71124923,Female,0,No,Yes,65,No,No phone service,Fiber optic,Yes,No,Yes,Yes,Yes,No,One year,Yes,Mailed check,113.45,7487.7,No
65625330,Female,0,Yes,No,48,Yes,No,Fiber optic,Yes,No,Yes,Yes,Yes,No,Month-to-month,Yes,Electronic check,26.4,1294.92,No
94525678,Male,0,No,Yes,30,Yes,No,No,No internet service,No internet service,No internet service,No internet service,No internet service,No internet service,Two year,No,Bank transfer (automatic),48.74,2221.925,No
87265240,Female,0,Yes,No,65,Yes,No,Fiber optic,No,No,No,No,Yes,No,Month-to-month,Yes,Mailed check,68.89,4546.74,No
36096655,Female,0,No,No,53,Yes,No,DSL,No,No,Yes,No,No,No,One year,Yes,Credit card (automatic),86.19,4654.26,No
61536717,Male,0,Yes,No,1,Yes,No,No,No internet service,No internet service,No internet service,No internet service,No internet service,No internet service,One year,No,Bank transfer (automatic),79.07,158.14,No
76354180,Female,1,No,No,60,No,No phone service,Fiber optic,No,Yes,Yes,Yes,No,Yes,Month-to-month,Yes,Mailed check,71.19,4342.59,No
63640499,Male,0,No,No,14,Yes,Yes,Fiber optic,No,Yes,Yes,No,No,No,Month-to-month,Yes,Electronic check,50.17,742.52,No
42747037,Male,0,No,Yes,59,Yes,No,Fiber optic,Yes,No,Yes,Yes,Yes,Yes,Month-to-month,Yes,Bank transfer (automatic),111.02,6661.2,No
29806690,Female,0,Yes,No,42,Yes,Yes,DSL,No,No,Yes,Yes,Yes,No,Month-to-month,No,Bank transfer (automatic),18.0,770.4,No
98054615,Male,0,No,No,39,Yes,No,DSL,No,No,No,Yes,Yes,Yes,Month-to-month,No,Credit card (automatic),104.12,4164.8,No
10744212,Male,0,No,No,29,Yes,No,DSL,Yes,Yes,No,No,No,Yes,One year,Yes,Bank transfer (automatic),130.75,3896.35,No
24305904,Male,1,No,No,62,Yes,No,No,No internet service,No internet service,No internet service,No internet service,No internet service,No internet service,One year,No,Electronic check,92.23,5810.49,No
67062156,Female,0,Yes,No,23,Yes,No,Fiber optic,No,No,Yes,No,No,No,One year,Yes,Electronic check,52.29,1257.57,No
39372360,Male,1,No,No,43,No,No phone service,DSL,No,No,No,Yes,No,Yes,Two year,No,Bank transfer (automatic),78.65,3460.6,No
33607110,Male,0,Yes,No,13,Yes,Yes,Fiber optic,No,No,Yes,No,Yes,No,Month-to-month,No,Electronic check,35.19,485.62,No
79519112,Female,0,No,No,27,Yes,No,Fiber optic,No,No,No,Yes,No,Yes,Two year,Yes,Bank transfer (automatic),41.32,1156.96,No
72350830,Female,0,Yes,No,13,No,No phone service,DSL,No,No,No,No,Yes,No,Month-to-month,No,Electronic check,86.2,1206.8,No
16740197,Male,0,No,No,55,No,No phone service,Fiber optic,No,Yes,Yes,Yes,No,Yes,Month-to-month,No,Bank transfer (automatic),87.48,4898.88,Yes
84813739,Male,0,No,No,33,Yes,No,Fiber optic,Yes,No,Yes,No,Yes,No,Month-to-month,Yes,Credit card (automatic),81.04,2755.36,No
43446826,Female,1,Yes,No,11,Yes,Yes,DSL,No,Yes,No,Yes,No,No,One year,Yes,Credit card (automatic),34.18,403.32,No
26288475,Male,0,No,Yes,55,Yes,No,No,No internet service,No internet service,No internet service,No internet service,No internet service,No internet service,Two year,No,Credit card (automatic),140.51,7868.56,No
71265269,Female,1,No,No,60,Yes,No,Fiber optic,No,No,Yes,No,No,Yes,Two year,Yes,Bank transfer (automatic),87.14,5315.54,No
27896471,Female,0,Yes,Yes,60,Yes,No,DSL,Yes,No,No,Yes,Yes,No,Month-to-month,Yes,Credit card (automatic),66.48,4055.28,No
72363359,Female,0,No,Yes,39,Yes,No,No,No internet service,No internet service,No internet service,No internet service,No internet service,No internet service,Month-to-month,No,Credit card (automatic),72.49,2899.6,Yes
99600766,Female,0,Yes,No,19,Yes,No,DSL,No,No,No,Yes,No,Yes,Month-to-month,No,Electronic check,51.7,1034.0,No
81287314,Female,0,Yes,No,41,Yes,No,No,No internet service,No internet service,No internet service,No internet service,No internet service,No internet service,Two year,Yes,Electronic check,44.16,1854.72,No
85017682,Female,1,Yes,No,6,Yes,No,DSL,No,No,No,No,No,No,Month-to-month,No,Credit card (automatic),144.17,1009.19,No
89920257,Male,0,No,No,72,Yes,Yes,Fiber optic,No,No,Yes,No,Yes,No,Two year,No,Electronic check,44.55,3252.15,No
52587010,Female,0,Yes,No,67,Yes,No,Fiber optic,Yes,Yes,Yes,No,No,No,Month-to-month,Yes,Mailed check,50.16,3413.39,Yes
69401199,Female,0,No,Yes,30,Yes,No,DSL,Yes,No,Yes,Yes,Yes,No,Month-to-month,Yes,Electronic check,60.1,1863.1,Yes
92228802,Male,0,No,No,69,Yes,Yes,Fiber optic,No,No,Yes,Yes,No,No,Month-to-month,No,Credit card (automatic),48.66,3406.2,No
77750178,Female,0,Yes,No,46,Yes,No,Fiber optic,No,No,No,No,No,No,Month-to-month,Yes,Electronic check,70.35,3292.38,No
67276174,Male,0,No,No,50,No,No phone service,Fiber optic,No,No,Yes,Yes,No,No,Month-to-month,No,Mailed check,57.2,2917.2,No
83534128,Female,0,Yes,No,57,Yes,Yes,DSL,No,No,Yes,No,No,No,Month-to-month,Yes,Electronic check,66.17,3837.86,No
69849511,Female,0,No,No,21,Yes,Yes,No,No internet service,No internet service,No internet service,No internet service,No internet service,No internet service,Two year,Yes,Electronic check,60.34,1327.48,No
31361812,Female,0,Yes,No,23,Yes,No,Fiber optic,Yes,No,No,Yes,No,Yes,Month-to-month,Yes,Electronic check,63.03,1515.87,No
73709724,Female,0,Yes,Yes,33,Yes,Yes,DSL,Yes,Yes,Yes,No,No,No,Two year,Yes,Bank transfer (automatic),23.84,810.56,No
70407340,Female,0,No,No,62,Yes,No,Fiber optic,Yes,Yes,No,No,Yes,Yes,Month-to-month,Yes,Electronic check,60.64,3820.32,No
44788100,Female,0,No,No,59,Yes,No,Fiber optic,Yes,No,No,No,No,No,Month-to-month,No,Credit card (automatic),66.29,3977.4,Yes
43183955,Female,0,Yes,No,18,Yes,Yes,No,No internet service,No internet service,No internet service,No internet service,No internet service,No internet service,Month-to-month,Yes,Bank transfer (automatic),61.81,1177.48,No
95585469,Female,0,No,No,23,Yes,Yes,DSL,No,Yes,Yes,No,No,No,One year,Yes,Electronic check,62.19,1480.12,No
47220099,Female,0,Yes,No,63,Yes,Yes,DSL,No,Yes,No,No,Yes,No,Month-to-month,No,Mailed check,97.59,6245.76,No
79967676,Female,0,No,No,19,Yes,Yes,DSL,Yes,No,Yes,No,Yes,Yes,Month-to-month,No,Credit card (automatic),54.65,1082.07,No
75041510,Female,0,No,No,26,Yes,Yes,No,No internet service,No internet service,No internet service,No internet service,No internet service,No internet service,Month-to-month,No,Credit card (automatic),100.37,2709.99,No
94120751,Male,0,Yes,No,57,Yes,No,Fiber optic,Yes,No,No,No,No,Yes,One year,Yes,Bank transfer (automatic),130.37,7561.46,No
42111036,Male,0,Yes,Yes,43,Yes,No,DSL,Yes,Yes,Yes,No,No,Yes,One year,Yes,Bank transfer (automatic),50.5,2222.0,Yes
46855845,Female,0,Yes,Yes,64,Yes,Yes,Fiber optic,No,No,No,No,No,No,Month-to-month,Yes,Credit card (automatic),81.27,5282.55,No
69038700,Male,0,Yes,Yes,45,Yes,No,DSL,No,No,Yes,No,No,Yes,One year,No,Mailed check,77.26,3553.96,No
20399639,Male,0,Yes,Yes,53,Yes,Yes,DSL,Yes,No,Yes,No,Yes,Yes,Month-to-month,Yes,Bank transfer (automatic),71.57,3864.78,No
48349783,Female,0,No,No,38,No,No phone service,Fiber optic,Yes,No,No,Yes,Yes,Yes,Month-to-month,Yes,Bank transfer (automatic),21.49,838.11,Yes
41473195,Male,0,No,No,6,Yes,No,DSL,No,No,Yes,No,No,No,Month-to-month,Yes,Bank transfer (automatic),96.64,676.48,No
46468984,Male,0,Yes,Yes,53,Yes,Yes,Fiber optic,No,Yes,No,No,Yes,No,Month-to-month,Yes,Credit card (automatic),58.74,3160.21,No
55076693,Female,0,No,No,42,Yes,Yes,Fiber optic,Yes,No,No,Yes,No,Yes,One year,No,Credit card (automatic),104.88,4509.84,No
52910691,Female,0,No,Yes,19,Yes,No,Fiber optic,Yes,No,No,No,Yes,No,Month-to-month,Yes,Electronic check,69.54,1390.8,No
82498004,Male,0,No,No,24,Yes,No,DSL,Yes,Yes,Yes,Yes,Yes,Yes,Month-to-month,Yes,Credit card (automatic),104.05,2601.25,Yes
20814950,Male,0,No,Yes,42,Yes,No,Fiber optic,Yes,No,No,Yes,Yes,Yes,Month-to-month,No,Electronic check,85.4,3672.2,Yes
28572252,Female,0,No,Yes,72,Yes,No,DSL,No,Yes,No,Yes,Yes,No,Month-to-month,Yes,Credit card (automatic),92.91,6782.43,No
30244148,Female,0,Yes,Yes,26,Yes,Yes,Fiber optic,Yes,No,Yes,No,No,Yes,Month-to-month,Yes,Electronic check,88.79,2397.33,No
41039390,Female,0,Yes,No,24,Yes,No,DSL,No,No,No,Yes,Yes,Yes,Two year,Yes,Credit card (automatic),65.86,1646.5,No
61410126,Female,0,Yes,No,35,Yes,No,Fiber optic,No,Yes,No,Yes,Yes,Yes,One year,No,Electronic check,59.14,2129.04,No
30509175,Male,0,Yes,Yes,65,Yes,Yes,Fiber optic,No,Yes,Yes,Yes,Yes,No,Two year,No,Electronic check,83.49,5514.51,No
38716269,Female,1,Yes,No,8,Yes,No,Fiber optic,No,Yes,Yes,Yes,No,No,Month-to-month,Yes,Electronic check,90.95,800.36,Yes
18620650,Female,0,No,Yes,52,Yes,No,Fiber optic,Yes,No,No,No,Yes,No,Month-to-month,No,Credit card (automatic),69.79,3698.87,Yes
65682626,Male,0,Yes,No,20,Yes,No,Fiber optic,Yes,No,Yes,Yes,No,Yes,Two year,Yes,Electronic check,93.35,1960.35,No
64707061,Female,0,No,No,49,Yes,No,DSL,No,Yes,No,No,Yes,No,One year,Yes,Credit card (automatic),47.85,2392.5,No
54410148,Female,1,Yes,Yes,15,Yes,No,Fiber optic,Yes,No,Yes,Yes,Yes,Yes,One year,Yes,Mailed check,77.65,1242.4,No
82828034,Male,0,No,No,65,Yes,No,No,No internet service,No internet service,No internet service,No internet service,No internet service,No internet service,Two year,Yes,Bank transfer (automatic),104.34,6886.44,No
72535301,Male,0,No,No,25,Yes,No,DSL,Yes,No,No,No,No,No,One year,No,Credit card (automatic),77.62,2002.6,No
65804273,Male,0,Yes,No,43,Yes,No,DSL,Yes,Yes,Yes,Yes,No,No,Month-to-month,No,Credit card (automatic),66.65,2932.6,No
18357162,Male,0,Yes,No,28,Yes,No,DSL,Yes,Yes,Yes,No,Yes,No,Month-to-month,Yes,Mailed check,97.26,2820.54,Yes
37760841,Female,1,No,No,45,Yes,No,Fiber optic,No,No,No,Yes,No,Yes,One year,No,Bank transfer (automatic),117.31,5372.8,No
66390708,Female,0,Yes,No,70,Yes,No,DSL,No,Yes,No,No,No,No,Month-to-month,No,Mailed check,87.89,6240.19,Yes
62274692,Male,0,Yes,No,48,Yes,No,No,No internet service,No internet service,No internet service,No internet service,No internet service,No internet service,Month-to-month,No,Electronic check,22.59,1106.91,No
88393811,Female,1,Yes,No,14,Yes,No,Fiber optic,No,Yes,No,No,Yes,Yes,Two year,No,Bank transfer (automatic),46.95,704.25,Yes
12621534,Female,0,No,No,16,Yes,No,DSL,No,Yes,Yes,Yes,Yes,Yes,Two year,No,Mailed check,100.62,1715.57,No
87267850,Female,0,No,No,8,Yes,Yes,No,No internet service,No internet service,No internet service,No internet service,No internet service,No internet service,Month-to-month,Yes,Bank transfer (automatic),55.76,501.84,No
61053877,Female,0,No,No,31,No,No phone service,DSL,Yes,Yes,Yes,Yes,No,No,Month-to-month,No,Electronic check,72.64,2324.48,Yes
74019136,Female,0,No,No,65,No,No phone service,DSL,Yes,Yes,Yes,No,No,No,Two year,No,Bank transfer (automatic),54.62,3604.92,No
10791358,Female,0,No,No,58,No,No phone service,DSL,Yes,No,No,No,No,Yes,Month-to-month,No,Credit card (automatic),96.09,5669.31,Yes
57212267,Female,0,No,No,31,Yes,No,DSL,Yes,Yes,No,Yes,No,No,Month-to-month,No,Bank transfer (automatic),85.9,2748.8,Yes
50079111,Female,0,No,No,42,Yes,No,Fiber optic,No,Yes,No,No,No,Yes,Month-to-month,No,Mailed check,50.99,2192.57,No
62343121,Male,0,Yes,Yes,58,Yes,No,DSL,No,Yes,No,No,No,No,Month-to-month,Yes,Credit card (automatic),95.76,5649.84,Yes
66240084,Male,0,Yes,No,29,Yes,No,Fiber optic,No,Yes,Yes,No,No,No,Two year,Yes,Electronic check,97.44,2923.2,No
82238741,Male,0,No,No,10,No,No phone service,Fiber optic,No,No,No,No,Yes,No,Two year,Yes,Mailed check,88.03,968.33,No
83300637,Male,1,No,No,25,Yes,No,DSL,No,No,Yes,Yes,No,Yes,One year,Yes,Electronic check,77.29,2009.54,No
90967191,Male,0,Yes,Yes,1,Yes,Yes,Fiber optic,No,Yes,Yes,Yes,No,No,Two year,Yes,Bank transfer (automatic),181.16,326.09,No
39600202,Female,0,Yes,Yes,33,Yes,No,Fiber optic,No,No,Yes,Yes,No,No,One year,No,Bank transfer (automatic),27.69,941.46,No
75529051,Male,1,No,No,40,Yes,Yes,No,No internet service,No internet service,No internet service,No internet service,No internet service,No internet service,Month-to-month,No,Credit card (automatic),61.48,2520.68,No
39450273,Male,0,No,No,30,Yes,No,DSL,No,No,No,Yes,No,Yes,Month-to-month,No,Credit card (automatic),70.26,2178.06,No
46632757,Male,0,Yes,No,62,Yes,Yes,DSL,No,No,Yes,No,Yes,No,Two year,Yes,Bank transfer (automatic),108.18,6820.75,Yes
68496914,Female,0,No,No,54,Yes,No,No,No internet service,No internet service,No internet service,No internet service,No internet service,No internet service,One year,Yes,Credit card (automatic),62.28,3425.4,No
75181765,Female,0,No,No,60,Yes,No,DSL,Yes,Yes,Yes,No,No,Yes,Month-to-month,No,Bank transfer (automatic),104.5,6374.5,No
13895645,Female,0,No,No,35,No,No phone service,DSL,Yes,Yes,Yes,No,No,No,Two year,No,Bank transfer (automatic),53.15,1913.4,No
62191530,Female,1,Yes,No,39,Yes,No,Fiber optic,No,No,Yes,No,Yes,No,Month-to-month,Yes,Electronic check,84.22,3368.8,No
55114543,Male,0,Yes,No,22,Yes,No,DSL,Yes,No,No,Yes,No,No,Month-to-month,Yes,Electronic check,96.56,2220.88,No
99774697,Male,0,Yes,No,25,Yes,No,Fiber optic,No,Yes,No,Yes,No,No,Month-to-month,No,Credit card (automatic),52.1,1354.6,No
64266464,Female,0,Yes,No,17,Yes,No,No,No internet service,No internet service,No internet service,No internet service,No internet service,No internet service,Month-to-month,No,Electronic check,93.78,1692.73,No
32151928,Male,0,No,No,33,Yes,No,Fiber optic,No,No,No,Yes,Yes,Yes,One year,No,Mailed check,113.72,3866.48,Yes
72732043,Male,0,Yes,Yes,27,Yes,Yes,Fiber optic,No,No,No,No,Yes,Yes,Two year,Yes,Mailed check,67.76,1883.73,No
27129912,Female,0,No,Yes,48,Yes,Yes,DSL,Yes,Yes,Yes,No,Yes,No,One year,No,Electronic check,41.21,2019.29,No
93517915,Female,0,Yes,No,63,Yes,Yes,Fiber optic,Yes,No,No,Yes,Yes,Yes,Month-to-month,No,Credit card (automatic),61.51,3936.64,No
81688860,Female,0,Yes,No,70,Yes,No,Fiber optic,No,No,No,Yes,No,Yes,One year,Yes,Electronic check,68.12,4822.9,No
13619375,Female,1,No,No,62,Yes,Yes,DSL,No,Yes,Yes,Yes,No,Yes,Two year,Yes,Credit card (automatic),99.61,6275.43,Yes
62884503,Female,0,No,Yes,61,Yes,No,DSL,Yes,Yes,Yes,No,Yes,No,Month-to-month,Yes,Bank transfer (automatic),43.9,2721.8,No
89442503,Female,0,Yes,No,41,Yes,Yes,Fiber optic,No,Yes,Yes,Yes,Yes,No,Month-to-month,Yes,Credit card (automatic),90.08,3783.36,Yes
85751409,Female,0,No,No,23,Yes,No,Fiber optic,No,Yes,No,No,Yes,Yes,One year,No,Electronic check,87.61,2102.64,No
98986321,Female,0,No,No,34,Yes,No,Fiber optic,No,Yes,No,Yes,No,Yes,One year,No,Mailed check,85.09,2978.15,No
13637575,Male,0,No,No,54,Yes,No,Fiber optic,No,No,No,No,No,No,Month-to-month,Yes,Credit card (automatic),107.04,5887.2,Yes
21267237,Female,1,No,No,48,Yes,No,DSL,Yes,Yes,No,No,Yes,Yes,Two year,No,Bank transfer (automatic),78.76,3859.24,No
96268397,Male,0,Yes,No,58,Yes,No,DSL,No,Yes,Yes,Yes,No,No,Month-to-month,Yes,Bank transfer (automatic),54.03,3190.47,No
67527432,Female,1,No,No,21,Yes,Yes,No,No internet service,No internet service,No internet service,No internet service,No internet service,No internet service,One year,Yes,Bank transfer (automatic),68.95,1516.9,No
28213276,Male,0,No,Yes,60,No,No phone service,Fiber optic,No,Yes,No,Yes,No,Yes,One year,Yes,Electronic check,72.12,4399.32,No
71968116,Female,1,Yes,Yes,29,No,No phone service,Fiber optic,No,Yes,No,Yes,Yes,Yes,Month-to-month,Yes,Bank transfer (automatic),55.71,1671.3,No
34391257,Female,0,Yes,Yes,68,Yes,No,DSL,No,Yes,No,Yes,Yes,Yes,Month-to-month,Yes,Electronic check,26.96,1860.24,No
16749089,Male,1,No,No,59,Yes,No,DSL,No,Yes,Yes,No,Yes,Yes,Two year,No,Electronic check,73.97,4438.2,No
44917589,Male,0,Yes,Yes,5,Yes,Yes,DSL,No,No,Yes,Yes,Yes,Yes,Month-to-month,Yes,Bank transfer (automatic),77.72,466.32,No
60882459,Male,0,Yes,Yes,10,Yes,Yes,DSL,Yes,Yes,Yes,No,Yes,No,Month-to-month,Yes,Electronic check,68.89,757.79,Yes
53936531,Female,1,No,Yes,23,Yes,No,Fiber optic,No,Yes,No,No,Yes,No,Two year,No,Electronic check,71.62,1718.88,No
38408562,Female,0,Yes,Yes,50,Yes,Yes,Fiber optic,Yes,No,No,Yes,No,Yes,Month-to-month,No,Electronic check,43.22,2204.22,No
71028710,Male,0,Yes,No,18,Yes,No,DSL,Yes,Yes,No,No,Yes,Yes,Month-to-month,Yes,Credit card (automatic),18.0,342.0,No
53868501,Male,0,No,Yes,49,No,No phone service,No,No internet service,No internet service,No internet service,No internet service,No internet service,No internet service,Month-to-month,No,Electronic check,62.38,3119.0,Yes
55298556,Male,1,No,No,2,Yes,Yes,Fiber optic,Yes,Yes,Yes,No,Yes,Yes,Month-to-month,No,Electronic check,29.94,89.82,Yes
60885459,Male,0,Yes,No,2,Yes,No,Fiber optic,Yes,Yes,No,Yes,Yes,No,Month-to-month,No,Bank transfer (automatic),80.99,226.77,Yes
47346970,Female,0,No,Yes,30,Yes,No,DSL,No,No,Yes,Yes,Yes,No,One year,Yes,Mailed check,37.93,1177.73,No
66581473,Male,0,No,No,46,Yes,No,DSL,Yes,No,Yes,Yes,No,Yes,Month-to-month,No,Mailed check,68.69,3231.86,No
43859311,Female,0,No,No,7,No,No phone service,Fiber optic,No,Yes,Yes,Yes,Yes,Yes,One year,No,Mailed check,61.17,489.36,No
20993268,Female,0,Yes,No,16,Yes,No,DSL,Yes,Yes,Yes,Yes,No,Yes,Two year,No,Credit card (automatic),47.88,813.96,Yes
73123515,Female,0,Yes,Yes,44,Yes,No,DSL,No,No,No,No,Yes,Yes,Month-to-month,Yes,Electronic check,100.08,4503.6,Yes
12601580,Male,0,Yes,No,59,Yes,No,DSL,No,Yes,Yes,Yes,Yes,Yes,One year,No,Credit card (automatic),35.93,2155.8,No
82399599,Female,1,No,No,20,Yes,No,DSL,Yes,No,Yes,No,No,No,One year,Yes,Electronic check,18.0,378.0,No
16990811,Female,0,No,Yes,69,Yes,No,Fiber optic,No,No,No,No,No,No,Month-to-month,Yes,Mailed check,33.42,2339.4,No
56970882,Male,0,No,Yes,20,Yes,No,Fiber optic,No,Yes,No,Yes,No,No,One year,Yes,Credit card (automatic),115.82,2432.22,Yes
40094589,Female,0,No,No,57,Yes,No,DSL,Yes,Yes,Yes,Yes,No,No,Month-to-month,No,Bank transfer (automatic),61.93,3591.94,No
97260863,Male,0,No,No,54,Yes,No,DSL,Yes,Yes,Yes,Yes,No,Yes,Month-to-month,No,Electronic check,102.55,5640.25,Yes
19209801,Female,0,Yes,No,27,Yes,Yes,No,No internet service,No internet service,No internet service,No internet service,No internet service,No internet service,Month-to-month,No,Credit card (automatic),69.55,1947.4,Yes
97477029,Female,0,No,No,45,Yes,Yes,DSL,Yes,Yes,No,Yes,No,No,Two year,Yes,Credit card (automatic),106.1,4885.9,No
15403355,Male,0,No,Yes,43,Yes,No,Fiber optic,No,No,No,No,Yes,No,One year,No,Electronic check,45.33,1985.45,No
14164775,Female,0,No,No,24,Yes,Yes,No,No internet service,No internet service,No internet service,No internet service,No internet service,No internet service,Month-to-month,No,Bank transfer (automatic),78.54,1963.5,No
43189803,Female,0,Yes,No,70,No,No phone service,DSL,No,Yes,Yes,Yes,No,Yes,One year,No,Bank transfer (automatic),93.89,6666.19,No
36757737,Female,0,No,No,48,Yes,No,DSL,No,Yes,Yes,Yes,No,No,One year,No,Bank transfer (automatic),32.01,1568.49,No
12735359,Female,0,Yes,No,45,Yes,No,No,No internet service,No internet service,No internet service,No internet service,No internet service,No internet service,Month-to-month,Yes,Electronic check,39.12,1799.52,Yes
93394260,Male,0,Yes,No,62,No,No phone service,DSL,Yes,Yes,No,No,No,Yes,Month-to-month,No,Bank transfer (automatic),62.48,3923.74,No
30452412,Female,0,No,No,11,No,No phone service,DSL,Yes,No,No,No,Yes,No,Month-to-month,No,Electronic check,84.31,1011.72,Yes
42016960,Male,0,No,No,56,Yes,Yes,Fiber optic,Yes,Yes,No,No,No,Yes,Month-to-month,Yes,Electronic check,46.19,2632.83,No
26941092,Female,0,Yes,No,72,Yes,No,DSL,Yes,Yes,No,No,No,Yes,One year,No,Bank transfer (automatic),104.17,7604.41,No
73560289,Male,0,No,No,63,Yes,No,No,No internet service,No internet service,No internet service,No internet service,No internet service,No internet service,One year,Yes,Electronic check,98.59,6309.76,No
99853245,Male,0,Yes,No,30,Yes,No,DSL,Yes,Yes,No,Yes,No,Yes,One year,Yes,Credit card (automatic),68.12,2111.72,No
25353091,Male,0,Yes,No,3,Yes,No,Fiber optic,Yes,Yes,No,Yes,Yes,Yes,One year,No,Mailed check,83.4,333.6,No
85694715,Female,0,Yes,No,53,Yes,No,Fiber optic,No,No,No,Yes,Yes,No,Two year,No,Electronic check,91.91,4963.14,No
39254705,Female,0,No,No,64,Yes,No,Fiber optic,No,No,No,No,Yes,Yes,One year,Yes,Electronic check,95.56,6211.4,No
72415804,Female,1,No,Yes,5,Yes,Yes,Fiber optic,Yes,Yes,No,No,Yes,No,One year,No,Credit card (automatic),85.06,510.36,Yes
44392446,Male,1,No,No,64,Yes,No,No,No internet service,No internet service,No internet service,No internet service,No internet service,No internet service,Month-to-month,No,Credit card (automatic),52.52,3413.8,Yes
59512272,Male,0,No,No,21,Yes,No,No,No internet service,No internet service,No internet service,No internet service,No internet service,No internet service,Two year,No,Electronic check,20.58,452.76,No
32520277,Male,0,Yes,No,16,Yes,Yes,DSL,No,No,No,No,No,No,Month-to-month,Yes,Bank transfer (automatic),74.78,1271.26,Yes
91321540,Female,0,Yes,No,58,Yes,Yes,Fiber optic,No,Yes,No,No,Yes,No,Month-to-month,Yes,Bank transfer (automatic),107.43,6338.37,Yes
91503378,Male,0,No,Yes,28,Yes,No,DSL,No,No,No,No,Yes,No,Two year,Yes,Credit card (automatic),109.92,3187.68,No
25372341,Male,0,Yes,No,66,Yes,Yes,Fiber optic,Yes,No,Yes,Yes,Yes,No,Month-to-month,Yes,Electronic check,79.56,5330.52,No
31980274,Female,0,No,Yes,16,Yes,No,DSL,No,No,No,Yes,No,Yes,Two year,No,Electronic check,56.32,957.44,Yes
51746937,Female,0,No,Yes,1,Yes,No,Fiber optic,No,Yes,No,No,Yes,No,Month-to-month,No,Electronic check,97.68,195.36,No
24508768,Male,0,No,No,31,Yes,No,DSL,No,No,Yes,No,Yes,Yes,Month-to-month,Yes,Mailed check,37.06,1185.92,Yes
87669750,Male,0,Yes,No,21,Yes,No,Fiber optic,No,No,No,No,Yes,Yes,One year,No,Mailed check,51.49,1132.78,No
13446499,Male,0,No,No,57,Yes,No,DSL,Yes,Yes,Yes,Yes,No,Yes,Month-to-month,No,Bank transfer (automatic),27.06,2221.925,Yes
51870192,Female,0,No,No,52,Yes,Yes,No,No internet service,No internet service,No internet service,No internet service,No internet service,No internet service,One year,No,Bank transfer (automatic),99.94,5296.82,No
87282128,Male,0,Yes,Yes,46,No,No phone service,Fiber optic,Yes,Yes,No,No,No,No,Two year,Yes,Credit card (automatic),20.91,982.77,No
60372847,Female,0,No,No,3,No,No phone service,No,No internet service,No internet service,No internet service,No internet service,No internet service,No internet service,One year,No,Electronic check,82.25,329.0,No
63238057,Female,0,Yes,No,37,Yes,Yes,Fiber optic,No,Yes,No,No,No,Yes,Two year,Yes,Credit card (automatic),139.78,5283.68,No
36619372,Female,0,Yes,Yes,12,Yes,No,No,No internet service,No internet service,No internet service,No internet service,No internet service,No internet service,Two year,Yes,Credit card (automatic),82.05,1066.65,No
20200074,Male,0,Yes,No,60,Yes,No,Fiber optic,Yes,Yes,No,No,No,Yes,One year,No,Bank transfer (automatic),40.93,2496.73,No
89470029,Male,0,Yes,No,63,Yes,Yes,Fiber optic,Yes,Yes,Yes,Yes,Yes,No,Month-to-month,No,Credit card (automatic),57.46,3677.44,No
94187049,Male,0,No,No,32,Yes,No,DSL,Yes,Yes,No,Yes,Yes,No,One year,Yes,Electronic check,24.71,815.43,No
42594692,Female,0,Yes,No,37,Yes,No,Fiber optic,No,No,Yes,Yes,No,Yes,Month-to-month,Yes,Electronic check,43.15,1639.7,No
23676961,Male,1,Yes,No,28,Yes,No,DSL,No,No,No,No,No,No,Month-to-month,No,Electronic check,48.56,1408.24,Yes
50477742,Female,0,Yes,No,60,Yes,No,DSL,No,Yes,No,No,Yes,Yes,One year,Yes,Electronic check,45.0,2221.925,No
90585882,Male,0,Yes,No,31,Yes,Yes,Fiber optic,No,Yes,No,Yes,No,No,One year,No,Credit card (automatic),74.11,2371.52,No
26247735,Female,0,Yes,Yes,10,Yes,Yes,DSL,No,Yes,Yes,No,Yes,No,One year,Yes,Credit card (automatic),18.0,198.0,No
85958181,Female,1,Yes,No,17,Yes,No,Fiber optic,No,Yes,No,Yes,No,No,Month-to-month,Yes,Mailed check,32.72,588.96,Yes
15512205,Female,0,No,Yes,44,Yes,Yes,DSL,Yes,No,No,Yes,No,No,One year,No,Bank transfer (automatic),87.22,3924.9,Yes
56600900,Female,1,No,No,20,Yes,No,DSL,Yes,Yes,No,Yes,No,Yes,Two year,Yes,Electronic check,132.98,2799.23,No
81503856,Male,0,No,No,11,No,No phone service,DSL,No,No,Yes,No,No,Yes,Month-to-month,Yes,Mailed check,82.92,995.04,No
67495923,Male,0,No,No,19,Yes,No,DSL,No,Yes,Yes,Yes,Yes,No,Month-to-month,Yes,Bank transfer (automatic),44.85,897.0,Yes
98787891,Female,1,Yes,Yes,6,Yes,No,DSL,Yes,Yes,No,No,No,No,Two year,No,Credit card (automatic),95.49,668.43,No
59737181,Male,0,No,No,70,Yes,Yes,Fiber optic,Yes,No,No,Yes,Yes,No,Month-to-month,Yes,Mailed check,102.81,7299.51,No
19255216,Female,0,No,Yes,1,Yes,Yes,DSL,No,Yes,No,No,No,No,Month-to-month,Yes,Bank transfer (automatic),47.43,85.37,No
77908907,Male,0,Yes,No,42,Yes,No,No,No internet service,No internet service,No internet service,No internet service,No internet service,No internet service,One year,Yes,Electronic check,44.2,1900.6,Yes
96911784,Male,0,No,No,20,Yes,No,No,No internet service,No internet service,No internet service,No internet service,No internet service,No internet service,Month-to-month,Yes,Electronic check,118.38,2485.98,No
55799273,Male,0,Yes,No,28,Yes,No,DSL,Yes,Yes,No,No,Yes,No,One year,Yes,Electronic check,37.6,1090.4,No
11698142,Female,0,Yes,Yes,31,Yes,No,DSL,Yes,No,Yes,No,No,Yes,Month-to-month,No,Credit card (automatic),122.59,3922.88,No
66379329,Male,0,No,No,44,Yes,No,DSL,No,Yes,No,No,No,No,Month-to-month,Yes,Electronic check,86.87,3909.15,No
75793759,Male,0,Yes,No,58,Yes,No,No,No internet service,No internet service,No internet service,No internet service,No internet service,No internet service,Two year,No,Credit card (automatic),108.53,6403.27,Yes
24165187,Female,1,Yes,No,2,Yes,No,Fiber optic,Yes,No,No,No,Yes,No,Month-to-month,Yes,Bank transfer (automatic),100.41,301.23,No
68186525,Female,0,Yes,No,38,Yes,No,Fiber optic,No,Yes,No,No,No,Yes,Month-to-month,No,Bank transfer (automatic),101.39,3959.28,No
58612055,Male,0,Yes,Yes,50,Yes,No,No,No internet service,No internet service,No internet service,No internet service,No internet service,No internet service,One year,Yes,Credit card (automatic),35.65,1818.15,Yes
95306788,Male,0,Yes,No,7,Yes,Yes,No,No internet service,No internet service,No internet service,No internet service,No internet service,No internet service,One year,Yes,Bank transfer (automatic),91.72,733.76,No
71705170,Male,0,No,No,45,Yes,Yes,No,No internet service,No internet service,No internet service,No internet service,No internet service,No internet service,Month-to-month,Yes,Electronic check,108.08,4971.68,Yes
30534124,Male,0,No,No,65,Yes,No,Fiber optic,No,No,Yes,Yes,No,Yes,Two year,Yes,Credit card (automatic),62.8,4144.8,No
68450095,Male,1,No,No,5,Yes,Yes,No,No internet service,No internet service,No internet service,No internet service,No internet service,No internet service,Month-to-month,Yes,Electronic check,18.0,108.0,No
33640702,Female,0,Yes,Yes,57,Yes,Yes,No,No internet service,No internet service,No internet service,No internet service,No internet service,No internet service,Month-to-month,Yes,Electronic check,30.67,1778.86,No
80027662,Female,0,No,No,40,Yes,No,Fiber optic,No,Yes,Yes,Yes,Yes,No,Month-to-month,Yes,Bank transfer (automatic),22.69,930.29,Yes
97302916,Female,0,No,Yes,53,Yes,No,No,No internet service,No internet service,No internet service,No internet service,No internet service,No internet service,Month-to-month,Yes,Mailed check,58.51,2221.925,No
46249845,Male,0,Yes,No,40,No,No phone service,Fiber optic,No,No,Yes,No,Yes,No,Month-to-month,Yes,Credit card (automatic),28.01,1148.41,No
92666356,Female,1,No,No,47,Yes,No,Fiber optic,No,No,Yes,No,No,No,Two year,Yes,Mailed check,51.16,2455.68,No
82232344,Male,0,No,No,69,No,No phone service,Fiber optic,Yes,Yes,No,Yes,Yes,No,One year,No,Electronic check,130.74,9151.8,No
74893936,Male,0,No,No,26,Yes,No,Fiber optic,No,No,Yes,Yes,Yes,No,Month-to-month,No,Electronic check,95.29,2572.83,Yes
72394301,Male,0,Yes,Yes,46,Yes,Yes,Fiber optic,Yes,Yes,Yes,Yes,No,No,Month-to-month,Yes,Electronic check,88.53,4160.91,Yes
68461818,Female,0,Yes,Yes,22,Yes,Yes,No,No internet service,No internet service,No internet service,No internet service,No internet service,No internet service,Two year,Yes,Credit card (automatic),104.01,2392.23,No
89520597,Male,0,No,Yes,13,Yes,No,DSL,Yes,No,No,Yes,Yes,Yes,Month-to-month,Yes,Electronic check,31.44,440.16,No
46023439,Female,0,No,Yes,60,Yes,No,No,No internet service,No internet service,No internet service,No internet service,No internet service,No internet service,Month-to-month,No,Electronic check,41.71,2544.31,No
53258988,Male,0,No,No,66,Yes,No,DSL,Yes,No,No,No,Yes,No,Month-to-month,Yes,Bank transfer (automatic),73.1,4897.7,No
42949803,Female,0,No,Yes,24,Yes,No,DSL,No,No,Yes,Yes,No,Yes,One year,No,Bank transfer (automatic),49.98,1252.0,No
21631697,Female,0,No,No,64,Yes,No,No,No internet service,No internet service,No internet service,No internet service,No internet service,No internet service,Month-to-month,No,Bank transfer (automatic),58.85,3825.25,Yes
47437115,Male,1,Yes,No,23,Yes,Yes,DSL,Yes,Yes,No,Yes,Yes,No,One year,No,Bank transfer (automatic),88.62,2126.88,No
70505620,Female,1,No,No,52,Yes,No,No,No internet service,No internet service,No internet service,No internet service,No internet service,No internet service,Two year,Yes,Electronic check,98.31,5210.43,No
42730796,Female,0,Yes,No,72,Yes,No,DSL,Yes,No,No,Yes,Yes,No,Two year,No,Bank transfer (automatic),86.1,6285.3,No
72372114,Male,0,No,No,49,Yes,No,No,No internet service,No internet service,No internet service,No internet service,No internet service,No internet service,One year,Yes,Credit card (automatic),104.48,5224.0,No
86483924,Male,0,No,Yes,0,Yes,Yes,DSL,Yes,No,No,No,Yes,No,Month-to-month,No,Electronic check,18.0,18.9,No
91917334,Male,0,Yes,No,38,Yes,Yes,DSL,Yes,Yes,Yes,No,No,Yes,Two year,Yes,Mailed check,130.48,5062.62,No
99682738,Male,0,No,No,43,Yes,No,No,No internet service,No internet service,No internet service,No internet service,No internet service,No internet service,Two year,No,Electronic check,94.51,4158.44,No
60867083,Male,0,Yes,No,4,Yes,Yes,DSL,No,Yes,Yes,Yes,Yes,No,Month-to-month,No,Electronic check,59.31,296.55,Yes
55150390,Female,1,Yes,Yes,67,Yes,No,No,No internet service,No internet service,No internet service,No internet service,No internet service,No internet service,Two year,Yes,Electronic check,25.7,1748.88,No
13852048,Female,1,Yes,No,71,No,No phone service,No,No internet service,No internet service,No internet service,No internet service,No internet service,No internet service,Two year,Yes,Electronic check,64.73,4663.8,No
76344695,Female,0,Yes,Yes,64,Yes,Yes,DSL,Yes,No,Yes,No,No,No,Two year,Yes,Bank transfer (automatic),46.1,2998.8,No
53622663,Male,0,Yes,No,14,Yes,Yes,Fiber optic,No,No,No,No,No,Yes,Month-to-month,Yes,Bank transfer (automatic),106.33,1600.27,No
34406132,Male,0,Yes,No,49,Yes,Yes,DSL,No,No,Yes,No,Yes,Yes,Two year,Yes,Mailed check,90.38,4519.0,No
75437844,Female,0,No,No,5,Yes,No,DSL,No,Yes,No,No,Yes,Yes,Month-to-month,No,Electronic check,50.64,303.84,No
38470244,Female,0,No,No,65,Yes,No,Fiber optic,No,Yes,No,No,No,Yes,Month-to-month,Yes,Credit card (automatic),27.99,1847.34,Yes
57623800,Male,0,No,No,68,Yes,No,Fiber optic,Yes,No,Yes,Yes,Yes,No,Month-to-month,No,Bank transfer (automatic),62.57,4317.33,No
44675473,Female,1,Yes,No,38,Yes,No,No,No internet service,No internet service,No internet service,No internet service,No internet service,No internet service,Month-to-month,Yes,Credit card (automatic),100.11,3904.29,Yes
55679506,Male,0,No,Yes,28,Yes,No,DSL,Yes,Yes,Yes,Yes,No,No,Month-to-month,Yes,Electronic check,86.38,2505.02,Yes
47535126,Male,0,No,No,45,Yes,No,DSL,No,Yes,Yes,No,No,No,Month-to-month,Yes,Credit card (automatic),27.9,1277.82,No
90014570,Male,0,Yes,No,30,Yes,No,Fiber optic,No,No,No,No,Yes,No,One year,No,Electronic check,54.24,1670.59,No
47080140,Female,0,No,Yes,23,Yes,No,DSL,No,Yes,No,No,No,Yes,Month-to-month,Yes,Bank transfer (automatic),99.4,2365.72,Yes
84597009,Male,0,Yes,No,14,Yes,No,Fiber optic,No,Yes,Yes,Yes,No,Yes,Two year,Yes,Bank transfer (automatic),66.05,990.75,No
11362459,Male,1,No,Yes,19,Yes,No,Fiber optic,No,Yes,Yes,Yes,No,Yes,Month-to-month,No,Electronic check,68.45,1369.0,Yes
79340535,Male,0,Yes,Yes,3,Yes,No,No,No internet service,No internet service,No internet service,No internet service,No internet service,No internet service,Month-to-month,Yes,Credit card (automatic),126.69,506.76,No
35643159,Male,0,Yes,No,57,Yes,No,Fiber optic,Yes,No,No,No,Yes,No,Month-to-month,No,Mailed check,37.96,2201.68,No
21490777,Male,0,No,No,60,Yes,No,Fiber optic,No,No,Yes,Yes,Yes,Yes,Month-to-month,Yes,Mailed check,103.71,6326.31,No
42394260,Male,0,Yes,Yes,9,Yes,No,Fiber optic,Yes,No,No,Yes,Yes,No,Two year,No,Electronic check,57.29,572.9,No
64549859,Female,0,Yes,No,40,Yes,No,No,No internet service,No internet service,No internet service,No internet service,No internet service,No internet service,Month-to-month,No,Electronic check,58.99,2421.54,Yes
75575808,Male,0,No,No,52,Yes,Yes,No,No internet service,No internet service,No internet service,No internet service,No internet service,No internet service,Month-to-month,No,Electronic check,75.56,4004.68,No
84514489,Male,0,No,Yes,70,Yes,No,DSL,No,No,No,Yes,Yes,No,Month-to-month,Yes,Bank transfer (automatic),79.5,5644.5,No
42255732,Female,0,No,No,47,Yes,No,Fiber optic,Yes,Yes,No,Yes,Yes,No,Month-to-month,Yes,Bank transfer (automatic),88.35,4240.8,Yes
73900135,Male,0,Yes,No,14,Yes,No,Fiber optic,Yes,No,Yes,Yes,Yes,Yes,Month-to-month,Yes,Bank transfer (automatic),65.23,978.45,Yes
96691619,Male,0,Yes,Yes,6,Yes,No,Fiber optic,No,No,No,Yes,No,Yes,Month-to-month,Yes,Credit card (automatic),90.28,631.96,No
75876924,Male,0,No,No,71,Yes,No,DSL,Yes,No,Yes,No,Yes,Yes,Two year,No,Electronic check,74.1,5335.2,Yes
70152969,Female,0,Yes,Yes,70,Yes,No,Fiber optic,Yes,No,Yes,No,No,Yes,One year,No,Electronic check,53.52,3802.6,Yes
12314351,Female,0,Yes,No,42,Yes,Yes,DSL,No,No,Yes,No,No,No,Month-to-month,Yes,Credit card (automatic),32.71,1406.53,No
22489409,Male,0,No,No,3,No,No phone service,DSL,No,No,No,Yes,Yes,No,Two year,Yes,Electronic check,89.01,356.04,Yes
49491631,Male,0,Yes,Yes,50,Yes,Yes,DSL,No,Yes,Yes,Yes,Yes,No,Month-to-month,No,Electronic check,79.16,4037.16,No
39742165,Female,0,Yes,No,70,Yes,No,DSL,No,Yes,No,Yes,No,Yes,Month-to-month,Yes,Electronic check,50.11,3547.79,Yes
64277800,Male,0,Yes,No,58,No,No phone service,DSL,No,Yes,Yes,Yes,No,No,One year,Yes,Credit card (automatic),27.5,1622.5,No
42655866,Male,0,Yes,No,40,Yes,No,Fiber optic,Yes,No,Yes,Yes,Yes,Yes,Month-to-month,No,Bank transfer (automatic),52.42,2149.22,No
51098277,Male,0,Yes,No,60,Yes,Yes,No,No internet service,No internet service,No internet service,No internet service,No internet service,No internet service,Month-to-month,Yes,Bank transfer (automatic),18.0,1098.9,No
99115205,Male,0,Yes,Yes,29,Yes,Yes,Fiber optic,Yes,No,No,Yes,Yes,No,Month-to-month,Yes,Credit card (automatic),99.26,2957.95,Yes
88055069,Female,0,Yes,No,17,Yes,No,DSL,No,No,No,No,Yes,No,Month-to-month,Yes,Mailed check,66.69,1200.42,No
59529086,Female,0,No,No,29,Yes,No,No,No internet service,No internet service,No internet service,No internet service,No internet service,No internet service,Month-to-month,Yes,Credit card (automatic),77.9,2340.9,No
73519947,Female,0,No,No,6,Yes,No,DSL,No,No,No,No,No,No,One year,Yes,Electronic check,57.86,405.02,No
84285882,Male,0,Yes,No,51,Yes,Yes,DSL,Yes,No,Yes,Yes,Yes,Yes,One year,No,Mailed check,123.11,6401.72,No
81259135,Female,0,No,No,47,Yes,No,DSL,Yes,No,No,Yes,No,No,Two year,Yes,Credit card (automatic),91.03,2221.925,No
56138336,Female,1,Yes,No,22,Yes,Yes,Fiber optic,Yes,No,Yes,Yes,Yes,No,Month-to-month,No,Electronic check,58.88,1342.46,No
67110154,Female,0,Yes,No,36,Yes,No,Fiber optic,No,Yes,Yes,Yes,No,Yes,One year,Yes,Electronic check,59.73,2213.0,No
83871890,Male,0,Yes,No,70,Yes,Yes,No,No internet service,No internet service,No internet service,No internet service,No internet service,No internet service,Two year,No,Mailed check,51.25,3638.75,No
54398056,Male,0,No,No,52,Yes,No,Fiber optic,Yes,No,No,Yes,No,No,One year,No,Credit card (automatic),65.55,3477.43,No
57219209,Female,0,No,Yes,44,Yes,Yes,Fiber optic,No,No,Yes,Yes,No,Yes,One year,Yes,Electronic check,81.55,3669.75,No
70900658,Female,0,No,No,48,Yes,No,DSL,No,No,No,No,Yes,Yes,Two year,No,Credit card (automatic),80.47,3947.05,No
46361787,Male,0,Yes,No,48,Yes,No,Fiber optic,No,No,No,No,No,Yes,Two year,No,Bank transfer (automatic),61.91,3033.59,No
51154241,Female,1,Yes,No,46,Yes,Yes,No,No internet service,No internet service,No internet service,No internet service,No internet service,No internet service,One year,No,Mailed check,113.51,5334.97,No
43742830,Female,1,No,No,24,Yes,Yes,Fiber optic,No,Yes,No,No,No,No,Two year,Yes,Electronic check,18.0,450.0,No
40942292,Female,0,Yes,Yes,26,Yes,No,DSL,Yes,Yes,No,Yes,No,Yes,Month-to-month,No,Mailed check,52.4,1417.42,No
26194158,Female,0,No,No,11,Yes,No,DSL,No,Yes,Yes,No,No,Yes,Month-to-month,Yes,Mailed check,90.67,1088.04,Yes
35848226,Female,0,No,Yes,22,Yes,Yes,Fiber optic,No,Yes,No,No,No,Yes,One year,Yes,Credit card (automatic),112.23,2581.29,No
52352128,Male,0,No,No,16,Yes,No,Fiber optic,Yes,No,Yes,No,No,Yes,Month-to-month,No,Bank transfer (automatic),75.9,1290.3,Yes
26046365,Female,0,No,No,43,Yes,No,Fiber optic,Yes,No,No,Yes,Yes,No,Month-to-month,Yes,Credit card (automatic),114.91,5033.06,No
81922443,Male,0,No,No,70,Yes,Yes,Fiber optic,No,Yes,Yes,No,Yes,No,Month-to-month,Yes,Electronic check,121.34,8615.14,No
34850391,Female,0,No,No,23,Yes,Yes,Fiber optic,No,Yes,Yes,Yes,Yes,Yes,Two year,Yes,Credit card (automatic),59.3,1423.2,No
35708194,Male,0,No,No,70,Yes,No,Fiber optic,No,No,No,No,No,Yes,Two year,No,Mailed check,44.71,3174.41,No
39042654,Male,0,Yes,No,59,Yes,No,No,No internet service,No internet service,No internet service,No internet service,No internet service,No internet service,Month-to-month,No,Mailed check,44.1,2646.0,No
74988034,Female,1,No,No,52,Yes,Yes,No,No internet service,No internet service,No internet service,No internet service,No internet service,No internet service,Month-to-month,No,Credit card (automatic),27.21,1442.13,Yes
47111151,Male,0,Yes,Yes,15,Yes,No,DSL,No,Yes,No,Yes,No,No,One year,Yes,Bank transfer (automatic),33.14,531.9,No
89133014,Female,0,Yes,No,24,Yes,Yes,Fiber optic,No,Yes,Yes,Yes,No,No,Month-to-month,Yes,Credit card (automatic),41.58,1039.5,Yes
80415568,Male,0,Yes,No,65,Yes,No,Fiber optic,Yes,Yes,No,No,No,No,Month-to-month,Yes,Credit card (automatic),35.01,2310.66,No
90099897,Female,0,Yes,No,49,Yes,Yes,DSL,No,No,No,No,No,Yes,Two year,Yes,Bank transfer (automatic),100.76,5038.0,Yes
47983442,Female,0,No,No,68,Yes,No,No,No internet service,No internet service,No internet service,No internet service,No internet service,No internet service,Month-to-month,No,Bank transfer (automatic),56.61,3906.09,Yes
23492385,Female,0,No,No,39,No,No phone service,DSL,No,No,Yes,No,No,No,Month-to-month,No,Electronic check,28.35,1134.0,Yes
36054020,Male,0,Yes,Yes,5,Yes,No,Fiber optic,Yes,No,No,No,Yes,Yes,One year,Yes,Electronic check,58.34,350.04,No
49761527,Male,0,Yes,Yes,63,Yes,No,DSL,No,No,Yes,No,No,Yes,Month-to-month,Yes,Electronic check,77.51,4960.64,No
40532273,Male,0,No,No,27,Yes,No,Fiber optic,No,No,No,No,Yes,No,Month-to-month,No,Credit card (automatic),62.17,1728.33,Yes
58436637,Female,0,No,Yes,8,Yes,No,DSL,No,No,No,No,Yes,Yes,Month-to-month,Yes,Bank transfer (automatic),63.49,571.41,No
34084236,Male,0,No,Yes,5,Yes,No,Fiber optic,No,Yes,Yes,No,No,No,Month-to-month,Yes,Bank transfer (automatic),18.0,108.0,Yes
50569669,Female,1,Yes,No,16,Yes,No,DSL,No,Yes,Yes,Yes,Yes,No,Month-to-month,Yes,Credit card (automatic),97.3,1654.1,No
11898961,Male,0,No,No,39,Yes,No,DSL,Yes,Yes,No,Yes,Yes,Yes,Month-to-month,No,Credit card (automatic),59.45,2378.0,Yes
81690398,Female,0,No,No,44,Yes,Yes,No,No internet service,No internet service,No internet service,No internet service,No internet service,No internet service,Month-to-month,No,Electronic check,30.98,1387.9,No
26989677,Female,0,Yes,Yes,42,Yes,No,DSL,No,Yes,No,Yes,No,No,One year,Yes,Credit card (automatic),66.79,2871.97,No
46817443,Female,1,Yes,No,45,Yes,Yes,Fiber optic,Yes,Yes,Yes,Yes,Yes,Yes,Two year,No,Bank transfer (automatic),55.12,2535.52,No
16109013,Female,0,Yes,No,62,Yes,No,Fiber optic,Yes,No,Yes,Yes,Yes,No,Two year,Yes,Credit card (automatic),73.67,4626.48,No
17318358,Male,0,Yes,No,0,Yes,No,DSL,Yes,Yes,No,No,Yes,No,Two year,No,Credit card (automatic),146.67,146.67,No
84270583,Female,0,No,No,58,Yes,Yes,DSL,No,Yes,Yes,Yes,No,No,Month-to-month,No,Mailed check,47.56,2806.04,No
49209916,Male,0,Yes,No,62,Yes,Yes,DSL,No,No,Yes,No,Yes,Yes,Month-to-month,No,Bank transfer (automatic),92.36,5818.68,Yes
26948946,Female,0,Yes,No,17,Yes,No,Fiber optic,No,No,Yes,Yes,No,No,Month-to-month,No,Credit card (automatic),60.16,1082.88,No
95613415,Male,1,Yes,No,64,Yes,No,No,No internet service,No internet service,No internet service,No internet service,No internet service,No internet service,Two year,Yes,Electronic check,58.31,3790.15,No
75884623,Female,0,Yes,No,19,Yes,No,No,No internet service,No internet service,No internet service,No internet service,No internet service,No internet service,Month-to-month,Yes,Mailed check,107.67,2153.4,Yes
23769080,Female,0,No,No,55,Yes,No,No,No internet service,No internet service,No internet service,No internet service,No internet service,No internet service,One year,Yes,Electronic check,75.45,4225.2,No
11646234,Male,0,Yes,Yes,53,Yes,Yes,Fiber optic,No,Yes,Yes,No,No,Yes,One year,No,Electronic check,118.37,6391.98,No
87049595,Female,0,No,No,47,Yes,No,No,No internet service,No internet service,No internet service,No internet service,No internet service,No internet service,Month-to-month,No,Bank transfer (automatic),68.46,3286.08,Yes
48163378,Female,1,Yes,No,53,Yes,No,DSL,No,No,No,No,No,No,Two year,Yes,Bank transfer (automatic),110.97,5992.38,No
73001391,Male,0,No,No,15,Yes,No,Fiber optic,No,No,No,No,No,No,Month-to-month,No,Mailed check,59.96,959.36,No
74251933,Male,0,No,No,19,Yes,No,Fiber optic,Yes,Yes,Yes,Yes,No,No,Month-to-month,Yes,Electronic check,49.44,991.27,No
69118721,Female,0,No,No,46,Yes,No,DSL,Yes,No,No,No,Yes,No,Two year,No,Electronic check,83.13,3890.48,No
55728776,Female,0,No,No,6,Yes,Yes,No,No internet service,No internet service,No internet service,No internet service,No internet service,No internet service,Two year,Yes,Electronic check,73.55,514.85,No
34744872,Male,0,No,Yes,22,Yes,Yes,DSL,Yes,Yes,Yes,No,No,No,One year,Yes,Credit card (automatic),29.87,687.01,No
16895666,Female,0,Yes,No,32,Yes,No,Fiber optic,Yes,No,No,No,No,Yes,Two year,Yes,Credit card (automatic),75.97,2507.01,No
43887075,Female,0,No,No,39,Yes,No,Fiber optic,Yes,Yes,No,No,Yes,No,Two year,No,Credit card (automatic),47.15,1886.0,No
74119726,Female,0,No,No,4,Yes,No,DSL,No,Yes,No,No,No,No,Month-to-month,No,Electronic check,94.51,472.55,Yes
25312516,Male,0,No,No,44,Yes,No,DSL,Yes,Yes,Yes,No,Yes,Yes,Two year,Yes,Credit card (automatic),50.09,2221.925,Yes
18770247,Male,0,Yes,No,40,Yes,No,DSL,Yes,No,Yes,Yes,Yes,Yes,One year,Yes,Credit card (automatic),59.08,2425.23,No
63782042,Female,0,Yes,No,7,No,No phone service,No,No internet service,No internet service,No internet service,No internet service,No internet service,No internet service,Month-to-month,Yes,Credit card (automatic),39.25,314.0,No
76001106,Female,0,No,No,49,Yes,Yes,Fiber optic,Yes,Yes,Yes,No,No,Yes,Two year,Yes,Mailed check,100.13,4986.47,No
19943140,Female,0,Yes,No,30,Yes,No,Fiber optic,No,No,No,Yes,Yes,Yes,Month-to-month,No,Mailed check,82.83,2567.73,Yes
87446468,Male,1,Yes,No,3,Yes,Yes,DSL,No,No,Yes,No,Yes,No,One year,Yes,Bank transfer (automatic),138.29,553.16,No
94482772,Female,0,Yes,No,65,Yes,Yes,Fiber optic,No,No,No,No,No,No,Month-to-month,No,Bank transfer (automatic),107.81,7115.46,Yes
17195288,Female,1,No,No,55,Yes,Yes,DSL,No,Yes,Yes,No,Yes,No,Month-to-month,Yes,Electronic check,56.76,3178.56,Yes
30364454,Male,1,No,Yes,4,Yes,No,Fiber optic,No,Yes,Yes,Yes,No,No,Month-to-month,No,Electronic check,23.48,117.4,Yes
30024960,Female,0,No,No,53,Yes,Yes,DSL,No,Yes,No,No,Yes,No,Month-to-month,No,Bank transfer (automatic),51.17,2763.18,Yes
85543051,Male,0,Yes,No,0,Yes,No,Fiber optic,No,No,Yes,Yes,No,No,One year,Yes,Credit card (automatic),65.28,65.28,Yes
50780112,Female,0,Yes,No,72,Yes,No,Fiber optic,No,Yes,No,No,Yes,Yes,One year,No,Bank transfer (automatic),18.0,1314.0,No
21432787,Female,0,Yes,No,60,Yes,Yes,Fiber optic,No,No,Yes,Yes,Yes,No,One year,No,Credit card (automatic),44.52,2715.72,No
43311626,Female,0,No,No,6,Yes,No,Fiber optic,No,Yes,Yes,Yes,Yes,No,Month-to-month,Yes,Mailed check,100.48,703.36,No
25898299,Male,0,No,Yes,29,Yes,No,Fiber optic,No,No,No,Yes,No,No,Two year,No,Mailed check,44.23,1326.9,No
84903294,Male,0,Yes,No,14,Yes,No,DSL,Yes,No,No,Yes,Yes,No,Two year,Yes,Credit card (automatic),43.78,656.7,No
65857931,Male,0,No,No,3,No,No phone service,Fiber optic,Yes,No,No,Yes,No,No,Month-to-month,Yes,Credit card (automatic),85.55,342.2,No
91378577,Female,0,No,No,62,Yes,Yes,Fiber optic,Yes,No,Yes,Yes,Yes,Yes,Month-to-month,No,Bank transfer (automatic),53.75,3386.25,No
90010790,Male,0,Yes,No,69,Yes,Yes,Fiber optic,No,No,No,Yes,No,Yes,Month-to-month,No,Mailed check,70.36,4925.2,Yes
93002706,Female,0,Yes,Yes,37,Yes,No,DSL,Yes,No,Yes,No,Yes,No,Two year,No,Mailed check,81.77,3107.26,No
40291214,Female,0,No,Yes,46,Yes,Yes,DSL,Yes,No,No,Yes,Yes,Yes,Two year,No,Bank transfer (automatic),51.44,2417.68,No
80138498,Male,0,Yes,No,59,Yes,Yes,No,No internet service,No internet service,No internet service,No internet service,No internet service,No internet service,Month-to-month,Yes,Electronic check,93.15,5589.0,No
61053474,Female,0,No,No,1,Yes,No,Fiber optic,No,No,No,No,No,No,Two year,Yes,Credit card (automatic),90.73,181.46,No
70467027,Female,1,Yes,No,68,No,No phone service,DSL,No,No,Yes,Yes,No,No,Month-to-month,Yes,Bank transfer (automatic),79.75,5506.74,No
69421007,Female,0,No,No,7,Yes,Yes,DSL,No,No,No,No,No,No,Month-to-month,No,Electronic check,115.34,922.72,No
49910061,Female,0,No,Yes,50,Yes,No,DSL,Yes,No,Yes,No,Yes,No,Month-to-month,Yes,Mailed check,96.38,4915.38,No
88990506,Female,0,No,No,18,Yes,No,DSL,No,No,No,No,No,No,Month-to-month,Yes,Electronic check,61.83,1174.77,No
67556566,Male,0,No,No,30,No,No phone service,Fiber optic,No,No,No,Yes,Yes,No,One year,Yes,Electronic check,47.13,1461.03,No
50987442,Female,0,No,No,21,Yes,No,DSL,No,No,Yes,No,No,No,One year,No,Bank transfer (automatic),74.65,1642.3,No
86320155,Male,1,No,No,32,Yes,No,No,No internet service,No internet service,No internet service,No internet service,No internet service,No internet service,Month-to-month,No,Electronic check,67.92,2241.36,Yes
93352876,Male,0,Yes,No,71,Yes,No,No,No internet service,No internet service,No internet service,No internet service,No internet service,No internet service,Two year,Yes,Mailed check,68.24,4913.28,No
18083974,Female,1,Yes,No,36,Yes,No,Fiber optic,No,Yes,Yes,Yes,No,No,Month-to-month,Yes,Bank transfer (automatic),53.22,1969.14,No
91823275,Female,0,No,Yes,11,Yes,No,No,No internet service,No internet service,No internet service,No internet service,No internet service,No internet service,Month-to-month,Yes,Electronic check,71.23,858.32,No
23318904,Female,0,No,No,68,Yes,Yes,Fiber optic,Yes,No,No,No,Yes,No,Two year,Yes,Credit card (automatic),116.87,8040.66,No
37888820,Male,0,Yes,No,63,Yes,No,Fiber optic,No,Yes,No,No,No,Yes,Two year,No,Electronic check,90.66,5802.24,No
93955206,Female,1,Yes,No,24,Yes,No,DSL,Yes,No,Yes,No,Yes,No,Two year,Yes,Bank transfer (automatic),74.11,1852.75,No
38323322,Male,0,No,No,53,Yes,No,DSL,Yes,No,Yes,Yes,No,Yes,Month-to-month,Yes,Credit card (automatic),107.14,5785.56,No
45520201,Female,0,Yes,No,28,Yes,No,DSL,Yes,No,No,Yes,No,No,One year,Yes,Electronic check,91.81,2662.49,No
98641164,Male,0,No,No,12,Yes,No,DSL,No,No,Yes,No,No,No,Two year,No,Electronic check,60.19,782.47,No
20896797,Female,0,No,No,25,Yes,Yes,Fiber optic,Yes,No,No,No,Yes,No,One year,Yes,Electronic check,68.41,1778.66,No
31079846,Female,0,No,Yes,21,Yes,Yes,DSL,No,Yes,Yes,Yes,No,Yes,One year,Yes,Mailed check,97.02,2134.44,No
42194159,Male,1,Yes,Yes,72,Yes,Yes,DSL,Yes,No,Yes,Yes,Yes,No,One year,No,Bank transfer (automatic),77.18,5638.0,No
33328859,Male,0,Yes,Yes,9,Yes,Yes,No,No internet service,No internet service,No internet service,No internet service,No internet service,No internet service,Month-to-month,No,Bank transfer (automatic),82.79,827.9,Yes
84087145,Female,0,Yes,No,47,Yes,No,Fiber optic,No,Yes,No,Yes,No,No,Month-to-month,Yes,Electronic check,32.4,1555.2,Yes
20075036,Male,0,Yes,Yes,41,Yes,No,Fiber optic,No,No,No,Yes,Yes,Yes,One year,Yes,Bank transfer (automatic),54.21,2265.98,No
31009452,Female,0,No,No,58,Yes,No,DSL,No,No,Yes,Yes,Yes,No,Month-to-month,Yes,Mailed check,68.28,4028.52,No
10359129,Male,0,No,Yes,52,Yes,No,No,No internet service,No internet service,No internet service,No internet service,No internet service,No internet service,Month-to-month,Yes,Mailed check,103.95,5509.35,No
64830300,Male,0,Yes,No,39,Yes,No,DSL,No,Yes,Yes,No,No,No,Month-to-month,Yes,Mailed check,126.73,5043.85,No
70465583,Female,0,Yes,No,61,Yes,No,Fiber optic,Yes,No,Yes,Yes,No,No,One year,Yes,Mailed check,42.99,2665.38,No
89699989,Female,0,Yes,No,5,Yes,No,Fiber optic,No,Yes,Yes,No,No,Yes,Month-to-month,Yes,Mailed check,51.37,297.95,No
73070585,Female,1,No,Yes,3,Yes,No,Fiber optic,No,Yes,Yes,Yes,No,No,One year,Yes,Mailed check,83.41,333.64,No
49092160,Male,1,Yes,Yes,54,Yes,Yes,No,No internet service,No internet service,No internet service,No internet service,No internet service,No internet service,One year,No,Electronic check,133.81,7359.55,No
14380847,Male,0,No,No,68,Yes,No,DSL,No,Yes,Yes,No,Yes,Yes,Two year,Yes,Electronic check,40.11,2769.6,No
41068214,Female,0,No,No,2,Yes,No,No,No internet service,No internet service,No internet service,No internet service,No internet service,No internet service,One year,No,Electronic check,18.0,54.0,Yes
48668783,Female,1,No,No,6,Yes,No,Fiber optic,No,No,No,No,Yes,No,Month-to-month,No,Electronic check,74.92,524.44,Yes
47945817,Male,0,No,No,11,Yes,No,Fiber optic,No,No,No,No,Yes,Yes,Month-to-month,No,Electronic check,29.53,354.36,No
70939053,Male,0,Yes,No,16,Yes,Yes,No,No internet service,No internet service,No internet service,No internet service,No internet service,No internet service,Month-to-month,No,Credit card (automatic),87.03,1479.51,No
19553585,Male,1,No,Yes,66,Yes,Yes,Fiber optic,Yes,No,No,No,Yes,Yes,One year,Yes,Electronic check,93.44,6260.48,No
41329612,Female,0,Yes,No,69,Yes,Yes,Fiber optic,Yes,Yes,Yes,No,No,No,Two year,No,Mailed check,63.4,4438.0,No
45507920,Female,0,No,No,35,Yes,No,DSL,No,Yes,No,Yes,Yes,No,Month-to-month,Yes,Credit card (automatic),56.51,2034.36,No
93893865,Female,0,Yes,Yes,16,Yes,No,No,No internet service,No internet service,No internet service,No internet service,No internet service,No internet service,Month-to-month,No,Electronic check,48.63,826.71,No
89160218,Male,0,No,No,0,No,No phone service,Fiber optic,Yes,No,Yes,No,Yes,Yes,Month-to-month,No,Bank transfer (automatic),71.95,71.95,Yes
98742485,Female,0,Yes,No,66,Yes,Yes,No,No internet service,No internet service,No internet service,No internet service,No internet service,No internet service,Two year,No,Credit card (automatic),30.45,2040.15,No
36550845,Male,0,No,No,48,Yes,Yes,No,No internet service,No internet service,No internet service,No internet service,No internet service,No internet service,Two year,No,Electronic check,56.18,2752.82,No
67061186,Female,0,Yes,Yes,50,Yes,No,DSL,No,No,Yes,Yes,No,No,Two year,No,Credit card (automatic),48.09,2452.59,No
25405014,Male,0,No,No,70,Yes,No,Fiber optic,Yes,No,No,No,No,No,One year,Yes,Bank transfer (automatic),78.29,5558.59,No
83089925,Male,0,No,No,42,Yes,No,No,No internet service,No internet service,No internet service,No internet service,No internet service,No internet service,Month-to-month,Yes,Credit card (automatic),80.45,3459.35,No
40173413,Male,0,Yes,Yes,30,No,No phone service,Fiber optic,Yes,No,No,Yes,No,No,Month-to-month,Yes,Electronic check,112.29,3480.99,No
96924061,Female,0,No,Yes,23,Yes,Yes,Fiber optic,No,Yes,Yes,Yes,Yes,No,Two year,Yes,Electronic check,40.61,974.64,No
29997018,Female,0,No,No,36,Yes,No,DSL,No,Yes,Yes,No,Yes,No,Month-to-month,Yes,Electronic check,59.63,2206.31,Yes
45652586,Female,0,Yes,No,64,Yes,No,Fiber optic,No,No,Yes,No,Yes,Yes,Month-to-month,Yes,Credit card (automatic),98.07,6374.55,Yes
29090631,Male,0,No,No,62,Yes,No,Fiber optic,Yes,Yes,Yes,Yes,No,Yes,Two year,No,Credit card (automatic),84.21,5305.23,No
19584466,Male,0,No,No,55,Yes,No,Fiber optic,Yes,No,No,No,Yes,No,Month-to-month,Yes,Bank transfer (automatic),50.19,2810.64,No
18004482,Male,0,No,No,17,Yes,No,Fiber optic,No,No,Yes,No,Yes,No,One year,No,Mailed check,30.32,539.7,No
32269779,Male,0,Yes,No,64,Yes,No,DSL,Yes,No,No,Yes,Yes,No,Two year,Yes,Electronic check,125.51,8164.43,No
51286958,Male,0,Yes,No,28,Yes,Yes,Fiber optic,Yes,Yes,No,Yes,No,Yes,One year,Yes,Electronic check,22.22,644.38,No
89865458,Female,0,No,No,3,Yes,No,No,No internet service,No internet service,No internet service,No internet service,No internet service,No internet service,Month-to-month,Yes,Electronic check,32.56,130.24,Yes
86397676,Male,0,Yes,No,11,Yes,No,Fiber optic,No,Yes,Yes,No,Yes,Yes,Month-to-month,Yes,Bank transfer (automatic),75.61,907.32,Yes
48736657,Female,0,No,No,55,No,No phone service,No,No internet service,No internet service,No internet service,No internet service,No internet service,No internet service,Month-to-month,No,Bank transfer (automatic),98.83,5514.71,No
68942178,Female,1,Yes,Yes,47,No,No phone service,Fiber optic,No,No,Yes,Yes,Yes,Yes,Month-to-month,Yes,Mailed check,43.69,2097.12,No
26690465,Male,0,Yes,No,18,Yes,No,No,No internet service,No internet service,No internet service,No internet service,No internet service,No internet service,Two year,Yes,Credit card (automatic),90.47,1718.93,No
72907576,Female,0,No,No,25,Yes,Yes,Fiber optic,No,No,Yes,No,No,No,Month-to-month,No,Electronic check,39.72,1032.72,No
50814428,Female,0,No,No,37,Yes,No,No,No internet service,No internet service,No internet service,No internet service,No internet service,No internet service,One year,Yes,Electronic check,94.03,3554.33,No
64023778,Male,0,No,No,24,Yes,No,Fiber optic,Yes,No,Yes,Yes,Yes,Yes,Two year,Yes,Credit card (automatic),94.4,2360.0,No
46540265,Female,1,Yes,No,55,No,No phone service,DSL,Yes,No,No,Yes,Yes,Yes,Month-to-month,Yes,Mailed check,43.67,2445.52,No
77172238,Male,0,Yes,No,27,Yes,Yes,No,No internet service,No internet service,No internet service,No internet service,No internet service,No internet service,Month-to-month,No,Bank transfer (automatic),96.34,2678.25,No
82475098,Female,0,Yes,No,60,Yes,No,Fiber optic,Yes,Yes,Yes,No,Yes,No,Two year,Yes,Mailed check,40.57,2476.8,No
76276072,Female,0,No,No,50,Yes,No,DSL,No,No,No,No,No,Yes,Two year,No,Mailed check,18.0,914.4,Yes
68755000,Female,0,No,Yes,11,Yes,Yes,DSL,Yes,Yes,Yes,Yes,No,Yes,Two year,Yes,Electronic check,65.58,786.96,No
20796722,Female,0,No,No,7,Yes,No,Fiber optic,Yes,No,No,No,No,No,Month-to-month,Yes,Bank transfer (automatic),81.57,652.56,No
90267122,Male,0,Yes,No,57,Yes,No,Fiber optic,Yes,No,No,No,No,No,Month-to-month,Yes,Electronic check,92.77,5380.66,No
15350023,Female,0,No,No,22,Yes,No,Fiber optic,No,No,No,No,No,Yes,Two year,Yes,Mailed check,102.2,2355.71,No
67985905,Male,0,Yes,No,36,Yes,No,Fiber optic,No,No,No,Yes,Yes,Yes,Month-to-month,Yes,Electronic check,38.8,1435.6,No
53261270,Female,0,No,No,10,Yes,No,DSL,No,No,Yes,No,No,No,One year,Yes,Electronic check,69.67,766.37,No
91029073,Male,0,Yes,No,16,Yes,No,Fiber optic,Yes,No,No,Yes,No,Yes,Month-to-month,Yes,Credit card (automatic),56.76,964.92,Yes
43603811,Male,0,No,Yes,55,No,No phone service,DSL,No,No,Yes,No,Yes,Yes,One year,No,Credit card (automatic),69.62,3902.2,No
13471527,Male,0,Yes,No,52,Yes,Yes,Fiber optic,No,Yes,No,No,Yes,No,Two year,Yes,Electronic check,139.02,7368.06,No
22257687,Female,0,Yes,Yes,66,No,No phone service,No,No internet service,No internet service,No internet service,No internet service,No internet service,No internet service,Month-to-month,Yes,Credit card (automatic),64.25,4304.75,No
40725714,Female,0,Yes,No,1,No,No phone service,No,No internet service,No internet service,No internet service,No internet service,No internet service,No internet service,Month-to-month,Yes,Credit card (automatic),40.59,73.06,No
87201917,Female,0,Yes,Yes,28,Yes,No,DSL,No,No,No,No,No,No,One year,Yes,Mailed check,62.33,1807.57,No
88802305,Male,1,Yes,No,56,Yes,No,Fiber optic,No,No,No,No,No,No,Month-to-month,No,Mailed check,95.36,5435.52,No
12784407,Female,0,Yes,Yes,33,Yes,No,Fiber optic,Yes,No,Yes,No,Yes,Yes,Month-to-month,Yes,Mailed check,84.54,2874.36,Yes
46173157,Male,1,Yes,No,1,Yes,No,DSL,No,No,No,No,No,Yes,Two year,Yes,Bank transfer (automatic),101.21,202.42,No
87342561,Male,0,No,No,30,Yes,No,No,No internet service,No internet service,No internet service,No internet service,No internet service,No internet service,Two year,No,Electronic check,125.45,3888.95,No
15399803,Female,0,Yes,Yes,43,No,No phone service,Fiber optic,No,Yes,Yes,No,No,No,One year,Yes,Electronic check,124.17,5463.48,No
33513701,Male,0,No,No,55,Yes,Yes,Fiber optic,Yes,No,No,No,No,No,One year,No,Credit card (automatic),45.92,2571.52,Yes
73149551,Female,0,Yes,No,53,Yes,No,Fiber optic,Yes,Yes,No,No,No,No,Two year,Yes,Credit card (automatic),92.48,4998.54,No
79654147,Female,0,No,No,52,No,No phone service,DSL,No,No,No,Yes,No,Yes,Month-to-month,Yes,Mailed check,18.0,954.0,No
97444123,Male,0,No,No,45,Yes,No,DSL,Yes,No,No,No,No,No,Month-to-month,No,Electronic check,102.75,4726.5,Yes
69355025,Male,0,Yes,No,53,Yes,No,DSL,No,No,No,No,No,Yes,One year,No,Credit card (automatic),23.55,1271.7,No
47333543,Male,0,No,No,30,Yes,No,Fiber optic,No,No,No,No,No,No,Month-to-month,Yes,Electronic check,23.69,734.39,Yes
34359060,Female,0,Yes,No,23,Yes,Yes,DSL,Yes,Yes,Yes,No,No,No,Month-to-month,Yes,Electronic check,64.31,1543.44,No
88561612,Female,0,No,No,24,Yes,No,No,No internet service,No internet service,No internet service,No internet service,No internet service,No internet service,Month-to-month,Yes,Electronic check,97.94,2448.5,Yes
68503492,Male,0,No,No,34,Yes,No,Fiber optic,Yes,No,Yes,Yes,No,Yes,One year,Yes,Bank transfer (automatic),41.83,1464.05,Yes
95199362,Male,0,Yes,No,56,Yes,No,No,No internet service,No internet service,No internet service,No internet service,No internet service,No internet service,Month-to-month,Yes,Credit card (automatic),54.12,3084.84,Yes
75998319,Male,0,Yes,No,71,Yes,Yes,No,No internet service,No internet service,No internet service,No internet service,No internet service,No internet service,Month-to-month,No,Bank transfer (automatic),44.95,3236.4,No
22246348,Female,0,Yes,Yes,68,Yes,No,Fiber optic,Yes,Yes,Yes,No,No,No,Month-to-month,No,Mailed check,74.43,5135.67,No
73083727,Male,0,Yes,No,27,Yes,No,DSL,Yes,No,Yes,Yes,No,No,Month-to-month,No,Electronic check,97.65,2739.08,No
56702542,Female,1,No,No,32,Yes,No,Fiber optic,No,No,No,No,Yes,No,Month-to-month,No,Electronic check,70.52,2327.16,Yes
64807553,Female,0,Yes,No,52,Yes,No,DSL,No,No,No,No,No,No,Two year,No,Electronic check,51.38,2712.86,No
54735895,Male,1,Yes,Yes,15,Yes,No,DSL,Yes,No,No,No,Yes,Yes,One year,Yes,Electronic check,116.02,1856.32,Yes
53091709,Female,1,Yes,Yes,25,Yes,Yes,Fiber optic,Yes,No,No,No,Yes,Yes,Month-to-month,No,Electronic check,100.55,2614.3,No
99943797,Male,0,Yes,No,11,Yes,No,Fiber optic,Yes,No,No,No,No,No,Month-to-month,Yes,Credit card (automatic),46.5,558.0,No
24039158,Female,0,Yes,No,30,Yes,No,DSL,Yes,Yes,Yes,Yes,No,No,Month-to-month,No,Bank transfer (automatic),43.2,1341.36,Yes
31585546,Female,0,No,No,26,No,No phone service,Fiber optic,No,Yes,No,No,Yes,No,Month-to-month,No,Mailed check,57.82,1561.14,Yes
54265498,Male,0,Yes,No,35,Yes,No,DSL,Yes,No,No,No,No,No,Two year,Yes,Credit card (automatic),99.41,3578.76,No
65250068,Male,0,No,Yes,58,Yes,Yes,Fiber optic,No,No,No,Yes,Yes,No,One year,Yes,Electronic check,18.0,1062.0,Yes
76500726,Male,0,Yes,No,2,Yes,No,No,No internet service,No internet service,No internet service,No internet service,No internet service,No internet service,One year,Yes,Credit card (automatic),109.29,327.87,No
48683937,Male,0,Yes,No,31,Yes,No,Fiber optic,Yes,No,No,Yes,Yes,No,Month-to-month,No,Electronic check,59.26,1896.32,No
98930456,Male,1,No,No,14,Yes,Yes,No,No internet service,No internet service,No internet service,No internet service,No internet service,No internet service,Month-to-month,Yes,Credit card (automatic),33.27,499.05,No
63747791,Male,0,Yes,No,65,Yes,Yes,Fiber optic,No,No,No,No,Yes,No,One year,Yes,Electronic check,74.25,4900.5,No
83832717,Male,0,Yes,Yes,62,Yes,No,DSL,No,No,No,No,No,Yes,Two year,Yes,Electronic check,78.44,4941.72,No
14925405,Female,0,No,Yes,0,Yes,No,Fiber optic,No,Yes,No,No,Yes,No,Month-to-month,Yes,Bank transfer (automatic),96.13,100.94,Yes
71045700,Female,1,No,No,4,Yes,No,DSL,No,No,No,No,Yes,Yes,Two year,No,Bank transfer (automatic),104.4,522.0,No
21819185,Female,0,Yes,No,5,Yes,No,Fiber optic,Yes,No,No,No,No,No,One year,Yes,Credit card (automatic),80.38,482.28,No
52213778,Male,0,No,No,4,Yes,No,Fiber optic,No,Yes,No,Yes,No,No,Two year,Yes,Electronic check,85.17,425.85,No
43876400,Male,0,No,Yes,72,Yes,No,No,No internet service,No internet service,No internet service,No internet service,No internet service,No internet service,Month-to-month,No,Credit card (automatic),71.93,5250.89,No
53389073,Female,0,Yes,Yes,27,Yes,Yes,Fiber optic,No,No,Yes,No,No,No,Two year,Yes,Credit card (automatic),89.95,2518.6,No
25558733,Male,0,Yes,No,68,Yes,Yes,No,No internet service,No internet service,No internet service,No internet service,No internet service,No internet service,Two year,Yes,Mailed check,51.69,3556.27,Yes
64247457,Male,0,Yes,No,43,Yes,No,Fiber optic,No,No,No,Yes,No,No,Two year,Yes,Mailed check,58.24,2562.56,No
79067939,Female,0,Yes,No,15,Yes,No,DSL,No,Yes,No,No,Yes,Yes,Two year,No,Mailed check,22.99,367.84,No
10154493,Male,0,No,Yes,70,Yes,No,Fiber optic,Yes,Yes,Yes,No,No,No,One year,Yes,Credit card (automatic),119.54,8487.34,No
98269682,Male,0,No,No,21,No,No phone service,No,No internet service,No internet service,No internet service,No internet service,No internet service,No internet service,Month-to-month,Yes,Bank transfer (automatic),51.06,1123.32,No
82825679,Female,1,No,No,72,Yes,No,Fiber optic,Yes,Yes,No,No,Yes,No,Two year,Yes,Credit card (automatic),102.27,7445.26,No
72005415,Male,0,Yes,No,22,Yes,No,Fiber optic,No,No,No,Yes,Yes,Yes,Month-to-month,No,Mailed check,107.76,2478.48,No
65465150,Female,1,Yes,No,42,Yes,Yes,Fiber optic,Yes,Yes,Yes,No,Yes,Yes,One year,Yes,Credit card (automatic),23.63,1016.09,No
17275149,Male,0,No,No,67,Yes,No,Fiber optic,No,Yes,No,No,No,Yes,Month-to-month,No,Mailed check,74.1,5038.8,Yes
35176902,Male,0,Yes,No,42,Yes,No,DSL,No,Yes,Yes,No,No,Yes,Month-to-month,Yes,Electronic check,89.69,3856.67,Yes
79583757,Male,0,No,Yes,25,Yes,No,DSL,Yes,Yes,No,No,No,No,Month-to-month,No,Bank transfer (automatic),53.46,1389.96,No
58557203,Female,0,No,No,40,Yes,No,DSL,Yes,No,No,No,Yes,Yes,Two year,Yes,Credit card (automatic),28.98,1188.18,No
93568503,Male,0,No,No,69,Yes,No,Fiber optic,No,No,Yes,No,Yes,No,Month-to-month,No,Electronic check,114.51,8015.7,Yes
76906611,Male,0,Yes,No,30,Yes,No,No,No internet service,No internet service,No internet service,No internet service,No internet service,No internet service,Month-to-month,No,Electronic check,89.45,2772.95,No
93940940,Female,0,Yes,No,16,Yes,No,No,No internet service,No internet service,No internet service,No internet service,No internet service,No internet service,Month-to-month,Yes,Credit card (automatic),71.24,1196.83,No
69329732,Male,0,No,No,8,Yes,No,DSL,Yes,Yes,Yes,No,No,Yes,Month-to-month,Yes,Electronic check,38.62,347.58,No
16927215,Female,0,No,No,54,Yes,No,Fiber optic,No,No,No,No,Yes,No,Two year,Yes,Mailed check,39.56,2175.8,No
37321124,Male,0,No,No,5,Yes,No,Fiber optic,Yes,Yes,Yes,No,No,Yes,Two year,Yes,Electronic check,75.02,450.12,No
45843681,Female,0,Yes,Yes,69,Yes,Yes,Fiber optic,No,No,Yes,Yes,No,No,One year,No,Electronic check,56.04,3922.8,No
83715012,Female,0,No,No,63,Yes,No,Fiber optic,Yes,Yes,Yes,Yes,Yes,No,Month-to-month,Yes,Mailed check,76.57,4900.48,No
27584297,Female,0,No,No,3,No,No phone service,DSL,No,No,No,No,No,No,One year,No,Credit card (automatic),81.19,308.52,No
48658617,Male,0,Yes,Yes,66,Yes,No,No,No internet service,No internet service,No internet service,No internet service,No internet service,No internet service,One year,Yes,Electronic check,56.46,3782.82,No
68802946,Female,0,No,No,55,Yes,Yes,No,No internet service,No internet service,No internet service,No internet service,No internet service,No internet service,One year,Yes,Bank transfer (automatic),120.81,6765.36,No
75056916,Male,0,No,Yes,17,Yes,No,DSL,Yes,Yes,Yes,No,No,No,Two year,No,Electronic check,47.34,852.12,No
26297533,Female,0,Yes,No,31,No,No phone service,Fiber optic,Yes,No,Yes,No,No,No,Two year,Yes,Electronic check,41.53,1328.96,No
13874790,Female,0,Yes,Yes,47,Yes,No,DSL,Yes,Yes,No,No,Yes,No,Month-to-month,No,Credit card (automatic),82.59,3947.8,Yes
94560158,Male,0,No,No,28,Yes,No,DSL,Yes,Yes,Yes,Yes,No,No,One year,Yes,Electronic check,84.45,2449.05,No
91721371,Male,0,Yes,No,31,Yes,No,No,No internet service,No internet service,No internet service,No internet service,No internet service,No internet service,Month-to-month,No,Credit card (automatic),39.95,1278.4,No
42117961,Female,0,No,No,24,Yes,Yes,Fiber optic,Yes,No,No,No,No,Yes,Two year,No,Bank transfer (automatic),59.7,1492.5,No
31257157,Male,1,Yes,Yes,62,Yes,No,DSL,Yes,No,No,Yes,No,No,One year,Yes,Bank transfer (automatic),23.79,1498.77,No
51708177,Male,0,Yes,Yes,8,Yes,Yes,Fiber optic,Yes,Yes,Yes,Yes,No,Yes,One year,Yes,Mailed check,53.05,477.45,No
83932360,Male,0,No,No,70,Yes,No,No,No internet service,No internet service,No internet service,No internet service,No internet service,No internet service,Month-to-month,Yes,Bank transfer (automatic),94.09,6680.39,No
11835355,Female,1,No,No,13,Yes,No,No,No internet service,No internet service,No internet service,No internet service,No internet service,No internet service,Month-to-month,No,Electronic check,31.18,436.52,Yes
84121929,Female,1,Yes,No,19,Yes,No,DSL,No,Yes,Yes,Yes,No,No,Month-to-month,Yes,Electronic check,37.26,745.2,No
64759583,Male,0,No,Yes,9,Yes,No,No,No internet service,No internet service,No internet service,No internet service,No internet service,No internet service,Month-to-month,No,Electronic check,45.13,451.3,No
22510327,Female,0,Yes,No,10,Yes,No,No,No internet service,No internet service,No internet service,No internet service,No internet service,No internet service,Month-to-month,No,Bank transfer (automatic),104.22,1146.42,Yes
40158811,Male,1,Yes,Yes,38,Yes,No,Fiber optic,No,No,Yes,Yes,No,No,Month-to-month,No,Credit card (automatic),99.99,3899.61,No
25228493,Male,0,Yes,No,18,Yes,Yes,Fiber optic,No,Yes,No,Yes,Yes,Yes,Two year,No,Bank transfer (automatic),18.0,342.0,No
71934487,Male,1,Yes,No,18,No,No phone service,DSL,Yes,Yes,No,No,No,No,Month-to-month,No,Bank transfer (automatic),18.0,342.0,No
25766039,Male,0,No,No,42,Yes,Yes,DSL,Yes,Yes,Yes,Yes,No,No,Two year,Yes,Credit card (automatic),72.65,3123.95,No
96934122,Male,0,No,No,60,Yes,Yes,Fiber optic,No,No,Yes,Yes,No,No,Month-to-month,Yes,Bank transfer (automatic),21.77,1327.97,No
30665654,Female,0,No,No,69,No,No phone service,No,No internet service,No internet service,No internet service,No internet service,No internet service,No internet service,Month-to-month,Yes,Mailed check,106.21,7434.7,No
76890827,Male,0,No,No,71,Yes,No,No,No internet service,No internet service,No internet service,No internet service,No internet service,No internet service,Two year,Yes,Electronic check,18.0,1296.0,Yes
49172995,Female,0,Yes,No,64,Yes,No,Fiber optic,Yes,Yes,No,Yes,Yes,Yes,Two year,Yes,Mailed check,47.44,3083.6,No
78299645,Female,1,No,No,22,Yes,No,Fiber optic,No,No,No,Yes,No,Yes,Month-to-month,Yes,Mailed check,76.24,1753.52,Yes
46698468,Male,0,No,No,59,Yes,No,Fiber optic,No,No,Yes,No,No,No,Month-to-month,No,Electronic check,114.2,6829.16,Yes
65766169,Male,0,No,No,9,Yes,No,Fiber optic,No,No,Yes,Yes,No,Yes,Month-to-month,No,Electronic check,69.87,684.73,No
74759996,Male,0,No,Yes,62,No,No phone service,DSL,No,No,No,Yes,No,No,Month-to-month,No,Bank transfer (automatic),79.49,5007.87,No
73380266,Male,0,No,Yes,1,Yes,No,DSL,No,No,No,No,Yes,No,Month-to-month,No,Electronic check,75.32,150.64,Yes
42713008,Female,0,Yes,Yes,35,Yes,No,DSL,No,No,Yes,Yes,Yes,Yes,Month-to-month,No,Credit card (automatic),98.22,3535.92,No
71308842,Female,0,No,Yes,56,Yes,Yes,DSL,No,Yes,Yes,No,No,No,Two year,Yes,Electronic check,79.24,4516.68,No
83989546,Male,0,No,Yes,65,Yes,No,DSL,Yes,Yes,Yes,Yes,No,No,Two year,Yes,Mailed check,92.13,6080.58,No
29413516,Female,0,No,No,19,Yes,Yes,Fiber optic,No,Yes,Yes,Yes,Yes,Yes,Two year,Yes,Electronic check,92.73,1854.6,Yes
61484043,Female,0,Yes,Yes,41,No,No phone service,DSL,Yes,No,Yes,Yes,Yes,No,Month-to-month,No,Credit card (automatic),102.69,4312.98,No
35583290,Female,0,No,No,20,No,No phone service,Fiber optic,Yes,No,Yes,Yes,Yes,Yes,Month-to-month,No,Mailed check,18.0,378.0,Yes
90447099,Female,1,No,No,65,No,No phone service,No,No internet service,No internet service,No internet service,No internet service,No internet service,No internet service,One year,No,Credit card (automatic),24.36,1607.76,No
78214937,Female,0,Yes,Yes,37,Yes,No,Fiber optic,No,No,No,Yes,No,Yes,Two year,No,Bank transfer (automatic),90.3,3431.4,No
28321839,Female,0,No,Yes,68,Yes,No,Fiber optic,No,No,Yes,No,Yes,No,Month-to-month,No,Electronic check,128.91,8894.79,No
19369750,Female,0,Yes,Yes,23,Yes,No,DSL,Yes,Yes,Yes,No,Yes,No,Two year,No,Credit card (automatic),79.76,1914.24,No
47077298,Female,0,Yes,Yes,25,Yes,No,Fiber optic,Yes,No,No,No,Yes,Yes,Month-to-month,No,Bank transfer (automatic),62.27,1619.02,No
65692629,Male,0,Yes,No,1,Yes,No,Fiber optic,No,No,No,Yes,No,Yes,Month-to-month,No,Electronic check,99.56,199.12,No
55617282,Female,0,No,No,45,Yes,No,Fiber optic,Yes,No,No,No,Yes,Yes,Month-to-month,No,Electronic check,109.64,5043.44,Yes
78147397,Female,0,Yes,Yes,33,No,No phone service,Fiber optic,Yes,No,Yes,No,No,No,Two year,Yes,Mailed check,90.21,3067.14,No
45859307,Male,0,No,No,61,Yes,No,Fiber optic,No,No,Yes,Yes,Yes,Yes,Month-to-month,Yes,Bank transfer (automatic),68.93,4273.66,No
10344303,Female,0,Yes,Yes,40,Yes,Yes,No,No internet service,No internet service,No internet service,No internet service,No internet service,No internet service,Month-to-month,Yes,Credit card (automatic),71.48,2916.38,No
47962005,Male,0,Yes,No,14,Yes,No,DSL,No,No,Yes,Yes,No,No,One year,No,Electronic check,77.89,1168.35,No
50071487,Male,0,Yes,No,54,Yes,No,DSL,No,Yes,No,No,No,Yes,Two year,Yes,Electronic check,109.76,6042.29,No
88777447,Female,0,Yes,No,2,Yes,No,Fiber optic,No,Yes,Yes,Yes,No,No,Month-to-month,Yes,Bank transfer (automatic),82.62,247.86,No
87835998,Female,0,No,No,37,Yes,Yes,Fiber optic,No,No,Yes,No,Yes,No,Month-to-month,Yes,Electronic check,83.02,3154.76,Yes
98575748,Male,0,No,Yes,50,Yes,Yes,DSL,No,No,Yes,Yes,No,Yes,Two year,No,Electronic check,98.67,5032.17,No
75718414,Male,1,Yes,No,16,No,No phone service,No,No internet service,No internet service,No internet service,No internet service,No internet service,No internet service,Two year,Yes,Bank transfer (automatic),68.52,1164.84,No
29944139,Female,1,Yes,No,48,Yes,No,Fiber optic,No,No,No,Yes,Yes,Yes,Two year,Yes,Electronic check,77.73,3793.22,No
69934576,Male,0,No,No,20,Yes,Yes,Fiber optic,No,No,No,Yes,Yes,Yes,Two year,No,Bank transfer (automatic),128.94,2707.74,No
82287061,Female,0,Yes,Yes,23,Yes,No,Fiber optic,No,Yes,No,No,No,No,Month-to-month,No,Bank transfer (automatic),50.93,1222.32,No
75007200,Male,0,No,No,39,Yes,No,Fiber optic,No,No,Yes,Yes,No,No,Month-to-month,No,Mailed check,52.89,2115.6,Yes
56321751,Female,1,No,No,19,Yes,No,No,No internet service,No internet service,No internet service,No internet service,No internet service,No internet service,Two year,No,Electronic check,44.22,884.4,No
54619335,Male,0,Yes,No,34,Yes,Yes,DSL,No,No,No,No,Yes,No,One year,Yes,Electronic check,79.47,2781.45,No
84077101,Male,0,Yes,Yes,47,Yes,No,DSL,No,No,No,No,No,Yes,Month-to-month,Yes,Mailed check,81.27,3905.02,Yes
82937948,Male,0,No,No,32,Yes,No,DSL,Yes,No,No,No,No,No,One year,No,Electronic check,18.0,594.0,No
60628276,Male,0,Yes,Yes,55,Yes,No,No,No internet service,No internet service,No internet service,No internet service,No internet service,No internet service,Month-to-month,No,Mailed check,98.93,5540.08,No
71115319,Female,1,Yes,No,40,Yes,No,Fiber optic,Yes,Yes,No,No,Yes,Yes,One year,Yes,Electronic check,37.54,1539.14,No
53188224,Female,0,Yes,No,53,Yes,No,No,No internet service,No internet service,No internet service,No internet service,No internet service,No internet service,Month-to-month,No,Credit card (automatic),83.5,4509.0,Yes
35320492,Female,0,No,No,43,Yes,No,No,No internet service,No internet service,No internet service,No internet service,No internet service,No internet service,One year,No,Electronic check,73.82,3248.08,No
42051937,Female,0,No,No,71,Yes,No,Fiber optic,Yes,Yes,Yes,No,No,No,Two year,No,Bank transfer (automatic),18.0,2221.925,No
86745380,Male,0,Yes,No,10,Yes,Yes,DSL,Yes,Yes,No,Yes,No,No,Two year,Yes,Bank transfer (automatic),18.0,198.0,No
61401477,Female,0,No,No,13,Yes,Yes,Fiber optic,Yes,No,No,No,No,No,One year,Yes,Bank transfer (automatic),36.35,508.9,No
41348220,Female,0,Yes,Yes,41,Yes,No,DSL,Yes,No,No,No,No,Yes,Month-to-month,Yes,Mailed check,105.34,4429.55,No
65133300,Male,1,No,No,11,No,No phone service,No,No internet service,No internet service,No internet service,No internet service,No internet service,No internet service,Month-to-month,Yes,Electronic check,18.0,212.4,No
15858241,Male,0,Yes,No,16,Yes,Yes,DSL,No,No,No,No,Yes,No,One year,No,Bank transfer (automatic),103.36,1757.12,Yes
52704903,Male,0,No,Yes,24,Yes,No,Fiber optic,Yes,Yes,Yes,Yes,Yes,No,One year,Yes,Bank transfer (automatic),18.0,450.0,No
73481797,Male,1,No,No,25,Yes,No,DSL,No,Yes,No,Yes,Yes,No,Month-to-month,Yes,Credit card (automatic),18.0,468.0,Yes
61167978,Female,0,Yes,Yes,46,Yes,No,DSL,No,Yes,No,Yes,No,No,Two year,Yes,Credit card (automatic),78.9,3708.3,No
61818612,Female,0,Yes,No,24,Yes,No,DSL,Yes,No,Yes,No,Yes,Yes,One year,Yes,Electronic check,68.96,1724.0,No
99078806,Male,0,Yes,No,59,No,No phone service,Fiber optic,Yes,No,Yes,Yes,Yes,No,One year,Yes,Credit card (automatic),18.0,1080.0,No
97512508,Male,0,Yes,No,59,Yes,No,DSL,Yes,No,No,Yes,No,No,Month-to-month,No,Bank transfer (automatic),33.94,2036.4,No
30415230,Female,0,Yes,No,26,Yes,Yes,Fiber optic,Yes,No,No,No,Yes,No,Two year,No,Credit card (automatic),79.15,2141.01,No
76481885,Male,1,No,Yes,42,Yes,No,Fiber optic,No,Yes,Yes,No,Yes,Yes,Two year,No,Electronic check,58.87,2531.41,No
14968688,Female,0,No,No,19,Yes,Yes,No,No internet service,No internet service,No internet service,No internet service,No internet service,No internet service,One year,Yes,Bank transfer (automatic),88.62,1772.4,No
26944487,Female,0,Yes,Yes,62,No,No phone service,No,No internet service,No internet service,No internet service,No internet service,No internet service,No internet service,Month-to-month,No,Mailed check,59.91,3774.33,Yes
77416376,Male,0,No,No,24,Yes,No,Fiber optic,No,Yes,Yes,No,Yes,Yes,Month-to-month,No,Electronic check,99.61,2490.25,No
89212676,Male,0,No,No,26,Yes,Yes,Fiber optic,No,No,No,No,No,No,Month-to-month,No,Electronic check,35.6,962.98,Yes
54559574,Male,0,No,No,51,No,No phone service,Fiber optic,No,No,Yes,Yes,No,No,Month-to-month,No,Electronic check,87.63,4556.76,No
23470708,Female,0,Yes,Yes,9,No,No phone service,Fiber optic,Yes,Yes,No,Yes,No,No,Month-to-month,Yes,Electronic check,31.96,319.6,Yes
69096899,Male,1,Yes,No,49,Yes,No,Fiber optic,No,No,No,No,Yes,Yes,Month-to-month,No,Bank transfer (automatic),79.23,3961.5,No
23383077,Female,0,No,No,29,Yes,Yes,DSL,No,Yes,No,No,Yes,No,Month-to-month,No,Electronic check,89.19,2675.7,No
80591959,Female,0,Yes,No,0,Yes,No,Fiber optic,No,No,No,No,Yes,No,Two year,Yes,Credit card (automatic),38.11,38.11,Yes
71327848,Male,0,No,Yes,53,Yes,No,DSL,Yes,No,No,Yes,No,No,Two year,Yes,Bank transfer (automatic),81.34,2221.925,No
12059919,Male,0,No,No,3,Yes,Yes,Fiber optic,Yes,Yes,Yes,Yes,No,Yes,Month-to-month,Yes,Credit card (automatic),86.91,347.64,No
29348212,Male,0,Yes,Yes,6,No,No phone service,Fiber optic,Yes,No,Yes,No,Yes,No,One year,Yes,Mailed check,84.99,594.93,No
65026398,Male,0,Yes,No,29,Yes,No,No,No internet service,No internet service,No internet service,No internet service,No internet service,No internet service,Month-to-month,Yes,Electronic check,47.61,1428.3,Yes
97883261,Male,0,No,No,64,Yes,No,DSL,Yes,Yes,Yes,No,Yes,Yes,Two year,Yes,Credit card (automatic),59.09,3840.85,No
30718012,Male,0,No,Yes,28,Yes,No,Fiber optic,No,No,No,Yes,No,No,Month-to-month,No,Mailed check,121.28,3517.12,Yes
20043277,Female,0,No,Yes,24,Yes,No,No,No internet service,No internet service,No internet service,No internet service,No internet service,No internet service,Month-to-month,No,Credit card (automatic),43.45,1086.25,No
73013961,Female,0,Yes,No,39,Yes,No,DSL,Yes,Yes,No,No,No,No,Month-to-month,Yes,Bank transfer (automatic),74.21,2968.4,No
45570755,Female,0,No,No,25,Yes,Yes,No,No internet service,No internet service,No internet service,No internet service,No internet service,No internet service,Month-to-month,No,Credit card (automatic),63.8,1646.04,Yes
55440919,Female,0,No,Yes,16,Yes,Yes,No,No internet service,No internet service,No internet service,No internet service,No internet service,No internet service,Month-to-month,Yes,Electronic check,80.13,1366.22,No
93652460,Male,0,No,No,30,Yes,No,Fiber optic,No,No,Yes,Yes,No,Yes,One year,No,Mailed check,112.13,3476.03,No
63349308,Male,0,Yes,No,60,Yes,No,Fiber optic,No,Yes,Yes,Yes,Yes,Yes,Month-to-month,No,Electronic check,52.25,3187.25,No
97219599,Female,0,Yes,No,7,Yes,No,No,No internet service,No internet service,No internet service,No internet service,No internet service,No internet service,Month-to-month,Yes,Credit card (automatic),80.96,647.68,No
20779739,Female,0,Yes,Yes,68,Yes,No,Fiber optic,Yes,No,Yes,Yes,No,No,Month-to-month,Yes,Credit card (automatic),91.26,6296.94,No
54099326,Male,0,No,Yes,0,Yes,No,DSL,Yes,Yes,No,Yes,Yes,Yes,Month-to-month,No,Bank transfer (automatic),60.05,60.05,Yes
81621574,Female,0,No,No,70,Yes,No,No,No internet service,No internet service,No internet service,No internet service,No internet service,No internet service,Month-to-month,Yes,Bank transfer (automatic),44.54,3153.43,No
61003997,Male,0,No,No,45,Yes,Yes,DSL,No,Yes,Yes,No,Yes,Yes,Month-to-month,No,Mailed check,73.03,3359.38,No
52501540,Male,0,No,No,19,Yes,Yes,DSL,No,Yes,Yes,Yes,Yes,No,Two year,No,Credit card (automatic),70.68,1413.6,No
94127561,Female,0,Yes,No,39,Yes,No,No,No internet service,No internet service,No internet service,No internet service,No internet service,No internet service,One year,Yes,Credit card (automatic),20.86,830.23,No
75491202,Male,0,Yes,No,1,No,No phone service,DSL,No,No,No,Yes,Yes,No,Two year,No,Bank transfer (automatic),46.4,92.8,No
82613940,Male,1,Yes,Yes,60,Yes,Yes,Fiber optic,No,Yes,Yes,Yes,Yes,Yes,Month-to-month,No,Mailed check,91.78,5598.58,No
14818295,Female,0,Yes,No,70,Yes,No,Fiber optic,Yes,Yes,Yes,Yes,Yes,No,Two year,No,Credit card (automatic),56.49,4010.79,Yes
92874006,Male,0,No,No,29,Yes,No,Fiber optic,Yes,No,Yes,Yes,No,Yes,Two year,No,Credit card (automatic),83.84,2515.2,No
19183277,Male,0,No,No,29,Yes,No,DSL,Yes,No,No,Yes,Yes,Yes,Month-to-month,Yes,Bank transfer (automatic),38.48,2221.925,No
41510328,Female,1,Yes,No,44,Yes,Yes,Fiber optic,No,No,Yes,Yes,No,No,One year,Yes,Bank transfer (automatic),73.76,3319.2,No
94712997,Male,0,No,No,23,Yes,No,DSL,No,Yes,No,Yes,No,No,One year,No,Credit card (automatic),73.71,1769.04,No
48571356,Male,0,No,No,55,Yes,No,DSL,Yes,No,No,No,No,Yes,Month-to-month,Yes,Bank transfer (automatic),78.97,4422.32,No
40532691,Male,1,Yes,Yes,60,Yes,No,DSL,Yes,No,No,Yes,Yes,Yes,Month-to-month,Yes,Electronic check,58.68,3582.41,Yes
22130508,Male,0,Yes,No,12,Yes,No,DSL,No,No,Yes,No,Yes,Yes,Month-to-month,No,Mailed check,74.76,975.62,No
68246664,Male,0,Yes,No,55,Yes,Yes,No,No internet service,No internet service,No internet service,No internet service,No internet service,No internet service,Two year,Yes,Bank transfer (automatic),126.86,7104.16,Yes
23212812,Male,0,Yes,No,14,Yes,No,Fiber optic,No,Yes,Yes,No,No,Yes,Month-to-month,No,Mailed check,82.58,1238.7,No
95060193,Male,0,No,No,10,Yes,No,Fiber optic,No,No,Yes,No,No,No,Month-to-month,No,Bank transfer (automatic),114.17,1255.87,No
23489853,Male,0,Yes,No,11,Yes,No,Fiber optic,Yes,Yes,Yes,Yes,Yes,No,Month-to-month,No,Electronic check,64.81,777.72,No
69549527,Male,0,Yes,No,2,Yes,Yes,No,No internet service,No internet service,No internet service,No internet service,No internet service,No internet service,Month-to-month,Yes,Electronic check,18.0,54.0,Yes
32329103,Male,0,No,No,23,No,No phone service,Fiber optic,No,Yes,No,No,Yes,Yes,Month-to-month,Yes,Electronic check,92.54,2220.96,No
50193656,Male,0,No,No,8,Yes,No,Fiber optic,No,Yes,Yes,Yes,Yes,Yes,Two year,No,Electronic check,128.96,1160.64,Yes
13885234,Female,0,Yes,No,45,Yes,No,DSL,No,No,Yes,No,No,Yes,Two year,Yes,Mailed check,74.14,3410.44,No
16172803,Male,0,No,No,70,Yes,No,Fiber optic,Yes,No,Yes,Yes,No,No,Month-to-month,Yes,Electronic check,52.88,3754.48,No
53536830,Male,0,Yes,No,59,Yes,Yes,DSL,Yes,No,No,Yes,No,Yes,Month-to-month,Yes,Electronic check,72.67,4360.2,No
17532195,Female,1,Yes,No,10,Yes,No,Fiber optic,Yes,Yes,No,No,No,Yes,Month-to-month,No,Mailed check,104.99,1133.89,Yes
49375156,Male,0,No,No,9,Yes,Yes,DSL,No,No,Yes,Yes,No,Yes,Month-to-month,Yes,Bank transfer (automatic),74.09,740.9,No
58112135,Female,0,Yes,Yes,2,Yes,No,Fiber optic,No,Yes,Yes,No,Yes,No,Month-to-month,No,Bank transfer (automatic),49.75,149.25,Yes
60310319,Female,0,No,No,18,Yes,No,DSL,No,No,Yes,Yes,Yes,No,Month-to-month,No,Bank transfer (automatic),40.39,767.41,No
67805802,Male,0,Yes,No,1,Yes,No,Fiber optic,Yes,No,Yes,No,Yes,Yes,One year,No,Electronic check,91.44,182.88,No
29538047,Female,0,Yes,Yes,16,Yes,Yes,Fiber optic,Yes,No,Yes,No,Yes,Yes,Month-to-month,No,Electronic check,163.95,2754.36,Yes
42775624,Male,0,No,Yes,1,No,No phone service,DSL,Yes,Yes,Yes,Yes,No,Yes,Two year,Yes,Electronic check,34.91,69.82,No
81291936,Male,0,Yes,Yes,52,Yes,No,DSL,No,No,No,No,Yes,Yes,Month-to-month,Yes,Credit card (automatic),88.79,4705.87,Yes
65304649,Male,0,No,No,15,Yes,No,DSL,No,No,No,Yes,No,No,Month-to-month,Yes,Credit card (automatic),90.63,1450.08,No
85957578,Female,0,No,No,9,Yes,No,Fiber optic,Yes,No,No,No,Yes,No,Two year,Yes,Electronic check,36.36,363.6,No
34166826,Female,0,No,Yes,67,Yes,No,Fiber optic,No,No,Yes,Yes,Yes,Yes,Month-to-month,No,Electronic check,94.17,6403.56,No
32814819,Male,0,No,No,42,Yes,No,Fiber optic,Yes,No,No,No,No,Yes,Month-to-month,Yes,Credit card (automatic),131.08,5636.44,Yes
33497411,Male,0,Yes,Yes,57,Yes,No,Fiber optic,No,No,No,Yes,No,No,Month-to-month,Yes,Electronic check,98.65,5721.7,No
20598952,Male,0,No,No,59,No,No phone service,Fiber optic,Yes,No,No,Yes,Yes,No,Month-to-month,Yes,Electronic check,59.0,3540.0,No
91804602,Female,0,No,No,23,Yes,No,Fiber optic,No,Yes,Yes,Yes,No,No,Two year,Yes,Electronic check,29.16,701.3,No
61344226,Male,0,No,No,15,Yes,No,DSL,No,Yes,No,Yes,No,No,Month-to-month,Yes,Credit card (automatic),83.43,1334.88,No
93176117,Male,0,No,No,8,Yes,Yes,Fiber optic,Yes,No,No,Yes,Yes,No,One year,Yes,Electronic check,65.64,590.76,No
42323627,Male,0,No,No,5,Yes,Yes,DSL,Yes,Yes,No,No,No,Yes,Two year,No,Electronic check,89.73,542.87,No
76795767,Female,1,Yes,No,64,Yes,No,Fiber optic,Yes,Yes,No,No,Yes,Yes,One year,No,Credit card (automatic),61.02,3966.3,No
88270025,Male,0,No,Yes,23,Yes,Yes,Fiber optic,Yes,Yes,No,Yes,No,No,One year,Yes,Bank transfer (automatic),42.56,1021.44,No
29208935,Male,0,Yes,No,9,No,No phone service,Fiber optic,No,No,No,No,No,Yes,Two year,No,Bank transfer (automatic),72.18,721.8,No
41163805,Male,1,Yes,No,72,Yes,No,DSL,No,Yes,No,Yes,No,No,Month-to-month,Yes,Credit card (automatic),104.94,2221.925,Yes
71894493,Female,0,No,No,26,Yes,No,DSL,No,No,No,No,Yes,No,One year,Yes,Mailed check,94.41,2549.07,No
95618110,Male,0,Yes,No,2,Yes,Yes,DSL,No,No,No,Yes,No,Yes,Month-to-month,No,Mailed check,61.55,184.65,No
44088261,Male,0,Yes,Yes,37,Yes,Yes,Fiber optic,No,No,No,No,No,No,Month-to-month,No,Mailed check,34.63,1315.94,Yes
71682508,Female,0,Yes,No,72,Yes,Yes,Fiber optic,Yes,No,Yes,No,No,No,Two year,Yes,Bank transfer (automatic),61.29,4477.23,No
44269370,Male,0,No,No,72,Yes,Yes,DSL,Yes,Yes,Yes,No,No,Yes,Month-to-month,No,Electronic check,60.52,4417.96,Yes
99501846,Male,0,Yes,Yes,16,Yes,No,Fiber optic,No,Yes,No,No,No,Yes,Month-to-month,No,Bank transfer (automatic),68.49,1164.33,Yes
11261301,Female,0,No,No,47,Yes,No,Fiber optic,No,Yes,No,No,Yes,Yes,Month-to-month,No,Bank transfer (automatic),129.39,6210.72,Yes
72445234,Female,0,Yes,No,48,Yes,No,Fiber optic,No,No,No,No,No,Yes,Two year,Yes,Electronic check,60.69,2973.81,No
48605268,Male,0,No,No,42,Yes,Yes,Fiber optic,Yes,No,No,No,No,No,Month-to-month,Yes,Bank transfer (automatic),73.97,3180.71,No
83363160,Female,0,Yes,Yes,6,Yes,No,Fiber optic,Yes,Yes,Yes,No,No,No,Two year,Yes,Bank transfer (automatic),93.32,653.24,No
31203129,Male,0,No,No,67,Yes,Yes,No,No internet service,No internet service,No internet service,No internet service,No internet service,No internet service,One year,Yes,Credit card (automatic),85.21,5794.28,Yes
19913576,Female,0,Yes,No,20,Yes,No,DSL,No,No,Yes,No,No,No,Month-to-month,Yes,Credit card (automatic),113.97,2370.58,No
69287967,Male,0,No,Yes,24,Yes,Yes,DSL,No,Yes,No,No,Yes,No,One year,Yes,Electronic check,53.69,1342.25,No
56381032,Female,0,No,No,60,No,No phone service,Fiber optic,No,No,Yes,No,No,Yes,Two year,Yes,Bank transfer (automatic),50.11,3056.71,No
88862539,Male,0,No,No,27,Yes,No,Fiber optic,Yes,Yes,Yes,No,No,No,Month-to-month,Yes,Mailed check,58.97,1651.16,Yes
50151803,Male,0,No,No,51,Yes,Yes,No,No internet service,No internet service,No internet service,No internet service,No internet service,No internet service,Month-to-month,Yes,Electronic check,42.11,2191.83,No
95756900,Male,0,Yes,No,12,Yes,No,DSL,Yes,Yes,Yes,No,No,Yes,Month-to-month,Yes,Electronic check,71.63,931.19,No
66949781,Male,0,No,No,33,Yes,Yes,DSL,Yes,Yes,Yes,Yes,No,No,Month-to-month,Yes,Credit card (automatic),74.69,2539.46,No
43567615,Female,0,No,Yes,66,Yes,Yes,Fiber optic,Yes,Yes,Yes,Yes,No,No,Two year,No,Electronic check,60.01,4008.67,No
71315464,Male,0,No,No,3,Yes,No,DSL,Yes,No,Yes,Yes,Yes,Yes,Month-to-month,Yes,Credit card (automatic),86.41,345.64,No
50550084,Female,0,No,No,43,Yes,No,DSL,Yes,No,No,No,No,Yes,Month-to-month,No,Mailed check,87.27,3839.88,No
36738452,Female,0,No,Yes,14,Yes,No,No,No internet service,No internet service,No internet service,No internet service,No internet service,No internet service,Month-to-month,Yes,Bank transfer (automatic),48.1,721.5,No
61632653,Female,0,No,No,7,Yes,No,DSL,No,Yes,No,Yes,No,No,Month-to-month,Yes,Bank transfer (automatic),87.24,697.92,Yes
74855088,Female,0,Yes,No,4,Yes,No,Fiber optic,No,No,Yes,No,No,No,Month-to-month,No,Mailed check,35.39,176.95,No
24314759,Male,1,No,No,65,Yes,No,DSL,Yes,Yes,No,No,No,No,One year,Yes,Credit card (automatic),42.17,2783.22,No
41837210,Male,0,No,No,72,Yes,No,DSL,Yes,No,Yes,No,No,No,Month-to-month,Yes,Credit card (automatic),112.92,8243.16,Yes
61185849,Female,1,No,No,45,No,No phone service,DSL,No,Yes,No,No,Yes,No,Two year,Yes,Electronic check,63.18,2906.28,No
86762164,Female,1,Yes,Yes,64,Yes,No,DSL,Yes,Yes,No,No,Yes,No,Month-to-month,Yes,Bank transfer (automatic),63.93,4142.66,No
58178682,Male,0,No,No,65,Yes,Yes,DSL,No,Yes,No,Yes,No,No,Month-to-month,Yes,Mailed check,120.01,7896.66,Yes
87149951,Female,0,No,No,25,Yes,No,No,No internet service,No internet service,No internet service,No internet service,No internet service,No internet service,Two year,Yes,Mailed check,75.26,1956.76,No
49711319,Female,0,Yes,No,30,Yes,No,Fiber optic,No,No,No,No,No,Yes,Month-to-month,Yes,Mailed check,62.24,1932.55,No
49625201,Female,1,No,No,50,Yes,No,Fiber optic,Yes,No,Yes,Yes,Yes,No,One year,No,Electronic check,43.01,2193.51,No
12944682,Male,0,Yes,No,40,Yes,No,DSL,No,Yes,No,No,Yes,No,Month-to-month,No,Mailed check,83.96,3442.36,No
98346110,Male,1,No,No,50,Yes,No,DSL,No,Yes,No,No,No,Yes,Two year,Yes,Bank transfer (automatic),113.48,5787.48,No
63124147,Female,0,Yes,Yes,18,Yes,No,Fiber optic,Yes,Yes,No,Yes,No,Yes,Month-to-month,Yes,Credit card (automatic),67.99,1291.81,Yes
46840133,Female,0,Yes,Yes,72,Yes,Yes,Fiber optic,No,Yes,Yes,Yes,Yes,Yes,Two year,No,Electronic check,108.66,7932.18,No
11086890,Male,0,Yes,Yes,2,Yes,Yes,Fiber optic,No,Yes,No,Yes,No,Yes,Two year,Yes,Credit card (automatic),65.65,196.95,No
85957706,Male,0,No,No,37,Yes,Yes,Fiber optic,No,Yes,Yes,Yes,No,Yes,Two year,Yes,Bank transfer (automatic),47.34,1798.92,No
16582607,Female,0,Yes,Yes,69,Yes,No,Fiber optic,No,No,No,No,No,No,One year,Yes,Electronic check,55.42,3879.4,No
91390501,Male,0,No,No,44,Yes,Yes,DSL,Yes,Yes,No,No,No,No,Two year,Yes,Credit card (automatic),47.65,2144.25,No
76669607,Female,0,No,Yes,70,Yes,No,Fiber optic,Yes,No,Yes,No,No,No,One year,No,Bank transfer (automatic),111.32,7903.72,No
48412328,Female,0,No,No,40,Yes,Yes,DSL,Yes,Yes,No,Yes,No,Yes,Two year,No,Credit card (automatic),103.93,4240.34,No
40885967,Male,0,Yes,No,24,No,No phone service,DSL,Yes,Yes,Yes,No,No,No,Month-to-month,No,Electronic check,81.7,2042.5,Yes
91478884,Female,0,No,No,49,Yes,Yes,Fiber optic,Yes,No,No,No,Yes,No,Month-to-month,No,Credit card (automatic),18.0,900.0,No
57287718,Male,0,No,No,0,No,No phone service,DSL,Yes,No,Yes,No,Yes,Yes,One year,No,Bank transfer (automatic),114.33,114.33,Yes
39394291,Female,0,Yes,Yes,53,Yes,Yes,Fiber optic,Yes,Yes,Yes,Yes,No,Yes,Month-to-month,No,Mailed check,58.56,3162.24,No
95445405,Female,0,Yes,No,12,Yes,Yes,No,No internet service,No internet service,No internet service,No internet service,No internet service,No internet service,Two year,No,Credit card (automatic),51.34,669.99,No
35519083,Male,0,Yes,Yes,39,Yes,No,DSL,Yes,Yes,Yes,No,Yes,Yes,Month-to-month,Yes,Electronic check,60.01,2400.4,No
93334601,Female,0,No,No,20,Yes,No,Fiber optic,No,Yes,No,No,Yes,No,One year,Yes,Mailed check,71.2,1495.2,No
43638559,Male,0,Yes,No,40,Yes,No,Fiber optic,Yes,Yes,Yes,Yes,No,No,Month-to-month,Yes,Electronic check,82.91,3399.31,No
98473848,Female,0,Yes,No,60,Yes,No,DSL,No,No,No,No,Yes,Yes,Month-to-month,No,Bank transfer (automatic),102.63,6260.43,No
28358198,Female,0,No,No,32,Yes,No,Fiber optic,No,No,No,Yes,Yes,No,One year,Yes,Electronic check,85.85,2815.88,No
94322033,Female,0,No,No,72,Yes,No,Fiber optic,No,No,Yes,Yes,No,No,Month-to-month,No,Credit card (automatic),70.86,5172.78,No
23041121,Male,0,No,No,28,Yes,No,Fiber optic,No,Yes,No,Yes,Yes,Yes,Month-to-month,No,Electronic check,58.85,1706.65,No
94216001,Female,0,No,No,54,Yes,No,No,No internet service,No internet service,No internet service,No internet service,No internet service,No internet service,Month-to-month,Yes,Credit card (automatic),43.66,2392.57,No
96750368,Male,0,Yes,No,31,Yes,Yes,DSL,No,No,Yes,No,No,Yes,Month-to-month,Yes,Bank transfer (automatic),81.4,2588.52,Yes
15291208,Female,0,No,No,10,Yes,No,Fiber optic,No,Yes,No,No,Yes,Yes,Two year,Yes,Credit card (automatic),85.89,944.79,No
51464269,Male,1,Yes,Yes,51,Yes,Yes,Fiber optic,Yes,No,Yes,Yes,No,Yes,One year,No,Mailed check,47.09,2448.68,No
69166287,Female,1,No,No,35,Yes,No,DSL,Yes,Yes,No,No,No,Yes,One year,Yes,Electronic check,38.38,1381.68,No
14478111,Male,0,No,No,30,No,No phone service,No,No internet service,No internet service,No internet service,No internet service,No internet service,No internet service,Two year,No,Electronic check,93.51,2898.81,No
87789079,Male,0,Yes,Yes,13,Yes,No,DSL,No,No,No,Yes,No,No,One year,No,Bank transfer (automatic),57.34,802.76,No
58970845,Male,1,No,No,62,No,No phone service,Fiber optic,No,Yes,No,Yes,Yes,No,Month-to-month,Yes,Electronic check,34.97,2196.12,Yes
27637794,Male,0,No,No,51,Yes,No,Fiber optic,Yes,No,Yes,No,No,No,Two year,Yes,Credit card (automatic),41.6,2163.2,No
22097496,Male,0,Yes,No,53,No,No phone service,Fiber optic,No,No,Yes,No,Yes,Yes,Month-to-month,No,Electronic check,85.49,4616.46,No
49609054,Male,0,No,No,49,Yes,No,DSL,Yes,No,No,No,No,Yes,Month-to-month,Yes,Electronic check,117.15,5857.5,No
53851498,Female,0,No,No,53,Yes,Yes,DSL,No,Yes,Yes,No,No,Yes,Month-to-month,Yes,Electronic check,100.47,5425.38,No
65767881,Female,1,No,Yes,72,Yes,No,DSL,Yes,No,Yes,Yes,No,No,Month-to-month,Yes,Electronic check,18.0,1310.4,No
33574011,Male,0,No,Yes,34,Yes,No,Fiber optic,No,Yes,Yes,No,No,No,Month-to-month,Yes,Credit card (automatic),67.11,2348.85,Yes
36950221,Male,0,No,No,29,Yes,Yes,DSL,No,Yes,Yes,No,Yes,Yes,Month-to-month,No,Electronic check,94.48,2834.4,No
27738187,Male,0,Yes,No,54,Yes,No,Fiber optic,No,No,Yes,No,No,Yes,One year,Yes,Bank transfer (automatic),25.73,1415.15,No
82398083,Female,0,Yes,No,0,Yes,No,DSL,No,No,No,No,No,No,Month-to-month,No,Mailed check,118.56,118.56,No
59104566,Female,1,Yes,No,14,Yes,Yes,DSL,No,No,No,No,No,No,Month-to-month,Yes,Credit card (automatic),18.0,270.0,No
81249799,Female,0,Yes,Yes,24,No,No phone service,Fiber optic,No,Yes,No,No,Yes,No,Two year,Yes,Mailed check,88.14,2203.5,No
77349752,Male,0,No,No,19,Yes,Yes,Fiber optic,Yes,No,Yes,No,No,No,Month-to-month,Yes,Bank transfer (automatic),59.48,1189.6,Yes
46578001,Female,0,Yes,Yes,70,Yes,No,Fiber optic,No,No,Yes,Yes,Yes,No,Two year,Yes,Bank transfer (automatic),76.55,5435.05,No
32084778,Female,0,Yes,Yes,15,Yes,No,DSL,Yes,Yes,No,Yes,No,Yes,Month-to-month,No,Mailed check,72.58,1161.28,Yes
44489940,Male,0,Yes,No,51,Yes,Yes,DSL,Yes,No,No,No,Yes,Yes,Month-to-month,Yes,Electronic check,43.74,2274.48,No
74672520,Female,0,No,Yes,64,Yes,No,No,No internet service,No internet service,No internet service,No internet service,No internet service,No internet service,Two year,No,Mailed check,86.07,5594.55,No
49613214,Male,0,No,No,69,Yes,No,DSL,Yes,No,No,Yes,No,Yes,Month-to-month,No,Credit card (automatic),63.2,4424.0,No
55461591,Female,0,Yes,Yes,0,Yes,No,Fiber optic,No,No,No,Yes,No,No,Two year,No,Credit card (automatic),87.49,87.49,No
25457816,Male,0,No,Yes,15,Yes,No,Fiber optic,Yes,Yes,Yes,Yes,No,No,Month-to-month,Yes,Mailed check,50.49,807.84,No
72858374,Female,0,Yes,No,26,Yes,Yes,DSL,No,No,No,Yes,No,Yes,Two year,No,Credit card (automatic),62.68,1695.49,No
20106509,Female,0,No,No,17,Yes,No,Fiber optic,Yes,Yes,No,No,No,No,One year,No,Mailed check,86.7,1543.26,No
28892086,Female,0,Yes,Yes,43,Yes,Yes,No,No internet service,No internet service,No internet service,No internet service,No internet service,No internet service,Two year,No,Electronic check,48.31,2125.64,No
40281491,Female,0,No,No,49,Yes,No,No,No internet service,No internet service,No internet service,No internet service,No internet service,No internet service,Month-to-month,No,Credit card (automatic),105.14,5257.0,Yes
63339667,Female,0,No,No,13,Yes,No,Fiber optic,Yes,Yes,Yes,No,No,No,One year,Yes,Mailed check,78.86,1104.04,No
84801233,Female,0,No,No,51,Yes,No,Fiber optic,No,No,Yes,Yes,No,Yes,Two year,No,Mailed check,129.49,6733.48,No
59093496,Male,0,Yes,Yes,49,Yes,No,DSL,Yes,Yes,Yes,No,No,No,Two year,No,Electronic check,65.08,3254.0,No
22120246,Female,0,No,No,16,Yes,No,Fiber optic,Yes,No,Yes,Yes,Yes,Yes,Month-to-month,No,Credit card (automatic),78.19,1329.23,No
62958901,Male,0,No,No,2,Yes,Yes,DSL,Yes,Yes,No,No,Yes,Yes,Month-to-month,Yes,Bank transfer (automatic),63.23,189.69,Yes
11868130,Male,0,No,Yes,61,Yes,No,No,No internet service,No internet service,No internet service,No internet service,No internet service,No internet service,One year,No,Electronic check,70.17,4336.51,No
45495029,Male,0,Yes,Yes,20,Yes,Yes,DSL,No,No,Yes,No,No,Yes,Month-to-month,Yes,Electronic check,86.67,1802.74,No
82017516,Female,1,Yes,No,32,Yes,No,Fiber optic,No,No,Yes,No,No,Yes,Month-to-month,Yes,Mailed check,118.55,3912.15,No
26587799,Female,0,No,Yes,0,Yes,No,Fiber optic,No,No,No,Yes,No,No,Month-to-month,No,Bank transfer (automatic),112.93,112.93,Yes
71040347,Female,1,Yes,No,69,Yes,No,Fiber optic,Yes,No,No,Yes,Yes,No,Month-to-month,No,Credit card (automatic),93.43,6521.41,Yes
59470729,Female,0,Yes,Yes,55,No,No phone service,DSL,No,No,No,No,No,No,One year,No,Electronic check,37.98,2126.88,No
45186708,Male,0,Yes,No,3,Yes,No,DSL,No,No,No,Yes,No,No,Month-to-month,No,Bank transfer (automatic),58.95,238.75,Yes
88458327,Female,0,No,No,21,Yes,Yes,Fiber optic,No,Yes,Yes,Yes,No,No,Month-to-month,No,Credit card (automatic),87.53,1925.66,No
61140376,Male,0,Yes,Yes,57,Yes,Yes,Fiber optic,No,No,No,Yes,Yes,No,Month-to-month,Yes,Mailed check,46.12,2674.96,No
95704631,Male,0,No,No,43,No,No phone service,Fiber optic,No,Yes,No,No,Yes,Yes,Two year,Yes,Mailed check,69.51,3058.44,No
59858348,Male,0,Yes,No,56,Yes,No,Fiber optic,Yes,Yes,No,No,No,Yes,Month-to-month,Yes,Mailed check,74.81,4264.17,No
24541967,Male,0,Yes,Yes,39,Yes,No,Fiber optic,Yes,Yes,Yes,No,No,Yes,Month-to-month,Yes,Credit card (automatic),124.61,4984.4,Yes
41383044,Female,0,Yes,No,55,Yes,Yes,Fiber optic,No,Yes,No,No,No,No,One year,No,Electronic check,65.28,3655.68,No
73280554,Female,1,Yes,No,62,Yes,Yes,DSL,No,Yes,Yes,No,Yes,No,One year,Yes,Mailed check,22.8,1436.4,No
13358751,Male,1,No,No,38,Yes,Yes,DSL,Yes,Yes,Yes,Yes,Yes,Yes,Month-to-month,No,Electronic check,93.12,3631.68,No
93154172,Female,0,No,Yes,6,Yes,No,No,No internet service,No internet service,No internet service,No internet service,No internet service,No internet service,One year,No,Mailed check,101.35,709.45,No
85350823,Female,0,No,No,13,Yes,No,Fiber optic,No,Yes,No,Yes,Yes,No,One year,No,Credit card (automatic),138.36,1937.04,No
54024257,Female,0,Yes,No,17,Yes,No,DSL,Yes,Yes,Yes,Yes,No,Yes,Month-to-month,No,Electronic check,56.79,1010.86,No
91883846,Female,0,No,No,54,Yes,No,DSL,No,Yes,No,Yes,No,No,Two year,Yes,Electronic check,28.82,1585.1,No
39711402,Female,0,No,No,55,Yes,No,Fiber optic,Yes,No,Yes,Yes,No,No,Month-to-month,Yes,Bank transfer (automatic),80.58,4496.36,Yes
96926431,Female,0,No,Yes,56,No,No phone service,Fiber optic,No,Yes,No,No,Yes,No,Two year,Yes,Bank transfer (automatic),85.73,4869.46,No
18484847,Male,0,No,No,57,Yes,Yes,No,No internet service,No internet service,No internet service,No internet service,No internet service,No internet service,Month-to-month,Yes,Bank transfer (automatic),87.35,2221.925,Yes
95282470,Male,1,Yes,No,24,Yes,No,Fiber optic,Yes,Yes,Yes,No,Yes,No,One year,Yes,Electronic check,57.9,1447.5,No
72312933,Male,0,No,Yes,69,Yes,No,DSL,No,Yes,No,No,No,No,Month-to-month,No,Electronic check,82.85,5799.5,No
50559278,Female,0,Yes,Yes,2,No,No phone service,Fiber optic,No,Yes,Yes,Yes,Yes,Yes,One year,Yes,Electronic check,73.2,223.26,No
97139443,Female,0,Yes,Yes,20,Yes,Yes,DSL,No,No,Yes,No,No,No,Month-to-month,Yes,Bank transfer (automatic),53.1,1115.1,Yes
64800542,Female,0,No,No,31,Yes,No,DSL,Yes,Yes,No,No,No,No,Two year,No,Electronic check,37.09,1186.88,No
25659979,Male,0,No,No,1,No,No phone service,DSL,Yes,No,No,No,No,Yes,Month-to-month,No,Credit card (automatic),60.29,123.59,No
28760553,Male,0,No,No,19,Yes,No,DSL,Yes,Yes,No,No,No,No,One year,Yes,Bank transfer (automatic),67.97,1362.8,No
16086345,Female,0,Yes,No,17,Yes,No,No,No internet service,No internet service,No internet service,No internet service,No internet service,No internet service,Month-to-month,Yes,Electronic check,90.61,1635.51,Yes
14994527,Male,1,Yes,No,53,Yes,No,Fiber optic,Yes,Yes,Yes,No,Yes,Yes,Month-to-month,Yes,Electronic check,69.06,3729.24,No
50851122,Female,0,Yes,No,35,No,No phone service,DSL,Yes,Yes,No,No,No,Yes,Two year,Yes,Electronic check,54.64,1967.04,Yes
76118957,Male,0,No,Yes,60,Yes,No,Fiber optic,No,Yes,No,No,No,Yes,Month-to-month,No,Bank transfer (automatic),86.1,5252.1,Yes
25585427,Male,0,Yes,Yes,59,Yes,No,Fiber optic,No,Yes,Yes,No,Yes,No,Two year,No,Credit card (automatic),67.82,4069.2,Yes
23044889,Male,0,No,Yes,35,Yes,No,No,No internet service,No internet service,No internet service,No internet service,No internet service,No internet service,Month-to-month,No,Electronic check,49.15,1769.4,No
41514326,Male,0,Yes,No,43,Yes,No,No,No internet service,No internet service,No internet service,No internet service,No internet service,No internet service,One year,Yes,Credit card (automatic),80.22,3533.69,No
82148284,Male,0,No,No,67,Yes,Yes,DSL,Yes,No,No,Yes,Yes,Yes,One year,No,Bank transfer (automatic),90.04,6122.72,No
28208520,Female,0,No,No,65,Yes,No,No,No internet service,No internet service,No internet service,No internet service,No internet service,No internet service,Two year,Yes,Mailed check,67.33,4443.78,No
62163160,Male,1,Yes,No,43,Yes,Yes,DSL,Yes,No,Yes,Yes,No,No,Month-to-month,No,Bank transfer (automatic),119.5,5258.0,Yes
70887034,Female,0,Yes,No,28,Yes,No,DSL,No,Yes,Yes,Yes,Yes,No,Month-to-month,Yes,Credit card (automatic),107.07,3105.03,No
59796322,Male,0,No,No,47,Yes,No,DSL,No,Yes,No,No,Yes,Yes,Month-to-month,Yes,Mailed check,85.64,4110.72,No
99991136,Male,0,No,No,35,Yes,Yes,DSL,Yes,Yes,Yes,Yes,Yes,No,Two year,Yes,Credit card (automatic),59.05,2125.8,No
82503409,Male,0,No,Yes,7,Yes,No,No,No internet service,No internet service,No internet service,No internet service,No internet service,No internet service,Month-to-month,Yes,Bank transfer (automatic),18.0,144.0,Yes
66254240,Female,0,No,No,4,Yes,No,Fiber optic,No,Yes,Yes,Yes,No,No,Month-to-month,No,Electronic check,33.5,167.5,No
88831486,Male,0,Yes,No,46,Yes,No,Fiber optic,No,No,Yes,Yes,No,No,Two year,No,Bank transfer (automatic),96.71,4545.37,No
30739712,Male,0,No,Yes,42,Yes,No,No,No internet service,No internet service,No internet service,No internet service,No internet service,No internet service,Two year,No,Credit card (automatic),42.29,1818.47,No
65684858,Male,0,Yes,Yes,9,Yes,No,Fiber optic,No,No,No,No,No,Yes,Month-to-month,No,Bank transfer (automatic),82.3,823.0,Yes
97902129,Female,0,No,No,9,Yes,No,DSL,No,Yes,Yes,No,Yes,Yes,One year,Yes,Bank transfer (automatic),43.18,431.8,No
23290458,Female,0,Yes,No,5,Yes,Yes,Fiber optic,Yes,No,Yes,No,Yes,Yes,Month-to-month,Yes,Electronic check,64.58,387.48,No
75679047,Female,0,No,No,15,Yes,Yes,No,No internet service,No internet service,No internet service,No internet service,No internet service,No internet service,Two year,Yes,Mailed check,55.59,889.44,No
92631441,Female,0,Yes,Yes,59,Yes,Yes,No,No internet service,No internet service,No internet service,No internet service,No internet service,No internet service,Month-to-month,No,Mailed check,95.09,5705.4,No
64776386,Male,0,Yes,No,25,Yes,Yes,Fiber optic,No,No,No,No,Yes,Yes,Month-to-month,Yes,Electronic check,97.2,2507.76,Yes
47546086,Female,0,Yes,No,20,Yes,Yes,No,No internet service,No internet service,No internet service,No internet service,No internet service,No internet service,One year,Yes,Bank transfer (automatic),21.48,446.78,No
14391105,Male,0,No,No,57,Yes,No,No,No internet service,No internet service,No internet service,No internet service,No internet service,No internet service,Two year,Yes,Electronic check,110.48,6413.36,Yes
59731689,Female,0,No,No,40,Yes,No,DSL,Yes,No,No,No,No,Yes,Month-to-month,Yes,Electronic check,62.15,2548.15,Yes
39161443,Female,0,No,No,29,Yes,No,Fiber optic,No,Yes,Yes,Yes,No,No,Month-to-month,No,Bank transfer (automatic),102.58,3077.4,No
69509870,Male,0,Yes,Yes,4,Yes,No,DSL,Yes,Yes,No,Yes,Yes,Yes,Month-to-month,Yes,Mailed check,109.46,525.41,No
69686067,Male,0,No,No,9,Yes,No,Fiber optic,Yes,No,No,Yes,No,Yes,Two year,Yes,Bank transfer (automatic),53.09,530.9,No
41690501,Male,0,No,No,10,Yes,No,No,No internet service,No internet service,No internet service,No internet service,No internet service,No internet service,Two year,Yes,Credit card (automatic),118.6,1304.6,No
58678896,Male,0,Yes,No,62,Yes,No,Fiber optic,Yes,No,No,Yes,Yes,Yes,Two year,Yes,Electronic check,18.0,1134.9,Yes
23335151,Male,0,Yes,No,6,Yes,No,Fiber optic,Yes,No,No,Yes,Yes,No,Month-to-month,Yes,Electronic check,38.93,272.51,Yes
59302863,Female,0,No,No,58,No,No phone service,No,No internet service,No internet service,No internet service,No internet service,No internet service,No internet service,Month-to-month,Yes,Electronic check,57.45,3378.06,No
83076970,Male,0,Yes,No,11,Yes,No,DSL,Yes,No,Yes,Yes,No,No,Month-to-month,No,Mailed check,39.01,468.12,No
96547189,Male,0,Yes,No,63,Yes,Yes,DSL,No,Yes,No,No,No,No,Two year,No,Electronic check,26.61,1704.37,No
58140388,Male,0,No,No,40,Yes,No,DSL,Yes,No,No,Yes,Yes,Yes,Month-to-month,No,Bank transfer (automatic),100.78,4131.98,Yes
18126895,Female,0,Yes,Yes,59,Yes,No,Fiber optic,No,Yes,Yes,Yes,No,Yes,Month-to-month,Yes,Electronic check,56.58,3394.8,No
63437398,Male,0,No,No,71,Yes,No,No,No internet service,No internet service,No internet service,No internet service,No internet service,No internet service,Month-to-month,Yes,Credit card (automatic),72.35,5209.2,No
47028180,Female,0,No,No,27,Yes,No,Fiber optic,No,Yes,No,No,Yes,No,Month-to-month,Yes,Credit card (automatic),90.3,2528.4,No
35475673,Female,0,No,No,62,Yes,No,No,No internet service,No internet service,No internet service,No internet service,No internet service,No internet service,Month-to-month,No,Credit card (automatic),102.71,6475.87,No
26395999,Female,1,No,No,2,Yes,No,Fiber optic,Yes,No,Yes,No,No,No,Month-to-month,Yes,Electronic check,116.55,355.48,Yes
71031132,Female,0,Yes,No,31,Yes,No,Fiber optic,Yes,Yes,No,Yes,No,Yes,Month-to-month,Yes,Electronic check,43.81,1401.92,No
22304198,Male,0,No,No,20,Yes,No,Fiber optic,No,No,Yes,No,No,No,Month-to-month,Yes,Credit card (automatic),116.42,2444.82,Yes
98955314,Male,1,Yes,No,54,Yes,No,No,No internet service,No internet service,No internet service,No internet service,No internet service,No internet service,Two year,Yes,Credit card (automatic),74.85,4116.75,No
38468360,Male,0,No,No,17,Yes,No,DSL,No,Yes,No,Yes,No,Yes,One year,No,Electronic check,75.05,1350.9,No
96128115,Female,0,No,No,52,Yes,Yes,DSL,No,Yes,No,Yes,No,Yes,Month-to-month,No,Bank transfer (automatic),61.64,3270.0,Yes
95831286,Female,0,No,No,60,Yes,No,DSL,No,Yes,Yes,Yes,Yes,No,Month-to-month,No,Electronic check,79.26,4834.86,No
90147573,Female,0,No,Yes,49,Yes,Yes,No,No internet service,No internet service,No internet service,No internet service,No internet service,No internet service,Month-to-month,Yes,Credit card (automatic),116.31,5815.5,Yes
12866549,Male,0,Yes,No,7,Yes,No,No,No internet service,No internet service,No internet service,No internet service,No internet service,No internet service,Month-to-month,Yes,Electronic check,89.72,717.76,Yes
16788532,Female,1,Yes,No,11,Yes,No,Fiber optic,No,No,No,Yes,No,No,One year,Yes,Bank transfer (automatic),102.96,1235.52,Yes
54762841,Male,0,No,Yes,50,Yes,No,No,No internet service,No internet service,No internet service,No internet service,No internet service,No internet service,Month-to-month,No,Electronic check,43.9,2238.9,No
42691263,Male,0,Yes,No,65,Yes,No,Fiber optic,No,Yes,No,Yes,Yes,Yes,Month-to-month,Yes,Mailed check,57.04,3753.23,Yes
26901217,Female,0,No,No,40,Yes,No,Fiber optic,Yes,Yes,No,No,No,No,Month-to-month,No,Bank transfer (automatic),72.48,2971.68,No
85776373,Male,0,Yes,No,21,Yes,No,No,No internet service,No internet service,No internet service,No internet service,No internet service,No internet service,One year,Yes,Mailed check,85.13,1877.12,No
37542226,Female,0,No,Yes,8,Yes,No,Fiber optic,No,No,No,No,Yes,No,Month-to-month,Yes,Mailed check,80.37,723.33,No
19208698,Male,1,Yes,No,10,Yes,No,Fiber optic,Yes,Yes,Yes,Yes,No,No,Month-to-month,No,Bank transfer (automatic),123.94,1363.34,Yes
84384510,Male,1,No,No,12,Yes,No,DSL,Yes,Yes,No,Yes,Yes,No,Two year,No,Electronic check,50.02,650.26,No
37804191,Female,0,No,No,55,Yes,No,DSL,Yes,No,No,No,No,No,Month-to-month,Yes,Bank transfer (automatic),83.99,4686.64,Yes
88703005,Female,1,Yes,No,27,Yes,No,Fiber optic,No,Yes,No,Yes,Yes,No,Month-to-month,Yes,Mailed check,85.28,2387.84,Yes
38984499,Male,0,Yes,No,63,Yes,No,DSL,No,No,Yes,No,Yes,Yes,Month-to-month,No,Electronic check,57.97,3712.98,No
41272553,Male,0,Yes,No,63,Yes,No,Fiber optic,Yes,Yes,Yes,Yes,Yes,No,One year,No,Credit card (automatic),68.05,4355.2,No
54098516,Female,0,Yes,No,69,Yes,No,Fiber optic,No,Yes,No,Yes,No,No,Month-to-month,Yes,Electronic check,50.11,3510.21,No
29804386,Male,0,Yes,Yes,54,Yes,No,Fiber optic,Yes,Yes,No,Yes,Yes,Yes,Month-to-month,Yes,Credit card (automatic),78.86,4337.3,No
89991301,Male,0,Yes,No,36,Yes,No,Fiber optic,Yes,Yes,No,No,No,Yes,Month-to-month,Yes,Bank transfer (automatic),30.44,1126.28,No
10380581,Male,0,No,No,32,Yes,Yes,No,No internet service,No internet service,No internet service,No internet service,No internet service,No internet service,Month-to-month,No,Mailed check,120.75,3984.75,Yes
47215199,Female,0,Yes,No,24,Yes,Yes,DSL,No,No,Yes,No,Yes,No,Month-to-month,No,Bank transfer (automatic),62.68,1567.0,Yes
29419691,Male,0,No,No,22,Yes,No,Fiber optic,Yes,No,No,No,Yes,Yes,Month-to-month,No,Credit card (automatic),48.6,1117.8,Yes
27447248,Male,0,No,No,59,Yes,No,No,No internet service,No internet service,No internet service,No internet service,No internet service,No internet service,Month-to-month,Yes,Electronic check,18.0,1080.0,Yes
82506491,Female,1,Yes,No,55,Yes,No,DSL,Yes,Yes,Yes,Yes,Yes,No,Month-to-month,No,Mailed check,59.37,3324.72,No
43642236,Female,0,Yes,No,62,Yes,No,DSL,Yes,Yes,No,No,No,Yes,Month-to-month,Yes,Electronic check,62.89,3962.07,Yes
33420607,Male,0,No,No,7,Yes,No,Fiber optic,Yes,Yes,No,Yes,No,No,Month-to-month,Yes,Credit card (automatic),79.17,633.36,No
24754064,Female,0,Yes,No,16,Yes,No,Fiber optic,Yes,No,No,Yes,No,No,Month-to-month,Yes,Bank transfer (automatic),63.71,1083.07,No
98725654,Male,0,No,Yes,56,Yes,No,DSL,Yes,No,No,Yes,Yes,No,One year,Yes,Electronic check,156.89,8942.73,No
13460153,Male,0,No,Yes,61,Yes,No,Fiber optic,No,Yes,No,No,Yes,No,Month-to-month,Yes,Bank transfer (automatic),31.89,1977.18,Yes
27690330,Female,0,Yes,No,10,Yes,No,Fiber optic,Yes,Yes,No,No,Yes,Yes,One year,Yes,Mailed check,88.42,977.04,No
11994519,Male,0,No,No,66,Yes,No,Fiber optic,No,No,No,No,No,No,Month-to-month,Yes,Electronic check,82.18,5506.06,No
58082464,Female,0,Yes,No,39,No,No phone service,Fiber optic,No,No,No,No,Yes,Yes,Two year,Yes,Electronic check,29.57,1176.89,No
41934639,Male,0,Yes,No,39,Yes,Yes,Fiber optic,Yes,Yes,No,No,No,Yes,Month-to-month,No,Electronic check,60.23,2409.2,Yes
89034501,Female,0,No,No,55,Yes,Yes,Fiber optic,No,Yes,Yes,No,Yes,No,Month-to-month,Yes,Electronic check,140.47,7866.32,Yes
53455870,Male,0,No,Yes,52,Yes,No,Fiber optic,Yes,No,Yes,No,No,Yes,One year,No,Bank transfer (automatic),54.3,2877.9,No
12118101,Female,0,No,No,27,Yes,No,Fiber optic,Yes,No,No,Yes,Yes,No,One year,No,Electronic check,130.62,3657.36,No
33386929,Female,0,No,No,41,Yes,No,Fiber optic,No,Yes,No,No,No,No,Month-to-month,Yes,Credit card (automatic),66.68,2800.56,Yes
45617024,Male,0,No,No,45,Yes,No,No,No internet service,No internet service,No internet service,No internet service,No internet service,No internet service,Two year,Yes,Electronic check,70.97,3264.62,No
17032877,Female,0,No,No,17,Yes,Yes,Fiber optic,No,Yes,No,No,No,Yes,Two year,Yes,Credit card (automatic),58.76,1045.93,Yes
27013243,Male,1,Yes,No,22,Yes,No,Fiber optic,Yes,No,Yes,Yes,Yes,No,Month-to-month,Yes,Mailed check,40.22,925.06,No
66500369,Female,0,No,No,25,No,No phone service,DSL,Yes,No,Yes,No,No,Yes,One year,No,Credit card (automatic),33.59,873.34,No
80610004,Male,0,No,No,28,Yes,No,No,No internet service,No internet service,No internet service,No internet service,No internet service,No internet service,One year,No,Credit card (automatic),51.8,1502.2,No
25253751,Female,0,Yes,No,51,Yes,No,Fiber optic,Yes,No,No,Yes,No,Yes,Month-to-month,Yes,Bank transfer (automatic),92.58,4795.64,Yes
18530615,Male,0,No,No,45,Yes,Yes,Fiber optic,No,Yes,Yes,No,No,Yes,Month-to-month,Yes,Credit card (automatic),86.24,3967.04,No
73920651,Female,0,Yes,Yes,0,Yes,No,Fiber optic,No,No,Yes,Yes,Yes,No,Two year,Yes,Credit card (automatic),58.88,58.88,No
70166480,Female,1,No,No,62,Yes,No,DSL,Yes,No,Yes,Yes,No,No,Two year,No,Credit card (automatic),126.38,7961.94,No
58592048,Female,1,No,No,15,Yes,No,Fiber optic,Yes,Yes,No,No,Yes,No,Month-to-month,Yes,Electronic check,44.71,715.36,No
78885632,Female,0,No,Yes,24,Yes,No,DSL,Yes,Yes,Yes,Yes,Yes,No,Month-to-month,Yes,Bank transfer (automatic),83.73,2093.25,No
89680504,Male,0,Yes,Yes,61,Yes,Yes,Fiber optic,No,Yes,No,Yes,Yes,No,Month-to-month,No,Mailed check,30.75,1906.5,No
24636981,Female,0,No,No,15,Yes,No,DSL,No,No,No,No,Yes,Yes,One year,Yes,Mailed check,79.06,1264.96,No
70667140,Male,0,Yes,No,68,No,No phone service,DSL,Yes,No,No,No,Yes,No,Two year,Yes,Bank transfer (automatic),85.45,5896.05,No
77624084,Female,0,No,Yes,69,Yes,No,DSL,Yes,No,Yes,Yes,No,No,Month-to-month,No,Mailed check,64.1,4487.0,No
39735904,Female,0,No,No,33,Yes,No,Fiber optic,Yes,No,Yes,Yes,Yes,Yes,Month-to-month,Yes,Credit card (automatic),71.34,2425.56,Yes
92558242,Male,0,No,No,52,Yes,No,Fiber optic,Yes,No,No,Yes,No,No,Month-to-month,Yes,Electronic check,55.7,2952.1,No
15820356,Male,0,No,No,22,Yes,No,DSL,No,Yes,No,Yes,Yes,No,Month-to-month,No,Mailed check,97.92,2252.16,No
98436473,Female,0,No,No,42,Yes,No,Fiber optic,Yes,Yes,Yes,No,Yes,Yes,Month-to-month,Yes,Credit card (automatic),96.25,4138.75,Yes
79987997,Female,0,Yes,Yes,43,Yes,No,Fiber optic,No,Yes,Yes,No,Yes,No,Month-to-month,No,Electronic check,83.15,3658.6,Yes
50484137,Female,0,Yes,No,31,Yes,No,Fiber optic,No,Yes,Yes,No,No,No,Month-to-month,Yes,Electronic check,91.01,2912.32,No
71477426,Male,0,No,No,22,Yes,No,DSL,Yes,No,Yes,Yes,No,Yes,Month-to-month,Yes,Electronic check,86.58,1991.34,No
96347724,Male,1,No,No,19,Yes,No,DSL,No,Yes,No,No,No,Yes,Month-to-month,Yes,Electronic check,57.69,1156.68,Yes
14180968,Female,0,Yes,No,18,Yes,No,No,No internet service,No internet service,No internet service,No internet service,No internet service,No internet service,One year,Yes,Electronic check,80.68,1532.92,No
18163847,Male,0,No,No,71,Yes,Yes,No,No internet service,No internet service,No internet service,No internet service,No internet service,No internet service,Month-to-month,No,Mailed check,92.62,6650.12,No
74287863,Male,0,Yes,No,28,Yes,No,Fiber optic,Yes,No,Yes,Yes,No,No,Two year,Yes,Credit card (automatic),63.87,1852.23,No
63904155,Male,0,Yes,No,17,Yes,No,Fiber optic,Yes,No,No,Yes,Yes,No,Two year,Yes,Electronic check,87.1,1567.8,Yes
67213476,Male,0,No,No,68,Yes,No,Fiber optic,No,Yes,No,No,Yes,No,One year,No,Electronic check,30.35,2094.15,No
24490391,Female,0,Yes,Yes,11,Yes,No,DSL,No,No,No,Yes,Yes,Yes,One year,Yes,Credit card (automatic),34.44,413.28,No
75802771,Female,1,Yes,No,9,Yes,No,No,No internet service,No internet service,No internet service,No internet service,No internet service,No internet service,Month-to-month,Yes,Electronic check,72.49,724.9,No
69533928,Female,0,Yes,Yes,36,Yes,No,DSL,Yes,Yes,Yes,Yes,No,No,One year,No,Electronic check,60.63,2243.31,No
19863756,Female,0,No,No,54,Yes,No,Fiber optic,Yes,Yes,Yes,Yes,Yes,No,One year,Yes,Bank transfer (automatic),103.02,5645.5,Yes
20843514,Male,0,No,No,3,Yes,No,Fiber optic,Yes,No,No,No,No,Yes,Month-to-month,No,Bank transfer (automatic),64.47,257.88,Yes
53233116,Male,1,No,No,62,Yes,Yes,Fiber optic,Yes,Yes,Yes,Yes,No,No,Two year,Yes,Mailed check,104.46,6580.98,No
91644298,Female,0,Yes,No,11,Yes,No,Fiber optic,Yes,Yes,No,Yes,No,No,One year,No,Electronic check,69.22,834.1,No
29909029,Female,1,No,No,17,Yes,Yes,Fiber optic,Yes,Yes,No,Yes,No,No,Two year,Yes,Mailed check,80.53,1449.54,Yes
18815720,Female,1,No,No,7,Yes,No,DSL,No,No,Yes,Yes,No,Yes,Month-to-month,Yes,Bank transfer (automatic),57.36,458.88,No
26937148,Male,0,No,No,31,No,No phone service,DSL,No,Yes,Yes,No,No,No,Month-to-month,Yes,Bank transfer (automatic),66.39,2124.48,No
46912022,Female,0,No,No,48,Yes,No,No,No internet service,No internet service,No internet service,No internet service,No internet service,No internet service,Month-to-month,No,Mailed check,48.09,2356.41,No
93794475,Male,1,Yes,No,62,Yes,Yes,Fiber optic,Yes,Yes,Yes,No,No,Yes,One year,No,Electronic check,38.19,2405.97,Yes
94970119,Female,0,Yes,No,58,Yes,Yes,No,No internet service,No internet service,No internet service,No internet service,No internet service,No internet service,Two year,Yes,Bank transfer (automatic),97.9,5776.1,No
88566318,Female,0,Yes,No,66,Yes,Yes,Fiber optic,No,Yes,No,Yes,No,No,One year,Yes,Credit card (automatic),102.25,6830.3,Yes
83599154,Male,0,Yes,No,38,Yes,Yes,Fiber optic,Yes,No,Yes,No,No,No,Month-to-month,Yes,Credit card (automatic),97.93,3819.27,No
53645651,Male,0,No,No,49,Yes,No,Fiber optic,Yes,No,No,Yes,No,Yes,Month-to-month,No,Electronic check,103.26,5163.0,No
61124122,Female,0,No,No,70,Yes,No,DSL,No,Yes,No,Yes,No,No,Month-to-month,Yes,Credit card (automatic),76.48,5430.08,Yes
90180577,Male,0,No,Yes,25,Yes,Yes,Fiber optic,No,No,Yes,Yes,Yes,Yes,Month-to-month,Yes,Bank transfer (automatic),56.81,1477.06,Yes
81210133,Male,0,Yes,No,22,Yes,Yes,No,No internet service,No internet service,No internet service,No internet service,No internet service,No internet service,One year,Yes,Electronic check,49.03,1127.69,No
49580505,Male,0,Yes,No,62,Yes,No,No,No internet service,No internet service,No internet service,No internet service,No internet service,No internet service,Two year,Yes,Electronic check,18.0,1134.0,No
70896652,Female,0,Yes,No,65,Yes,Yes,Fiber optic,Yes,No,No,Yes,No,Yes,Month-to-month,Yes,Bank transfer (automatic),86.07,5680.62,Yes
77853916,Male,1,Yes,No,38,Yes,No,Fiber optic,Yes,No,No,No,No,Yes,Month-to-month,No,Credit card (automatic),73.84,2879.76,Yes
91259008,Female,0,Yes,No,65,Yes,Yes,No,No internet service,No internet service,No internet service,No internet service,No internet service,No internet service,Month-to-month,Yes,Mailed check,81.32,5350.86,Yes
67740376,Male,0,No,No,45,Yes,No,Fiber optic,No,Yes,Yes,Yes,No,No,Month-to-month,Yes,Electronic check,88.07,4055.62,No
23311507,Female,0,Yes,No,14,Yes,No,No,No internet service,No internet service,No internet service,No internet service,No internet service,No internet service,Month-to-month,Yes,Electronic check,111.62,1674.3,No
25356396,Female,0,No,No,15,Yes,Yes,Fiber optic,No,Yes,Yes,No,Yes,No,Two year,No,Electronic check,60.15,962.4,No
97874085,Female,1,Yes,No,71,Yes,Yes,No,No internet service,No internet service,No internet service,No internet service,No internet service,No internet service,One year,Yes,Electronic check,84.33,6071.76,No
97364555,Male,0,No,Yes,15,Yes,No,DSL,Yes,No,No,No,Yes,Yes,Month-to-month,Yes,Mailed check,55.09,881.44,Yes
83998961,Female,0,No,Yes,38,Yes,No,Fiber optic,Yes,No,No,Yes,Yes,No,Month-to-month,No,Credit card (automatic),18.83,734.37,No
38859907,Male,1,Yes,Yes,10,Yes,No,DSL,No,No,No,Yes,No,No,Month-to-month,Yes,Mailed check,64.69,711.59,No
67723010,Male,1,No,No,35,Yes,Yes,Fiber optic,Yes,No,Yes,Yes,No,No,Two year,No,Credit card (automatic),113.8,4096.8,Yes
70606674,Female,0,No,Yes,17,Yes,No,Fiber optic,Yes,Yes,No,Yes,Yes,Yes,Two year,Yes,Bank transfer (automatic),64.49,1160.82,No
40667888,Male,0,No,No,22,No,No phone service,DSL,Yes,No,No,No,No,No,Month-to-month,Yes,Electronic check,43.37,997.51,No
65541117,Female,0,No,No,48,Yes,No,Fiber optic,No,No,No,No,No,Yes,Month-to-month,Yes,Electronic check,81.55,3995.95,No
55490631,Male,0,Yes,No,41,Yes,No,DSL,Yes,Yes,No,No,No,Yes,Month-to-month,Yes,Electronic check,96.7,4061.4,Yes
70867592,Female,0,No,Yes,43,Yes,Yes,DSL,No,No,Yes,Yes,Yes,Yes,Month-to-month,No,Bank transfer (automatic),85.35,3759.67,Yes
63516659,Male,0,No,No,0,Yes,No,DSL,Yes,Yes,No,Yes,Yes,Yes,Month-to-month,Yes,Bank transfer (automatic),110.66,116.19,Yes
65833185,Male,0,Yes,No,6,Yes,No,Fiber optic,No,Yes,No,No,Yes,Yes,Month-to-month,Yes,Electronic check,41.94,293.58,No
22762205,Male,0,Yes,No,47,No,No phone service,DSL,Yes,No,No,No,Yes,Yes,One year,Yes,Electronic check,111.67,5337.83,No
51949529,Male,0,No,No,15,Yes,No,DSL,Yes,No,No,No,No,Yes,Month-to-month,Yes,Electronic check,18.0,288.0,Yes
67279295,Male,1,Yes,No,47,Yes,No,DSL,No,No,Yes,Yes,No,No,One year,Yes,Electronic check,18.0,860.4,No
51946203,Male,0,No,No,42,No,No phone service,DSL,No,No,No,Yes,No,No,Two year,No,Credit card (automatic),26.11,1122.73,No
99269266,Male,1,No,No,50,Yes,Yes,DSL,No,Yes,Yes,No,No,Yes,Month-to-month,No,Electronic check,84.41,4304.91,No
44210729,Male,1,No,Yes,65,Yes,Yes,Fiber optic,Yes,Yes,Yes,Yes,Yes,Yes,Two year,Yes,Bank transfer (automatic),24.74,1632.84,No
60237832,Female,0,Yes,No,30,Yes,Yes,Fiber optic,No,No,No,Yes,No,Yes,Month-to-month,Yes,Bank transfer (automatic),50.85,1576.35,No
30486849,Male,0,Yes,No,38,Yes,Yes,No,No internet service,No internet service,No internet service,No internet service,No internet service,No internet service,One year,Yes,Credit card (automatic),57.3,2234.7,Yes
73655158,Male,0,Yes,No,8,Yes,Yes,DSL,No,Yes,No,No,Yes,No,Month-to-month,Yes,Bank transfer (automatic),92.39,831.51,No
19010480,Male,0,No,No,40,Yes,Yes,No,No internet service,No internet service,No internet service,No internet service,No internet service,No internet service,Two year,Yes,Bank transfer (automatic),108.34,4441.94,No
22243983,Female,0,No,No,62,Yes,Yes,Fiber optic,No,No,No,Yes,Yes,No,One year,Yes,Electronic check,97.06,6119.63,No
21457410,Male,0,No,Yes,13,No,No phone service,Fiber optic,No,No,No,Yes,No,No,One year,Yes,Credit card (automatic),27.08,379.12,No
22513132,Female,1,No,No,57,Yes,Yes,DSL,No,No,Yes,Yes,No,Yes,Month-to-month,Yes,Electronic check,75.36,4370.88,No
67965485,Male,0,Yes,No,63,Yes,No,DSL,Yes,Yes,Yes,No,No,Yes,Month-to-month,Yes,Electronic check,58.89,3768.96,Yes
22960658,Female,0,Yes,No,27,Yes,Yes,Fiber optic,No,Yes,Yes,Yes,Yes,Yes,Month-to-month,Yes,Mailed check,65.09,1825.77,No
60015814,Male,0,No,No,3,Yes,Yes,Fiber optic,Yes,No,No,No,Yes,No,Two year,No,Bank transfer (automatic),68.03,275.52,No
27463800,Male,0,No,Yes,33,Yes,No,No,No internet service,No internet service,No internet service,No internet service,No internet service,No internet service,Month-to-month,Yes,Electronic check,56.08,1906.72,No
84674816,Female,1,Yes,No,3,Yes,Yes,No,No internet service,No internet service,No internet service,No internet service,No internet service,No internet service,Two year,Yes,Credit card (automatic),48.23,192.92,No
18050510,Male,0,Yes,Yes,69,Yes,Yes,Fiber optic,No,Yes,No,Yes,No,No,Month-to-month,Yes,Electronic check,56.55,3958.5,No
88714010,Female,0,Yes,No,57,Yes,Yes,Fiber optic,No,No,No,No,Yes,No,Month-to-month,No,Electronic check,49.26,2857.08,No
85374852,Male,0,Yes,No,3,Yes,No,Fiber optic,No,Yes,Yes,No,Yes,No,Month-to-month,Yes,Bank transfer (automatic),100.49,401.96,No
85387867,Male,0,No,No,49,Yes,No,No,No internet service,No internet service,No internet service,No internet service,No internet service,No internet service,Month-to-month,Yes,Credit card (automatic),68.08,3404.0,No
54244334,Male,0,No,No,4,Yes,Yes,Fiber optic,No,No,Yes,No,No,No,Month-to-month,Yes,Credit card (automatic),100.31,501.55,No
99927658,Male,0,No,No,44,Yes,No,DSL,No,No,No,No,No,Yes,Two year,Yes,Electronic check,102.79,4604.99,No
26405605,Male,0,No,No,34,Yes,No,Fiber optic,No,No,Yes,Yes,No,Yes,Month-to-month,No,Mailed check,111.57,3904.95,Yes
65137801,Female,1,No,Yes,26,Yes,No,Fiber optic,No,Yes,No,Yes,No,No,Month-to-month,Yes,Electronic check,32.26,871.02,Yes
57459130,Female,1,No,No,1,No,No phone service,Fiber optic,Yes,No,Yes,No,No,No,Month-to-month,No,Mailed check,77.88,155.76,No
99300492,Male,0,Yes,No,53,Yes,No,No,No internet service,No internet service,No internet service,No internet service,No internet service,No internet service,Month-to-month,Yes,Electronic check,32.77,1769.58,No
66765623,Male,1,No,No,71,Yes,No,Fiber optic,No,No,No,No,Yes,No,Month-to-month,Yes,Mailed check,125.11,9007.92,No
16904975,Male,0,Yes,No,47,Yes,Yes,No,No internet service,No internet service,No internet service,No internet service,No internet service,No internet service,Month-to-month,No,Credit card (automatic),87.67,4190.63,Yes
48604965,Male,0,Yes,No,48,Yes,No,No,No internet service,No internet service,No internet service,No internet service,No internet service,No internet service,Month-to-month,No,Bank transfer (automatic),55.92,2740.08,No
90585678,Female,0,Yes,No,0,Yes,No,DSL,Yes,No,Yes,No,No,No,Two year,No,Electronic check,60.54,63.57,No
51936181,Male,0,No,Yes,32,Yes,No,DSL,No,Yes,Yes,Yes,No,No,Two year,Yes,Credit card (automatic),95.18,3140.94,No
57197152,Female,0,Yes,No,34,Yes,No,Fiber optic,Yes,Yes,Yes,Yes,No,No,Two year,No,Mailed check,58.95,2063.25,No
23905032,Male,0,Yes,No,53,Yes,Yes,No,No internet service,No internet service,No internet service,No internet service,No internet service,No internet service,Month-to-month,No,Electronic check,29.28,1575.26,Yes
87566910,Female,0,Yes,No,55,Yes,Yes,DSL,Yes,Yes,Yes,No,Yes,No,Month-to-month,Yes,Mailed check,83.49,4658.74,Yes
78103759,Female,0,No,Yes,14,Yes,No,Fiber optic,No,Yes,No,Yes,No,No,One year,Yes,Credit card (automatic),106.99,1604.85,No
38553319,Female,0,No,No,68,Yes,No,Fiber optic,Yes,No,Yes,Yes,Yes,Yes,One year,Yes,Electronic check,67.81,4678.89,No
30767532,Female,0,No,Yes,3,Yes,No,Fiber optic,No,Yes,No,Yes,No,No,Month-to-month,Yes,Electronic check,92.5,370.0,No
98145654,Male,1,Yes,No,63,Yes,No,DSL,Yes,No,No,Yes,No,No,One year,Yes,Electronic check,52.25,3344.0,No
74718365,Female,0,Yes,Yes,21,Yes,Yes,DSL,Yes,No,Yes,Yes,Yes,No,Two year,No,Credit card (automatic),73.78,1623.16,No
40097636,Female,0,No,No,23,Yes,No,DSL,No,Yes,Yes,No,Yes,Yes,Month-to-month,Yes,Electronic check,73.0,1752.0,No
24524825,Female,0,Yes,Yes,46,Yes,No,Fiber optic,No,Yes,Yes,No,Yes,No,Month-to-month,Yes,Electronic check,59.49,2799.0,No
56991504,Female,0,No,No,5,Yes,No,DSL,No,Yes,Yes,No,No,No,Month-to-month,Yes,Credit card (automatic),41.66,249.96,No
84660688,Female,0,No,No,26,Yes,No,No,No internet service,No internet service,No internet service,No internet service,No internet service,No internet service,One year,No,Credit card (automatic),48.11,1298.97,No
59333209,Female,0,No,Yes,9,Yes,No,DSL,Yes,No,No,No,Yes,No,One year,No,Bank transfer (automatic),49.44,494.4,No
25419645,Male,1,No,Yes,38,Yes,Yes,Fiber optic,No,No,Yes,No,Yes,Yes,One year,Yes,Credit card (automatic),56.21,2192.19,No
47388792,Male,0,Yes,Yes,36,Yes,Yes,No,No internet service,No internet service,No internet service,No internet service,No internet service,No internet service,Month-to-month,No,Credit card (automatic),65.9,2438.3,No
87054398,Male,1,Yes,No,53,Yes,Yes,Fiber optic,Yes,No,No,Yes,No,Yes,One year,Yes,Electronic check,74.33,4013.82,No
40354559,Female,0,No,No,50,Yes,No,DSL,No,No,No,No,Yes,Yes,Month-to-month,Yes,Bank transfer (automatic),74.29,3788.79,Yes
67594492,Female,0,Yes,No,59,Yes,No,No,No internet service,No internet service,No internet service,No internet service,No internet service,No internet service,Month-to-month,No,Credit card (automatic),66.92,4015.2,Yes
85291541,Male,0,Yes,No,71,Yes,Yes,DSL,No,Yes,No,No,Yes,No,Month-to-month,No,Bank transfer (automatic),70.44,5071.68,Yes
93446356,Male,0,Yes,Yes,50,Yes,No,DSL,No,No,No,Yes,No,No,Two year,No,Mailed check,44.3,2259.3,Yes
92352411,Female,0,Yes,No,61,Yes,Yes,Fiber optic,No,No,No,No,No,Yes,One year,No,Mailed check,75.73,4680.11,No
96261621,Female,0,Yes,No,48,No,No phone service,DSL,No,Yes,No,No,No,No,Month-to-month,Yes,Credit card (automatic),23.02,1129.13,No
84724345,Female,0,Yes,No,50,Yes,Yes,Fiber optic,No,No,No,Yes,Yes,No,Month-to-month,Yes,Bank transfer (automatic),39.66,2022.66,No
13523729,Female,0,No,No,27,Yes,No,Fiber optic,No,No,No,No,No,No,Two year,No,Credit card (automatic),38.79,1086.12,No
91737913,Female,0,No,No,35,Yes,No,Fiber optic,Yes,Yes,Yes,No,No,No,Month-to-month,Yes,Electronic check,52.87,1903.32,No
98292612,Male,0,No,No,24,Yes,No,DSL,Yes,Yes,Yes,No,Yes,No,Month-to-month,No,Credit card (automatic),78.68,1967.0,Yes
45896226,Male,1,No,No,35,Yes,No,Fiber optic,Yes,No,Yes,Yes,No,No,Month-to-month,Yes,Bank transfer (automatic),75.23,2708.28,No
13886030,Male,0,Yes,Yes,59,Yes,No,DSL,No,No,Yes,No,No,No,Month-to-month,Yes,Mailed check,78.2,4676.36,Yes
34215035,Male,0,Yes,No,6,Yes,No,DSL,No,No,Yes,No,No,No,Two year,No,Bank transfer (automatic),94.27,664.6,No
46677730,Male,0,Yes,Yes,64,Yes,No,Fiber optic,No,Yes,Yes,Yes,No,Yes,Month-to-month,Yes,Bank transfer (automatic),75.42,4906.07,No
51471222,Male,0,No,No,72,No,No phone service,Fiber optic,No,Yes,No,No,Yes,No,Month-to-month,Yes,Credit card (automatic),39.79,2904.67,No
55610493,Male,0,No,No,35,Yes,No,Fiber optic,No,Yes,Yes,No,No,Yes,Month-to-month,Yes,Bank transfer (automatic),70.89,2552.04,No
57113566,Female,0,Yes,Yes,72,No,No phone service,DSL,Yes,No,Yes,Yes,No,No,Month-to-month,No,Credit card (automatic),42.01,3066.73,Yes
10819505,Female,0,Yes,Yes,29,Yes,No,No,No internet service,No internet service,No internet service,No internet service,No internet service,No internet service,Two year,Yes,Mailed check,59.96,1798.8,No
34347841,Female,0,No,No,46,Yes,No,DSL,Yes,No,Yes,No,No,Yes,One year,Yes,Mailed check,81.94,3851.18,No
29226889,Male,0,No,Yes,28,Yes,No,Fiber optic,Yes,No,No,No,No,Yes,Month-to-month,No,Electronic check,64.93,1882.97,No
86010330,Male,0,No,No,4,Yes,Yes,DSL,Yes,No,No,No,Yes,Yes,Month-to-month,Yes,Mailed check,89.28,446.4,Yes
98227303,Female,1,Yes,Yes,64,Yes,Yes,Fiber optic,Yes,Yes,No,Yes,No,Yes,Month-to-month,Yes,Mailed check,70.25,4566.25,Yes
63792364,Male,0,Yes,No,68,Yes,No,Fiber optic,No,Yes,No,No,No,No,Two year,No,Bank transfer (automatic),24.57,1695.33,No
19339597,Female,1,No,No,62,Yes,No,Fiber optic,Yes,No,Yes,No,Yes,No,Month-to-month,No,Bank transfer (automatic),58.16,3664.08,Yes
29042093,Male,0,No,Yes,55,Yes,No,DSL,Yes,No,Yes,Yes,Yes,No,Month-to-month,Yes,Credit card (automatic),89.06,4987.36,No
94982908,Female,0,No,No,16,Yes,No,Fiber optic,No,No,Yes,No,No,Yes,One year,No,Electronic check,83.7,1422.9,Yes
14114726,Female,1,No,No,50,Yes,No,Fiber optic,No,Yes,Yes,Yes,No,Yes,Two year,Yes,Credit card (automatic),37.85,1930.35,No
22315507,Female,1,No,No,36,No,No phone service,Fiber optic,No,Yes,No,Yes,Yes,Yes,One year,Yes,Electronic check,56.19,2079.03,No
81200181,Female,0,No,No,8,Yes,No,DSL,Yes,No,Yes,Yes,No,No,Two year,Yes,Bank transfer (automatic),76.2,689.61,No
38874646,Female,0,Yes,Yes,37,Yes,No,Fiber optic,No,Yes,Yes,Yes,No,Yes,Two year,Yes,Mailed check,54.33,2064.54,Yes
60491958,Female,0,Yes,Yes,52,Yes,Yes,DSL,No,Yes,No,No,No,No,Month-to-month,No,Bank transfer (automatic),59.83,3159.02,No
66348963,Male,0,No,No,12,Yes,No,DSL,Yes,No,Yes,Yes,Yes,No,One year,No,Bank transfer (automatic),77.47,1007.11,No
70887307,Male,0,Yes,Yes,52,No,No phone service,DSL,No,No,No,No,Yes,Yes,Two year,Yes,Bank transfer (automatic),124.98,6623.94,No
55754284,Female,0,No,No,48,No,No phone service,DSL,Yes,No,No,No,Yes,No,One year,Yes,Credit card (automatic),79.3,3885.7,No
31127115,Male,1,No,No,69,No,No phone service,Fiber optic,No,Yes,No,No,Yes,Yes,One year,Yes,Electronic check,90.8,6356.0,No
59667685,Male,0,No,No,34,Yes,No,Fiber optic,No,No,Yes,No,Yes,Yes,Two year,Yes,Electronic check,43.39,1520.82,No
51827259,Female,0,Yes,No,15,No,No phone service,Fiber optic,Yes,No,Yes,No,No,No,One year,Yes,Credit card (automatic),32.65,522.4,Yes
53537934,Female,0,Yes,No,12,Yes,No,Fiber optic,Yes,Yes,Yes,No,Yes,No,Month-to-month,Yes,Credit card (automatic),43.74,568.62,No
86181117,Female,0,No,No,10,No,No phone service,Fiber optic,Yes,Yes,Yes,No,No,No,Month-to-month,Yes,Bank transfer (automatic),64.74,699.19,Yes
90023800,Female,0,No,Yes,1,Yes,Yes,Fiber optic,No,No,Yes,Yes,No,Yes,One year,Yes,Electronic check,76.81,153.62,No
21402740,Male,0,No,No,18,Yes,Yes,No,No internet service,No internet service,No internet service,No internet service,No internet service,No internet service,Month-to-month,Yes,Electronic check,84.41,1603.79,Yes
17061037,Female,0,Yes,No,44,Yes,No,Fiber optic,Yes,Yes,Yes,No,No,Yes,Month-to-month,Yes,Electronic check,96.74,4353.3,Yes
30881581,Male,1,Yes,Yes,45,Yes,Yes,Fiber optic,Yes,No,No,No,No,No,One year,Yes,Credit card (automatic),107.73,4955.58,No
31127198,Male,0,No,No,46,Yes,No,No,No internet service,No internet service,No internet service,No internet service,No internet service,No internet service,Month-to-month,No,Bank transfer (automatic),18.0,846.0,No
92924837,Female,0,No,No,48,Yes,No,DSL,Yes,Yes,Yes,No,No,Yes,One year,Yes,Mailed check,40.57,1987.93,No
16679008,Male,0,No,No,41,Yes,Yes,Fiber optic,Yes,Yes,No,Yes,Yes,Yes,Month-to-month,Yes,Bank transfer (automatic),119.9,5041.8,No
20949687,Female,1,Yes,Yes,32,Yes,No,DSL,No,Yes,No,No,Yes,No,Two year,No,Mailed check,80.47,2639.42,No
46521025,Male,0,Yes,No,40,Yes,No,No,No internet service,No internet service,No internet service,No internet service,No internet service,No internet service,Month-to-month,Yes,Mailed check,66.8,2738.8,No
69473616,Female,0,Yes,No,68,Yes,No,Fiber optic,No,No,No,No,No,No,Month-to-month,No,Mailed check,18.0,1242.0,No
98843907,Male,0,No,No,18,Yes,No,Fiber optic,Yes,Yes,No,Yes,No,No,Month-to-month,Yes,Bank transfer (automatic),31.14,591.66,Yes
66910299,Male,1,No,No,38,No,No phone service,Fiber optic,Yes,No,Yes,No,Yes,No,Month-to-month,No,Credit card (automatic),96.54,3765.06,Yes
75184410,Female,0,Yes,Yes,6,Yes,No,Fiber optic,No,Yes,No,No,Yes,No,Month-to-month,No,Electronic check,55.95,391.65,No
91480362,Male,0,Yes,No,38,No,No phone service,Fiber optic,No,No,No,No,No,No,Two year,No,Electronic check,86.34,3367.26,No
69330166,Male,1,No,No,33,Yes,No,No,No internet service,No internet service,No internet service,No internet service,No internet service,No internet service,One year,Yes,Electronic check,57.99,1971.66,No
65590800,Male,0,Yes,No,43,Yes,No,Fiber optic,Yes,Yes,No,No,Yes,Yes,Month-to-month,Yes,Electronic check,135.46,5960.24,No
46663833,Male,0,No,Yes,68,Yes,No,No,No internet service,No internet service,No internet service,No internet service,No internet service,No internet service,Month-to-month,No,Mailed check,68.68,4738.92,No
38933176,Male,0,No,No,67,Yes,Yes,Fiber optic,Yes,No,No,Yes,No,No,Month-to-month,No,Credit card (automatic),25.3,1720.4,No
78765957,Female,0,Yes,Yes,62,No,No phone service,Fiber optic,Yes,No,Yes,Yes,Yes,No,One year,No,Electronic check,87.41,5506.83,No
25276327,Female,0,Yes,No,70,Yes,No,DSL,Yes,Yes,Yes,Yes,Yes,No,Two year,No,Mailed check,72.25,5129.75,No
56328316,Male,0,No,No,47,No,No phone service,DSL,No,No,No,Yes,Yes,No,Two year,No,Bank transfer (automatic),51.32,2463.36,No
67702031,Female,0,Yes,No,2,Yes,No,No,No internet service,No internet service,No internet service,No internet service,No internet service,No internet service,Month-to-month,Yes,Credit card (automatic),76.02,228.06,No
24883373,Male,0,Yes,Yes,33,Yes,No,Fiber optic,Yes,Yes,No,No,No,No,Month-to-month,No,Credit card (automatic),101.38,3446.92,No
48016697,Male,1,No,Yes,8,Yes,No,Fiber optic,Yes,No,No,Yes,No,Yes,Two year,Yes,Bank transfer (automatic),62.81,552.73,No
89609131,Female,0,No,No,60,Yes,No,Fiber optic,No,No,Yes,Yes,No,Yes,Month-to-month,Yes,Electronic check,41.35,2522.35,No
75314742,Female,0,No,No,19,No,No phone service,DSL,No,Yes,No,No,No,Yes,Month-to-month,No,Electronic check,76.21,1528.01,No
80723898,Male,0,Yes,No,39,Yes,Yes,Fiber optic,Yes,Yes,No,No,Yes,Yes,Two year,No,Electronic check,50.74,2029.6,No
99541016,Female,0,Yes,No,11,Yes,No,Fiber optic,Yes,Yes,No,Yes,Yes,No,Month-to-month,No,Bank transfer (automatic),79.83,957.96,No
51395350,Male,0,Yes,No,27,Yes,Yes,No,No internet service,No internet service,No internet service,No internet service,No internet service,No internet service,Month-to-month,Yes,Bank transfer (automatic),108.01,3024.28,No
16095815,Female,0,Yes,No,47,Yes,No,Fiber optic,No,Yes,Yes,No,No,Yes,One year,Yes,Electronic check,35.73,1715.04,No
39597483,Male,1,No,No,6,Yes,No,No,No internet service,No internet service,No internet service,No internet service,No internet service,No internet service,Month-to-month,No,Electronic check,18.0,126.0,No
63051354,Female,0,Yes,Yes,13,Yes,No,Fiber optic,No,Yes,No,No,Yes,Yes,Month-to-month,Yes,Mailed check,138.78,1942.92,Yes
90440034,Male,1,No,No,18,Yes,No,DSL,No,Yes,No,No,Yes,Yes,Month-to-month,No,Credit card (automatic),73.99,1405.81,Yes
17352710,Female,1,Yes,No,53,No,No phone service,No,No internet service,No internet service,No internet service,No internet service,No internet service,No internet service,Month-to-month,No,Electronic check,32.61,1760.94,No
11031743,Male,0,Yes,No,59,Yes,No,DSL,Yes,Yes,Yes,No,Yes,No,Month-to-month,No,Mailed check,39.96,2397.6,No
37437207,Female,0,No,Yes,66,Yes,No,Fiber optic,Yes,No,No,No,Yes,No,Two year,Yes,Mailed check,55.75,3735.25,Yes
50455821,Male,1,Yes,No,33,Yes,No,DSL,Yes,Yes,Yes,Yes,Yes,Yes,Two year,Yes,Credit card (automatic),79.06,2688.04,No
38351344,Male,1,Yes,No,40,Yes,No,Fiber optic,Yes,Yes,No,Yes,No,Yes,One year,Yes,Credit card (automatic),18.0,738.0,No
28419343,Female,0,Yes,No,30,Yes,No,DSL,Yes,Yes,Yes,Yes,No,No,Month-to-month,Yes,Credit card (automatic),90.96,2819.76,No
44295247,Female,0,Yes,No,38,Yes,No,Fiber optic,No,No,Yes,No,No,Yes,Month-to-month,No,Electronic check,49.39,1916.33,No
48848936,Female,0,No,No,51,Yes,No,No,No internet service,No internet service,No internet service,No internet service,No internet service,No internet service,Month-to-month,Yes,Credit card (automatic),114.5,5954.0,No
54039837,Male,1,Yes,No,46,Yes,Yes,Fiber optic,No,No,Yes,Yes,No,No,Two year,Yes,Mailed check,81.58,3834.26,No
26104026,Male,0,No,No,19,Yes,Yes,Fiber optic,No,Yes,No,No,No,No,One year,Yes,Bank transfer (automatic),96.83,1936.6,No
11037490,Male,0,No,Yes,51,Yes,No,Fiber optic,No,No,No,No,Yes,Yes,Month-to-month,Yes,Bank transfer (automatic),62.98,3274.96,No
76757928,Female,1,No,Yes,70,Yes,No,No,No internet service,No internet service,No internet service,No internet service,No internet service,No internet service,Month-to-month,No,Mailed check,77.36,5492.56,No
67801537,Female,0,Yes,Yes,61,Yes,No,DSL,No,No,No,Yes,No,No,Two year,Yes,Electronic check,111.53,6920.44,No
33581357,Male,0,No,No,4,Yes,No,DSL,No,No,Yes,Yes,No,Yes,Month-to-month,Yes,Electronic check,44.44,222.2,No
27339011,Male,0,Yes,No,56,Yes,No,DSL,No,No,Yes,No,Yes,No,Two year,Yes,Mailed check,83.26,4745.82,No
61030579,Male,1,No,No,3,Yes,Yes,Fiber optic,Yes,Yes,No,No,Yes,No,Two year,Yes,Credit card (automatic),86.08,344.32,No
81481992,Female,0,No,Yes,10,No,No phone service,Fiber optic,Yes,No,No,No,Yes,Yes,Month-to-month,No,Credit card (automatic),110.87,1219.57,Yes
40884937,Male,0,Yes,Yes,18,Yes,No,Fiber optic,No,No,Yes,No,Yes,No,Month-to-month,No,Mailed check,50.77,964.63,No
77144075,Female,0,No,Yes,26,Yes,No,Fiber optic,No,No,No,Yes,No,No,One year,Yes,Electronic check,44.55,1202.85,No
84990607,Female,0,No,Yes,28,Yes,Yes,Fiber optic,No,Yes,Yes,No,No,No,Month-to-month,No,Electronic check,105.68,3064.72,No
99663907,Male,0,No,Yes,17,Yes,No,Fiber optic,No,Yes,No,No,No,No,Month-to-month,Yes,Electronic check,63.25,1138.5,No
57535513,Male,0,Yes,No,36,Yes,No,Fiber optic,No,No,Yes,No,No,No,One year,No,Electronic check,43.03,1592.11,No
19673809,Male,0,No,No,60,Yes,No,DSL,No,Yes,No,Yes,No,No,Month-to-month,No,Bank transfer (automatic),55.14,3363.54,No
63293990,Female,0,No,No,46,Yes,No,DSL,No,No,No,No,Yes,Yes,Month-to-month,No,Credit card (automatic),28.43,1330.52,Yes
15677713,Female,0,Yes,No,19,Yes,No,DSL,No,Yes,Yes,No,No,No,Month-to-month,No,Electronic check,69.16,1383.2,No
68548403,Male,0,No,No,69,Yes,No,No,No internet service,No internet service,No internet service,No internet service,No internet service,No internet service,Month-to-month,Yes,Credit card (automatic),18.0,1260.0,No
12515446,Male,0,Yes,No,48,Yes,No,Fiber optic,No,No,No,Yes,No,No,Month-to-month,Yes,Electronic check,77.98,3821.02,No
71707170,Female,0,Yes,No,14,Yes,No,DSL,Yes,No,Yes,No,Yes,No,Two year,No,Credit card (automatic),23.74,356.1,No
20450542,Female,0,No,No,17,Yes,Yes,DSL,No,No,No,Yes,No,Yes,Month-to-month,No,Electronic check,108.06,1945.08,No
52018286,Female,0,No,Yes,37,Yes,No,Fiber optic,No,Yes,Yes,Yes,No,No,Two year,No,Mailed check,48.83,1855.54,No
87277086,Male,0,No,Yes,21,Yes,No,Fiber optic,No,No,No,No,No,No,Month-to-month,No,Electronic check,45.16,993.52,Yes
67617561,Female,0,No,Yes,59,Yes,No,DSL,Yes,Yes,Yes,No,Yes,No,Month-to-month,Yes,Electronic check,71.26,4275.6,No
86960402,Female,0,Yes,No,65,Yes,No,DSL,No,Yes,Yes,Yes,No,No,Month-to-month,Yes,Electronic check,81.8,5398.8,Yes
64280720,Female,0,Yes,Yes,25,No,No phone service,DSL,Yes,No,No,No,Yes,Yes,Month-to-month,Yes,Electronic check,71.06,1847.56,No
95918360,Female,0,No,No,63,Yes,No,Fiber optic,No,No,No,No,No,Yes,One year,Yes,Bank transfer (automatic),21.37,1363.41,No
66061934,Female,0,Yes,Yes,57,Yes,Yes,DSL,No,Yes,No,Yes,Yes,Yes,Two year,Yes,Credit card (automatic),73.53,2221.925,No
48858073,Male,0,No,No,2,Yes,No,Fiber optic,Yes,No,Yes,Yes,No,No,Two year,No,Electronic check,67.63,202.89,No
25458308,Female,0,No,Yes,29,Yes,No,No,No internet service,No internet service,No internet service,No internet service,No internet service,No internet service,Month-to-month,No,Electronic check,66.49,1994.7,No
64362516,Male,0,Yes,No,18,Yes,No,DSL,No,No,No,No,Yes,Yes,Month-to-month,Yes,Electronic check,87.37,1642.56,No
12799319,Female,0,Yes,Yes,9,Yes,No,DSL,No,No,Yes,No,Yes,No,Month-to-month,No,Credit card (automatic),46.8,468.0,No
53589647,Male,0,No,Yes,45,Yes,No,DSL,No,Yes,No,Yes,No,Yes,One year,No,Bank transfer (automatic),36.02,1656.92,No
33068427,Male,0,No,No,18,Yes,Yes,Fiber optic,No,Yes,No,No,No,No,Month-to-month,Yes,Electronic check,88.44,1684.78,No
92963368,Male,0,No,No,57,Yes,Yes,Fiber optic,No,Yes,Yes,Yes,No,Yes,Month-to-month,No,Mailed check,18.0,1044.0,Yes
71753160,Male,0,No,Yes,5,Yes,No,Fiber optic,No,No,No,Yes,No,No,One year,Yes,Bank transfer (automatic),78.49,470.94,No
58567046,Female,0,No,No,50,Yes,Yes,DSL,No,No,No,No,No,No,Month-to-month,Yes,Credit card (automatic),33.63,1716.81,No
21828592,Female,0,Yes,No,13,Yes,No,Fiber optic,No,No,Yes,Yes,No,Yes,Month-to-month,No,Bank transfer (automatic),112.07,1546.57,No
68614462,Male,0,Yes,No,57,Yes,No,Fiber optic,Yes,No,Yes,Yes,Yes,No,Month-to-month,Yes,Electronic check,26.35,1528.3,No
24208709,Male,1,Yes,No,7,Yes,No,DSL,No,Yes,No,Yes,Yes,No,Month-to-month,Yes,Credit card (automatic),26.99,215.92,No
42657384,Male,0,Yes,No,1,Yes,No,DSL,Yes,No,No,Yes,Yes,Yes,Month-to-month,Yes,Electronic check,139.89,279.78,No
68475513,Male,0,Yes,Yes,17,Yes,No,Fiber optic,No,No,Yes,No,Yes,No,One year,No,Mailed check,107.88,1941.84,Yes
89036966,Male,0,Yes,No,56,Yes,Yes,DSL,No,Yes,No,No,Yes,Yes,Two year,Yes,Electronic check,45.79,2612.32,No
63747464,Female,0,Yes,No,34,Yes,No,Fiber optic,No,Yes,No,No,No,Yes,Month-to-month,Yes,Credit card (automatic),32.91,1151.85,Yes
80325062,Female,0,Yes,No,65,Yes,No,Fiber optic,Yes,No,Yes,Yes,No,No,Two year,No,Electronic check,42.21,2785.86,No
20555833,Male,0,No,No,55,Yes,No,DSL,No,Yes,No,Yes,No,No,Month-to-month,No,Electronic check,80.81,4525.36,No
63118906,Male,0,No,No,42,Yes,Yes,No,No internet service,No internet service,No internet service,No internet service,No internet service,No internet service,Two year,Yes,Electronic check,78.53,3376.79,No
51644346,Female,0,Yes,No,72,Yes,No,Fiber optic,No,No,No,No,Yes,No,Month-to-month,Yes,Mailed check,58.03,4224.58,No
55568701,Male,0,No,No,71,Yes,No,DSL,Yes,Yes,No,Yes,Yes,No,One year,Yes,Credit card (automatic),121.47,8745.84,No
39738898,Female,0,Yes,No,7,Yes,Yes,Fiber optic,No,No,Yes,Yes,No,Yes,Month-to-month,No,Bank transfer (automatic),46.42,362.08,No
54703713,Male,1,No,No,4,Yes,No,Fiber optic,No,No,Yes,Yes,No,No,Month-to-month,No,Electronic check,18.0,90.0,No
32566390,Female,0,Yes,No,12,Yes,No,DSL,No,No,No,Yes,Yes,No,One year,Yes,Credit card (automatic),150.09,1951.17,No
20251466,Female,0,No,Yes,6,No,No phone service,DSL,No,No,No,No,No,No,Month-to-month,Yes,Bank transfer (automatic),97.44,682.08,No
78515906,Male,0,Yes,No,20,Yes,No,Fiber optic,No,No,No,Yes,Yes,Yes,One year,No,Electronic check,63.85,1328.08,No
94989976,Female,0,No,No,36,Yes,No,Fiber optic,No,No,No,Yes,Yes,No,Month-to-month,No,Credit card (automatic),76.26,2821.62,Yes
25304396,Male,0,Yes,No,44,Yes,No,Fiber optic,No,No,No,No,No,Yes,Month-to-month,Yes,Electronic check,73.62,3298.18,Yes
81216573,Male,0,No,No,51,Yes,No,DSL,Yes,No,No,No,No,No,Month-to-month,Yes,Bank transfer (automatic),21.32,1108.64,Yes
78444607,Male,0,Yes,No,47,Yes,No,No,No internet service,No internet service,No internet service,No internet service,No internet service,No internet service,Two year,Yes,Bank transfer (automatic),69.5,3336.0,No
36025314,Female,0,Yes,No,61,No,No phone service,Fiber optic,No,No,No,Yes,Yes,No,Two year,No,Bank transfer (automatic),82.96,5143.52,No
56892354,Female,0,No,No,50,Yes,No,Fiber optic,No,No,No,Yes,Yes,No,Month-to-month,Yes,Credit card (automatic),81.5,4160.58,No
57123808,Female,0,Yes,Yes,3,Yes,Yes,Fiber optic,No,No,Yes,Yes,Yes,No,Month-to-month,Yes,Electronic check,18.0,72.0,No
96629889,Male,0,No,Yes,55,Yes,Yes,Fiber optic,No,No,Yes,No,No,Yes,Two year,Yes,Bank transfer (automatic),75.65,4236.4,No
29822594,Male,0,Yes,No,33,Yes,Yes,No,No internet service,No internet service,No internet service,No internet service,No internet service,No internet service,One year,No,Bank transfer (automatic),83.95,2854.3,No
41711468,Male,0,Yes,No,44,Yes,Yes,DSL,Yes,No,Yes,Yes,No,No,One year,Yes,Mailed check,68.48,3081.6,No
23798190,Male,0,No,No,15,Yes,No,Fiber optic,No,No,No,Yes,No,No,Month-to-month,Yes,Mailed check,33.56,536.96,Yes
29655410,Male,0,Yes,No,8,Yes,Yes,Fiber optic,Yes,Yes,Yes,Yes,No,No,Two year,Yes,Mailed check,109.34,984.06,No
44355473,Male,0,Yes,No,15,Yes,No,No,No internet service,No internet service,No internet service,No internet service,No internet service,No internet service,Month-to-month,Yes,Credit card (automatic),69.0,1104.0,No
36477373,Female,0,No,No,30,No,No phone service,Fiber optic,No,No,Yes,No,Yes,No,Two year,Yes,Electronic check,63.58,1970.98,No
33286644,Male,0,No,No,12,Yes,No,Fiber optic,No,Yes,No,Yes,No,Yes,Month-to-month,Yes,Electronic check,65.32,849.16,Yes
90852623,Female,0,No,No,4,No,No phone service,No,No internet service,No internet service,No internet service,No internet service,No internet service,No internet service,One year,Yes,Credit card (automatic),26.04,130.2,No
30517835,Male,0,Yes,No,46,Yes,No,No,No internet service,No internet service,No internet service,No internet service,No internet service,No internet service,Two year,No,Electronic check,128.65,6046.55,Yes
97980930,Male,0,No,No,38,No,No phone service,DSL,Yes,No,No,No,No,Yes,Month-to-month,No,Credit card (automatic),103.89,4056.9,Yes
20113745,Male,0,Yes,No,17,Yes,No,DSL,No,No,Yes,Yes,No,No,One year,No,Electronic check,49.3,889.86,No
33776150,Female,0,Yes,No,19,Yes,No,Fiber optic,No,No,Yes,No,Yes,Yes,Month-to-month,No,Electronic check,18.0,360.9,No
94281857,Female,0,No,No,1,Yes,No,No,No internet service,No internet service,No internet service,No internet service,No internet service,No internet service,Two year,Yes,Electronic check,85.81,171.62,No
76319264,Female,0,Yes,Yes,39,Yes,No,Fiber optic,No,Yes,No,No,No,No,Month-to-month,No,Electronic check,92.45,3698.0,No
72270726,Female,1,Yes,Yes,29,Yes,No,DSL,Yes,Yes,Yes,No,Yes,Yes,Month-to-month,Yes,Credit card (automatic),71.96,2162.4,No
85663295,Female,0,Yes,Yes,9,Yes,No,Fiber optic,No,No,No,Yes,Yes,No,Month-to-month,Yes,Electronic check,59.92,599.2,No
87774890,Male,0,No,Yes,63,No,No phone service,DSL,Yes,No,No,Yes,No,Yes,Two year,No,Credit card (automatic),20.02,1281.28,No
70251043,Male,0,No,Yes,41,Yes,No,Fiber optic,No,Yes,Yes,No,No,Yes,Month-to-month,Yes,Bank transfer (automatic),87.96,3694.32,Yes
85764804,Female,1,No,No,52,Yes,No,Fiber optic,No,Yes,No,Yes,No,No,Month-to-month,Yes,Electronic check,19.52,1030.66,No
96300902,Female,0,Yes,No,52,Yes,No,Fiber optic,No,Yes,Yes,No,Yes,No,Month-to-month,Yes,Mailed check,78.27,4148.31,No
95268296,Female,0,No,No,39,Yes,Yes,No,No internet service,No internet service,No internet service,No internet service,No internet service,No internet service,Month-to-month,No,Credit card (automatic),91.8,3672.0,Yes
93821894,Male,0,No,No,15,Yes,No,Fiber optic,No,No,No,No,No,Yes,One year,Yes,Bank transfer (automatic),60.77,975.36,No
53380275,Male,0,Yes,No,47,Yes,No,DSL,No,No,No,No,No,Yes,Month-to-month,No,Credit card (automatic),62.39,2994.72,Yes
94183695,Male,0,Yes,No,60,Yes,No,Fiber optic,Yes,No,No,No,No,No,Month-to-month,Yes,Mailed check,18.0,1098.0,No
52431444,Male,0,Yes,No,37,Yes,No,DSL,No,No,Yes,No,Yes,No,Month-to-month,Yes,Bank transfer (automatic),42.19,1603.22,Yes
30261159,Male,0,Yes,No,43,No,No phone service,Fiber optic,No,No,Yes,No,No,No,Month-to-month,Yes,Credit card (automatic),55.64,2448.16,No
69023966,Male,0,No,No,14,Yes,No,Fiber optic,No,Yes,Yes,Yes,Yes,Yes,Month-to-month,Yes,Bank transfer (automatic),21.56,2221.925,Yes
19165226,Female,0,Yes,No,60,Yes,No,Fiber optic,Yes,No,No,Yes,No,Yes,Two year,Yes,Bank transfer (automatic),108.49,6617.89,No
72937522,Male,0,Yes,No,6,No,No phone service,No,No internet service,No internet service,No internet service,No internet service,No internet service,No internet service,Two year,No,Credit card (automatic),46.69,326.83,No
69352161,Female,0,No,Yes,29,No,No phone service,Fiber optic,Yes,No,No,Yes,No,Yes,Two year,Yes,Mailed check,56.04,1681.2,No
94743076,Male,0,No,No,35,No,No phone service,No,No internet service,No internet service,No internet service,No internet service,No internet service,No internet service,Two year,Yes,Mailed check,123.5,4421.3,No
50643870,Female,0,No,Yes,10,Yes,Yes,DSL,No,No,No,Yes,Yes,Yes,Two year,No,Bank transfer (automatic),100.65,1112.18,No
46866075,Male,1,Yes,Yes,69,Yes,No,Fiber optic,Yes,No,Yes,No,No,Yes,Two year,No,Electronic check,122.75,8592.5,No
89379016,Male,1,Yes,No,28,Yes,Yes,DSL,No,No,Yes,No,No,No,One year,No,Electronic check,108.26,3139.54,No
17539294,Male,0,Yes,No,5,Yes,Yes,DSL,No,Yes,Yes,No,No,Yes,Month-to-month,No,Bank transfer (automatic),90.8,526.64,Yes
57236885,Male,0,Yes,No,50,Yes,No,Fiber optic,Yes,Yes,No,Yes,Yes,Yes,Month-to-month,Yes,Electronic check,45.93,2333.24,No
78093604,Female,1,Yes,No,37,Yes,Yes,DSL,No,No,No,No,Yes,No,Month-to-month,Yes,Mailed check,25.81,982.07,No
19957701,Female,0,No,No,72,Yes,No,DSL,No,Yes,No,Yes,Yes,No,One year,Yes,Credit card (automatic),93.93,6856.89,Yes
51662236,Female,0,Yes,No,21,No,No phone service,DSL,Yes,Yes,Yes,Yes,Yes,No,Month-to-month,Yes,Electronic check,53.64,1169.35,Yes
71974027,Female,0,Yes,Yes,53,No,No phone service,Fiber optic,Yes,Yes,No,No,No,No,Month-to-month,Yes,Bank transfer (automatic),18.0,972.0,Yes
70654852,Male,0,Yes,No,39,Yes,No,DSL,Yes,No,Yes,No,No,Yes,Two year,Yes,Electronic check,83.11,3324.4,No
15047559,Female,0,No,No,6,Yes,No,Fiber optic,Yes,Yes,No,Yes,No,Yes,One year,No,Electronic check,76.95,538.65,No
17635653,Male,1,No,No,39,Yes,No,Fiber optic,No,Yes,Yes,No,Yes,Yes,Month-to-month,No,Electronic check,30.95,1238.0,No
59491122,Male,0,No,Yes,23,Yes,Yes,Fiber optic,No,No,No,Yes,Yes,Yes,Month-to-month,No,Mailed check,111.9,2691.2,No
48530827,Male,0,Yes,Yes,40,Yes,No,DSL,Yes,No,No,Yes,No,No,Two year,Yes,Electronic check,43.88,1790.3,No
20298660,Female,0,Yes,No,50,Yes,No,Fiber optic,No,Yes,No,No,No,No,One year,No,Mailed check,136.84,6978.84,No
96525668,Male,0,Yes,No,38,Yes,No,Fiber optic,No,No,Yes,No,No,Yes,One year,No,Mailed check,109.43,4267.77,No
22119391,Male,0,Yes,No,42,Yes,Yes,Fiber optic,No,Yes,Yes,No,Yes,Yes,One year,Yes,Credit card (automatic),100.32,4318.78,No
92545028,Female,0,No,No,68,Yes,No,Fiber optic,No,No,Yes,No,No,No,Month-to-month,Yes,Mailed check,51.78,3572.82,Yes
89736043,Male,0,No,Yes,58,Yes,Yes,DSL,Yes,No,No,Yes,No,No,One year,Yes,Credit card (automatic),75.2,4436.8,No
78057490,Male,0,No,No,24,Yes,No,Fiber optic,Yes,Yes,Yes,No,Yes,No,Month-to-month,No,Credit card (automatic),78.05,1951.25,No
61604364,Female,0,No,No,24,Yes,No,DSL,Yes,No,No,No,No,No,Month-to-month,Yes,Credit card (automatic),61.3,1532.5,No
72104107,Male,0,No,Yes,72,No,No phone service,Fiber optic,No,No,No,No,No,Yes,One year,Yes,Bank transfer (automatic),70.49,5145.77,No
87890494,Female,1,Yes,No,23,Yes,No,DSL,No,No,Yes,No,Yes,No,Month-to-month,Yes,Electronic check,121.98,2927.52,No
84399083,Female,0,No,No,61,No,No phone service,No,No internet service,No internet service,No internet service,No internet service,No internet service,No internet service,Month-to-month,Yes,Credit card (automatic),49.04,3040.48,No
15505975,Female,0,Yes,No,42,Yes,No,Fiber optic,No,No,No,Yes,No,No,One year,Yes,Electronic check,83.71,3603.72,No
70362235,Female,0,No,Yes,58,Yes,Yes,No,No internet service,No internet service,No internet service,No internet service,No internet service,No internet service,One year,Yes,Credit card (automatic),53.07,3131.13,No
86726461,Female,0,Yes,No,53,Yes,No,No,No internet service,No internet service,No internet service,No internet service,No internet service,No internet service,Month-to-month,No,Electronic check,22.78,1230.12,Yes
97488142,Female,0,Yes,No,25,Yes,No,No,No internet service,No internet service,No internet service,No internet service,No internet service,No internet service,One year,No,Bank transfer (automatic),101.84,2647.84,No
35265073,Male,0,No,No,53,Yes,Yes,DSL,No,Yes,No,No,No,No,Two year,No,Mailed check,82.12,2221.925,No
53154591,Male,0,Yes,Yes,60,Yes,No,Fiber optic,Yes,Yes,Yes,Yes,No,Yes,Month-to-month,Yes,Bank transfer (automatic),99.53,6071.33,No
91202508,Male,0,Yes,No,43,Yes,No,Fiber optic,No,No,Yes,Yes,No,No,Month-to-month,Yes,Electronic check,41.27,1807.63,No
73837847,Female,0,Yes,No,8,Yes,No,Fiber optic,Yes,No,Yes,No,Yes,No,One year,No,Credit card (automatic),51.35,462.15,No
77292380,Female,0,Yes,No,41,Yes,No,DSL,No,No,No,Yes,Yes,Yes,One year,No,Bank transfer (automatic),81.83,3436.86,No
30248230,Male,0,No,No,28,No,No phone service,DSL,Yes,Yes,Yes,No,No,Yes,Month-to-month,No,Electronic check,93.2,2702.8,No
18304547,Female,0,No,No,57,Yes,No,Fiber optic,Yes,Yes,No,Yes,Yes,Yes,Month-to-month,No,Credit card (automatic),105.8,6136.4,No
70468188,Female,0,Yes,Yes,62,Yes,No,No,No internet service,No internet service,No internet service,No internet service,No internet service,No internet service,One year,No,Mailed check,66.98,4219.74,No
23891786,Male,0,Yes,No,48,Yes,Yes,Fiber optic,Yes,No,No,No,No,No,One year,No,Electronic check,85.11,4170.39,No
56095437,Female,0,No,Yes,10,No,No phone service,DSL,No,Yes,No,Yes,No,Yes,One year,Yes,Mailed check,123.63,1359.93,No
21318464,Male,0,Yes,Yes,53,Yes,Yes,No,No internet service,No internet service,No internet service,No internet service,No internet service,No internet service,Month-to-month,No,Electronic check,58.51,3159.54,Yes
77719420,Male,0,Yes,No,29,Yes,No,Fiber optic,No,Yes,No,Yes,Yes,No,Month-to-month,No,Bank transfer (automatic),78.44,2353.2,Yes
96721710,Female,0,Yes,Yes,65,No,No phone service,No,No internet service,No internet service,No internet service,No internet service,No internet service,No internet service,Month-to-month,No,Electronic check,65.63,4318.45,No
33160465,Female,1,No,No,64,Yes,Yes,No,No internet service,No internet service,No internet service,No internet service,No internet service,No internet service,Two year,No,Credit card (automatic),76.3,4944.24,No
15253567,Male,1,Yes,No,57,Yes,No,Fiber optic,Yes,No,No,No,No,Yes,Month-to-month,No,Mailed check,111.58,6477.22,No
43251599,Female,0,Yes,No,56,Yes,No,Fiber optic,Yes,Yes,Yes,No,Yes,No,One year,Yes,Electronic check,52.15,2972.55,No
68754920,Female,0,No,No,36,Yes,No,Fiber optic,Yes,No,No,No,No,Yes,Two year,Yes,Credit card (automatic),44.73,1655.01,No
68978194,Male,0,Yes,No,53,Yes,No,Fiber optic,Yes,No,Yes,No,Yes,Yes,One year,Yes,Credit card (automatic),96.29,5199.66,No
80339290,Female,0,No,Yes,72,No,No phone service,DSL,Yes,Yes,No,No,Yes,No,Month-to-month,No,Credit card (automatic),115.29,8416.17,No
80162053,Male,0,Yes,No,68,No,No phone service,Fiber optic,No,No,No,No,No,Yes,Month-to-month,Yes,Electronic check,26.27,1812.63,No
91846696,Male,0,Yes,Yes,23,Yes,No,DSL,No,Yes,No,Yes,Yes,Yes,Month-to-month,Yes,Electronic check,59.85,1424.43,No
31306555,Female,0,Yes,No,62,Yes,Yes,Fiber optic,No,No,Yes,Yes,No,Yes,Month-to-month,No,Credit card (automatic),79.44,5004.72,Yes
58841557,Female,1,Yes,No,50,Yes,No,Fiber optic,Yes,No,Yes,No,Yes,No,Month-to-month,No,Electronic check,71.34,3624.07,Yes
60043345,Female,0,No,No,14,Yes,No,DSL,No,No,Yes,No,No,Yes,Month-to-month,No,Electronic check,74.18,1112.7,Yes
47969333,Female,0,No,Yes,46,Yes,Yes,No,No internet service,No internet service,No internet service,No internet service,No internet service,No internet service,One year,Yes,Bank transfer (automatic),72.04,3385.88,No
61998170,Female,0,Yes,Yes,72,Yes,No,Fiber optic,Yes,Yes,Yes,Yes,Yes,No,Month-to-month,Yes,Electronic check,47.97,3501.81,No
64864099,Male,0,Yes,No,45,Yes,Yes,Fiber optic,Yes,No,No,Yes,Yes,Yes,Month-to-month,No,Mailed check,18.0,828.0,Yes
55414869,Female,0,Yes,No,29,Yes,No,DSL,Yes,No,Yes,No,No,No,Month-to-month,No,Bank transfer (automatic),69.23,2076.9,No
90246882,Male,0,No,No,19,Yes,No,Fiber optic,No,No,No,Yes,Yes,Yes,Month-to-month,Yes,Bank transfer (automatic),63.18,1266.76,Yes
17028380,Male,0,No,No,56,Yes,No,DSL,No,No,No,Yes,Yes,No,Month-to-month,Yes,Credit card (automatic),25.16,1434.12,No
94676162,Male,0,Yes,Yes,48,Yes,Yes,DSL,No,Yes,No,No,No,No,One year,Yes,Credit card (automatic),49.61,2430.89,No
96879854,Male,0,No,Yes,55,Yes,Yes,DSL,Yes,Yes,No,No,Yes,Yes,Month-to-month,Yes,Credit card (automatic),96.73,5416.88,No
54915875,Female,0,No,No,55,Yes,No,DSL,No,No,Yes,Yes,Yes,No,Month-to-month,No,Electronic check,64.11,3590.16,No
18846539,Male,1,No,No,24,Yes,No,Fiber optic,No,No,Yes,No,Yes,No,Two year,No,Electronic check,75.6,1890.0,No
54250344,Male,0,Yes,Yes,8,Yes,No,Fiber optic,Yes,Yes,Yes,Yes,Yes,No,Two year,Yes,Electronic check,37.9,341.1,No
22684373,Female,1,Yes,No,21,Yes,No,Fiber optic,Yes,Yes,Yes,No,No,No,Month-to-month,Yes,Electronic check,87.81,1931.82,No
84888554,Female,0,Yes,No,36,Yes,No,Fiber optic,No,No,Yes,No,No,Yes,One year,Yes,Credit card (automatic),136.73,5059.01,No
61883769,Male,0,No,Yes,27,Yes,No,No,No internet service,No internet service,No internet service,No internet service,No internet service,No internet service,One year,No,Electronic check,85.7,2399.6,No
48137561,Female,0,No,No,13,No,No phone service,DSL,No,Yes,No,Yes,Yes,Yes,Month-to-month,No,Bank transfer (automatic),83.14,1163.96,No
43822301,Female,0,No,No,29,Yes,No,Fiber optic,No,No,Yes,Yes,Yes,Yes,One year,Yes,Credit card (automatic),77.55,2330.38,No
98122539,Female,1,Yes,No,38,Yes,Yes,No,No internet service,No internet service,No internet service,No internet service,No internet service,No internet service,One year,Yes,Electronic check,50.2,1957.8,No
90893133,Female,0,Yes,No,56,Yes,Yes,DSL,No,No,No,Yes,Yes,No,Month-to-month,No,Credit card (automatic),98.8,5636.54,Yes
30182766,Male,0,Yes,Yes,4,Yes,Yes,Fiber optic,No,No,No,Yes,Yes,No,Month-to-month,Yes,Credit card (automatic),66.35,331.75,Yes
54743095,Male,0,No,No,11,Yes,No,Fiber optic,No,Yes,No,Yes,Yes,No,Two year,Yes,Bank transfer (automatic),121.71,1460.52,Yes
20939011,Male,0,Yes,No,34,No,No phone service,DSL,No,No,No,No,Yes,No,Two year,Yes,Bank transfer (automatic),123.6,4326.0,No
88213973,Female,0,Yes,No,40,Yes,Yes,DSL,Yes,Yes,No,Yes,Yes,No,One year,Yes,Electronic check,53.86,2197.49,No
99068509,Female,0,No,No,62,Yes,Yes,Fiber optic,No,No,No,Yes,No,Yes,Month-to-month,No,Credit card (automatic),92.99,5858.37,No
28982195,Female,0,Yes,No,41,Yes,No,Fiber optic,Yes,Yes,Yes,No,No,Yes,Two year,No,Bank transfer (automatic),52.37,2199.54,No
56952151,Female,0,Yes,No,64,Yes,No,DSL,Yes,Yes,No,Yes,No,Yes,One year,Yes,Mailed check,104.9,6818.5,No
51638598,Female,1,Yes,Yes,64,Yes,No,Fiber optic,Yes,Yes,Yes,No,Yes,No,Month-to-month,No,Mailed check,43.56,2831.4,No
98054173,Male,0,No,No,42,Yes,No,Fiber optic,No,No,Yes,Yes,Yes,Yes,Month-to-month,No,Bank transfer (automatic),77.11,3315.73,No
98870276,Female,0,No,No,59,Yes,No,DSL,Yes,No,No,No,Yes,Yes,Two year,Yes,Electronic check,85.58,5117.68,No
62607710,Male,0,No,No,19,Yes,No,Fiber optic,No,Yes,No,Yes,Yes,No,Month-to-month,No,Bank transfer (automatic),93.11,1862.2,Yes
27307598,Female,0,No,No,62,Yes,No,Fiber optic,No,No,No,No,No,Yes,Month-to-month,Yes,Electronic check,39.35,2479.05,No
89865081,Female,0,No,No,23,Yes,No,DSL,No,Yes,No,No,No,No,Month-to-month,Yes,Bank transfer (automatic),83.69,2008.56,No
21370793,Female,0,No,No,71,Yes,Yes,Fiber optic,Yes,No,No,Yes,No,No,Month-to-month,Yes,Bank transfer (automatic),76.45,5504.4,Yes
51551377,Male,0,No,No,34,Yes,No,DSL,No,Yes,Yes,No,No,Yes,Month-to-month,No,Mailed check,35.96,1258.6,No
85017250,Male,0,No,No,40,Yes,No,DSL,No,No,No,No,Yes,No,Two year,No,Electronic check,104.69,4292.29,No
60557040,Male,0,Yes,No,15,Yes,No,DSL,Yes,No,No,No,Yes,No,One year,Yes,Bank transfer (automatic),118.2,1891.2,Yes
96368203,Female,0,Yes,No,5,Yes,No,No,No internet service,No internet service,No internet service,No internet service,No internet service,No internet service,Month-to-month,No,Mailed check,71.8,434.39,No
54087376,Female,0,Yes,Yes,19,Yes,Yes,No,No internet service,No internet service,No internet service,No internet service,No internet service,No internet service,One year,Yes,Electronic check,66.01,1320.2,No
27152188,Male,0,No,No,55,Yes,No,Fiber optic,Yes,No,Yes,No,Yes,Yes,Month-to-month,Yes,Mailed check,58.98,3302.88,Yes
99941500,Female,1,No,No,7,Yes,Yes,Fiber optic,No,No,Yes,Yes,No,Yes,One year,Yes,Electronic check,146.01,1168.08,No
80651318,Male,0,No,No,5,Yes,No,DSL,Yes,Yes,No,No,No,No,Month-to-month,No,Electronic check,98.17,589.02,Yes
22543044,Female,1,Yes,Yes,7,Yes,No,Fiber optic,Yes,Yes,No,No,No,No,Two year,Yes,Electronic check,48.55,388.4,No
96707983,Female,0,Yes,No,61,Yes,No,DSL,No,Yes,No,Yes,No,Yes,Month-to-month,Yes,Bank transfer (automatic),22.24,1378.88,Yes
99987086,Female,0,Yes,Yes,13,Yes,No,Fiber optic,No,Yes,No,No,No,No,One year,Yes,Electronic check,57.2,800.8,Yes
66828640,Female,0,No,No,2,Yes,Yes,No,No internet service,No internet service,No internet service,No internet service,No internet service,No internet service,Month-to-month,No,Electronic check,57.39,172.17,Yes
78248169,Male,0,Yes,Yes,1,No,No phone service,DSL,No,Yes,No,Yes,No,No,Two year,Yes,Bank transfer (automatic),77.66,155.32,No
58563745,Female,0,No,No,21,Yes,No,Fiber optic,Yes,No,No,No,Yes,Yes,One year,Yes,Bank transfer (automatic),71.34,1569.48,Yes
12446861,Female,0,Yes,Yes,69,Yes,No,Fiber optic,Yes,No,No,No,Yes,No,Month-to-month,Yes,Electronic check,104.34,7303.8,No
58667035,Female,1,Yes,Yes,70,Yes,No,DSL,Yes,No,Yes,No,Yes,Yes,Month-to-month,Yes,Credit card (automatic),18.0,1278.0,No
51455302,Female,0,No,No,5,Yes,No,Fiber optic,No,No,No,No,Yes,Yes,One year,Yes,Mailed check,86.13,516.78,No
34194479,Male,0,Yes,Yes,49,Yes,Yes,Fiber optic,No,No,Yes,No,No,Yes,One year,Yes,Electronic check,96.82,4845.84,No
38748452,Male,0,Yes,No,43,No,No phone service,Fiber optic,Yes,Yes,No,No,No,No,Month-to-month,No,Credit card (automatic),18.0,792.0,No
55866538,Male,0,No,No,7,Yes,No,DSL,No,No,No,Yes,No,No,Month-to-month,No,Bank transfer (automatic),43.98,354.04,Yes
75266178,Male,0,Yes,No,23,Yes,No,Fiber optic,No,No,Yes,No,No,No,Month-to-month,Yes,Bank transfer (automatic),55.48,1331.52,Yes
35770506,Female,0,No,Yes,26,Yes,No,No,No internet service,No internet service,No internet service,No internet service,No internet service,No internet service,Two year,Yes,Credit card (automatic),85.19,2300.13,No
40406092,Male,0,No,No,52,Yes,Yes,Fiber optic,Yes,Yes,No,No,Yes,Yes,Two year,Yes,Credit card (automatic),57.59,3052.27,No
28463709,Female,0,Yes,No,50,Yes,No,Fiber optic,No,Yes,No,No,No,No,One year,Yes,Credit card (automatic),68.97,3517.47,No
30796389,Female,1,No,No,27,Yes,No,DSL,Yes,Yes,No,No,No,Yes,Month-to-month,Yes,Electronic check,46.35,1297.8,No
20356922,Male,0,Yes,No,58,No,No phone service,DSL,No,No,No,No,Yes,No,Two year,No,Bank transfer (automatic),71.91,4228.31,No
49700543,Female,0,No,Yes,68,Yes,Yes,No,No internet service,No internet service,No internet service,No internet service,No internet service,No internet service,Month-to-month,Yes,Bank transfer (automatic),51.06,3523.14,No
23574883,Male,1,No,No,72,Yes,Yes,DSL,No,Yes,Yes,No,Yes,No,Two year,No,Electronic check,43.67,3179.18,No
78140959,Female,0,No,No,24,Yes,Yes,No,No internet service,No internet service,No internet service,No internet service,No internet service,No internet service,Month-to-month,Yes,Credit card (automatic),74.22,1855.5,Yes
82446804,Male,0,Yes,No,43,Yes,No,DSL,No,No,Yes,Yes,No,Yes,One year,Yes,Credit card (automatic),95.93,4220.92,No
80669879,Male,0,Yes,No,46,Yes,No,DSL,Yes,No,Yes,Yes,No,No,Month-to-month,No,Credit card (automatic),77.87,3644.32,Yes
15066382,Male,0,Yes,No,12,Yes,Yes,DSL,Yes,No,No,No,Yes,No,Month-to-month,No,Electronic check,63.25,809.6,Yes
98842638,Male,0,No,No,52,Yes,No,Fiber optic,Yes,No,Yes,No,No,Yes,Month-to-month,No,Electronic check,100.27,5294.26,No
55199748,Male,0,No,No,52,Yes,Yes,Fiber optic,Yes,No,No,No,No,Yes,Month-to-month,Yes,Electronic check,56.24,2980.72,No
92950779,Female,0,Yes,No,36,No,No phone service,No,No internet service,No internet service,No internet service,No internet service,No internet service,No internet service,Month-to-month,Yes,Credit card (automatic),67.61,2501.57,No
27589104,Male,0,No,No,62,Yes,No,Fiber optic,No,No,No,No,No,No,Two year,Yes,Bank transfer (automatic),105.1,6621.3,No
90161060,Female,0,Yes,No,65,Yes,No,DSL,No,Yes,No,Yes,No,Yes,One year,No,Electronic check,57.08,3767.28,No
60562485,Male,1,Yes,No,39,Yes,No,Fiber optic,No,No,Yes,No,Yes,Yes,Month-to-month,Yes,Credit card (automatic),53.77,2153.49,Yes
30703455,Male,0,Yes,No,60,Yes,No,Fiber optic,Yes,No,Yes,No,Yes,No,Month-to-month,Yes,Bank transfer (automatic),92.31,5630.91,Yes
31776452,Male,0,Yes,Yes,5,Yes,Yes,Fiber optic,No,No,Yes,No,Yes,Yes,Month-to-month,Yes,Bank transfer (automatic),40.06,240.36,Yes
34272734,Female,0,Yes,No,24,Yes,Yes,DSL,Yes,No,No,No,Yes,Yes,Two year,Yes,Credit card (automatic),106.04,2651.0,No
93851247,Female,1,No,No,45,Yes,No,DSL,No,No,No,No,No,Yes,Month-to-month,Yes,Mailed check,18.0,828.0,No
32218290,Male,0,Yes,No,30,No,No phone service,Fiber optic,Yes,No,No,Yes,Yes,No,Month-to-month,No,Electronic check,72.24,2239.44,Yes
68743530,Female,0,Yes,Yes,62,Yes,Yes,Fiber optic,No,Yes,No,No,No,Yes,Month-to-month,No,Credit card (automatic),50.47,3179.61,No
15864298,Female,1,No,No,67,Yes,No,Fiber optic,Yes,Yes,No,No,No,No,One year,No,Credit card (automatic),80.19,5452.92,No
65144509,Female,0,Yes,No,38,No,No phone service,DSL,Yes,Yes,Yes,Yes,Yes,Yes,One year,No,Electronic check,113.93,4443.27,No
58895439,Male,1,No,No,35,Yes,No,No,No internet service,No internet service,No internet service,No internet service,No internet service,No internet service,Month-to-month,No,Electronic check,35.28,1271.84,No
41880763,Male,0,Yes,No,6,Yes,No,DSL,No,Yes,Yes,Yes,Yes,No,Two year,Yes,Credit card (automatic),27.85,196.34,No
69619341,Female,0,No,Yes,65,No,No phone service,DSL,No,Yes,Yes,Yes,No,No,Two year,No,Credit card (automatic),104.51,6897.66,No
91952730,Female,1,No,No,54,Yes,Yes,Fiber optic,No,No,Yes,No,No,Yes,Two year,No,Credit card (automatic),63.09,3469.95,No
48242379,Female,0,Yes,No,71,Yes,No,Fiber optic,Yes,No,Yes,No,Yes,Yes,Month-to-month,Yes,Electronic check,67.52,4861.44,No
70254091,Male,0,No,No,41,Yes,No,DSL,Yes,No,No,Yes,No,No,Two year,Yes,Mailed check,62.02,2604.84,No
41407343,Male,0,No,No,26,Yes,No,No,No internet service,No internet service,No internet service,No internet service,No internet service,No internet service,Month-to-month,No,Credit card (automatic),59.12,1596.24,Yes
81673763,Female,1,No,Yes,1,No,No phone service,Fiber optic,Yes,Yes,No,Yes,Yes,No,One year,Yes,Mailed check,42.63,85.26,Yes
42100652,Female,0,Yes,No,69,Yes,No,DSL,No,Yes,Yes,No,No,Yes,One year,No,Bank transfer (automatic),62.72,4393.54,No
51536077,Female,0,Yes,Yes,3,Yes,No,Fiber optic,Yes,Yes,Yes,Yes,No,No,Two year,Yes,Electronic check,44.71,178.84,Yes
72950208,Male,0,No,No,20,Yes,No,Fiber optic,No,Yes,Yes,Yes,No,No,Month-to-month,Yes,Electronic check,100.04,2100.84,Yes
36040410,Male,0,No,No,0,Yes,No,Fiber optic,No,Yes,Yes,Yes,Yes,Yes,One year,Yes,Credit card (automatic),53.41,53.41,No
59370777,Female,0,Yes,No,37,Yes,No,No,No internet service,No internet service,No internet service,No internet service,No internet service,No internet service,Month-to-month,Yes,Electronic check,109.33,4154.54,Yes
86560394,Female,0,Yes,No,59,No,No phone service,Fiber optic,No,No,No,No,Yes,No,Month-to-month,No,Credit card (automatic),90.07,5404.2,No
69135982,Female,0,Yes,No,13,Yes,No,Fiber optic,No,Yes,No,Yes,Yes,No,Two year,Yes,Mailed check,39.94,559.16,No
71965637,Male,0,Yes,No,16,Yes,Yes,Fiber optic,No,Yes,Yes,Yes,Yes,Yes,Two year,Yes,Electronic check,38.1,647.7,No
47818761,Female,0,Yes,No,72,Yes,Yes,Fiber optic,Yes,No,Yes,No,No,Yes,One year,Yes,Electronic check,63.38,4626.74,No
61254050,Male,0,Yes,No,46,Yes,Yes,Fiber optic,Yes,Yes,No,Yes,Yes,Yes,Month-to-month,Yes,Electronic check,48.03,2257.41,No
77498993,Male,0,Yes,Yes,55,Yes,Yes,Fiber optic,Yes,No,Yes,No,No,Yes,Month-to-month,Yes,Electronic check,47.82,2677.92,No
80794454,Female,1,Yes,No,52,Yes,No,No,No internet service,No internet service,No internet service,No internet service,No internet service,No internet service,Month-to-month,Yes,Bank transfer (automatic),95.19,5045.07,Yes
66191704,Female,0,No,No,17,Yes,No,Fiber optic,No,Yes,No,Yes,No,No,Month-to-month,No,Credit card (automatic),78.23,1412.05,Yes
31751079,Female,0,Yes,No,68,Yes,No,Fiber optic,Yes,Yes,No,No,Yes,Yes,Month-to-month,Yes,Credit card (automatic),106.91,7376.79,No
36802975,Male,0,Yes,No,47,Yes,No,Fiber optic,No,Yes,No,Yes,No,Yes,Month-to-month,Yes,Bank transfer (automatic),37.84,1816.32,No
91156554,Male,0,Yes,No,8,Yes,No,Fiber optic,Yes,Yes,No,No,No,No,Month-to-month,Yes,Bank transfer (automatic),18.0,162.0,No
28575536,Male,0,No,No,53,Yes,No,DSL,No,Yes,Yes,Yes,Yes,Yes,Month-to-month,Yes,Mailed check,48.08,2596.32,No
43554863,Male,0,No,Yes,34,No,No phone service,No,No internet service,No internet service,No internet service,No internet service,No internet service,No internet service,Month-to-month,Yes,Electronic check,102.31,3560.39,Yes
17003454,Female,0,No,No,45,Yes,No,DSL,No,Yes,Yes,No,Yes,No,Month-to-month,No,Bank transfer (automatic),51.19,2354.74,No
96057593,Male,1,Yes,Yes,0,Yes,No,Fiber optic,No,Yes,No,No,Yes,No,Month-to-month,Yes,Electronic check,119.1,119.1,No
74503785,Male,0,No,Yes,40,Yes,No,Fiber optic,Yes,No,Yes,No,No,Yes,Two year,No,Electronic check,54.0,2214.0,No
59823245,Female,0,Yes,Yes,72,Yes,No,Fiber optic,No,Yes,No,Yes,Yes,No,Two year,Yes,Electronic check,87.53,6389.69,No
84429198,Male,0,Yes,No,31,Yes,No,Fiber optic,No,Yes,Yes,No,No,Yes,Month-to-month,Yes,Credit card (automatic),69.22,2201.2,No
23769360,Male,1,No,No,39,Yes,No,DSL,Yes,No,Yes,No,No,No,Two year,No,Electronic check,18.0,720.0,No
79244185,Male,0,No,No,10,Yes,No,Fiber optic,No,No,Yes,Yes,Yes,No,Month-to-month,No,Bank transfer (automatic),50.2,552.2,Yes
26733967,Male,0,No,No,61,Yes,No,No,No internet service,No internet service,No internet service,No internet service,No internet service,No internet service,Month-to-month,No,Electronic check,84.4,5232.8,Yes
48260510,Male,0,No,No,45,Yes,No,Fiber optic,Yes,Yes,Yes,Yes,No,Yes,Two year,No,Bank transfer (automatic),68.58,3154.68,No
21257528,Male,0,No,Yes,47,Yes,Yes,DSL,Yes,Yes,No,No,No,Yes,One year,Yes,Credit card (automatic),56.87,2732.6,No
31516757,Female,0,Yes,Yes,42,Yes,Yes,No,No internet service,No internet service,No internet service,No internet service,No internet service,No internet service,Month-to-month,Yes,Electronic check,64.94,2792.42,No
46613428,Female,0,Yes,No,50,No,No phone service,Fiber optic,Yes,No,Yes,Yes,Yes,Yes,Two year,Yes,Credit card (automatic),74.52,3800.52,Yes
70306604,Male,0,Yes,No,60,Yes,Yes,Fiber optic,Yes,Yes,No,Yes,Yes,No,One year,Yes,Bank transfer (automatic),18.0,1098.0,No
78901038,Female,0,No,Yes,41,Yes,Yes,Fiber optic,No,No,No,No,Yes,No,Two year,Yes,Bank transfer (automatic),53.26,2236.92,No
29776801,Female,0,Yes,No,25,Yes,No,Fiber optic,Yes,No,No,No,Yes,Yes,Two year,Yes,Bank transfer (automatic),45.73,1188.98,No
68716573,Female,0,No,No,10,Yes,Yes,DSL,No,No,No,Yes,No,Yes,Two year,No,Electronic check,90.76,998.36,Yes
22309586,Female,0,Yes,No,24,Yes,No,No,No internet service,No internet service,No internet service,No internet service,No internet service,No internet service,Month-to-month,No,Credit card (automatic),92.74,2318.5,No
39801436,Male,0,Yes,Yes,39,Yes,Yes,DSL,No,Yes,Yes,No,No,Yes,One year,Yes,Credit card (automatic),75.09,3003.6,No
70549373,Male,0,Yes,No,24,Yes,No,Fiber optic,No,No,Yes,Yes,No,Yes,Two year,Yes,Bank transfer (automatic),73.4,1835.0,No
56920514,Female,0,Yes,No,51,Yes,Yes,Fiber optic,Yes,No,No,No,Yes,Yes,Month-to-month,Yes,Mailed check,18.0,936.0,No
13579612,Female,0,No,No,2,Yes,No,No,No internet service,No internet service,No internet service,No internet service,No internet service,No internet service,Two year,No,Credit card (automatic),42.74,128.22,No
65686520,Female,0,Yes,No,38,Yes,No,DSL,No,Yes,No,Yes,Yes,Yes,Month-to-month,Yes,Credit card (automatic),59.4,2316.6,No
17148018,Male,0,Yes,Yes,34,Yes,No,Fiber optic,Yes,Yes,Yes,Yes,No,Yes,Two year,No,Electronic check,66.72,2335.2,No
63211150,Male,1,Yes,No,39,No,No phone service,Fiber optic,No,No,No,No,No,No,Month-to-month,Yes,Bank transfer (automatic),69.85,2794.0,No
77378254,Female,0,Yes,No,21,Yes,No,Fiber optic,No,No,Yes,No,No,Yes,One year,Yes,Mailed check,18.0,396.9,No
60192261,Male,0,Yes,No,61,Yes,Yes,No,No internet service,No internet service,No internet service,No internet service,No internet service,No internet service,Month-to-month,No,Mailed check,99.25,6133.65,No
41645597,Male,0,Yes,No,18,Yes,No,DSL,Yes,No,Yes,No,Yes,No,Month-to-month,Yes,Credit card (automatic),39.3,746.7,Yes
61830338,Male,0,No,No,13,Yes,No,Fiber optic,Yes,No,No,No,Yes,Yes,One year,Yes,Bank transfer (automatic),18.0,252.0,No
20952896,Male,0,Yes,Yes,49,Yes,No,DSL,No,Yes,Yes,Yes,Yes,Yes,Month-to-month,Yes,Mailed check,93.5,4675.0,Yes
60319927,Female,0,Yes,Yes,61,Yes,Yes,Fiber optic,Yes,No,No,No,Yes,Yes,Month-to-month,Yes,Credit card (automatic),42.63,2643.06,Yes
40137082,Male,1,No,No,42,Yes,Yes,DSL,Yes,Yes,Yes,No,No,Yes,Month-to-month,Yes,Credit card (automatic),90.76,3902.68,No
13783268,Female,0,Yes,Yes,54,Yes,No,No,No internet service,No internet service,No internet service,No internet service,No internet service,No internet service,One year,No,Mailed check,18.0,990.9,Yes
52773159,Male,1,Yes,Yes,39,Yes,No,DSL,Yes,Yes,Yes,No,Yes,No,Month-to-month,No,Electronic check,57.85,2302.43,No
23298711,Male,0,No,No,11,Yes,Yes,Fiber optic,No,Yes,No,No,No,No,Two year,No,Credit card (automatic),41.08,492.96,No
97236246,Male,0,Yes,No,64,Yes,No,DSL,Yes,No,Yes,No,No,Yes,Month-to-month,Yes,Credit card (automatic),81.79,5316.35,No
55001909,Male,0,No,Yes,33,Yes,Yes,Fiber optic,No,No,No,No,Yes,Yes,Month-to-month,No,Mailed check,43.29,1471.86,No
29602406,Female,0,No,No,22,Yes,Yes,Fiber optic,No,Yes,No,No,Yes,No,Month-to-month,No,Bank transfer (automatic),81.79,1864.81,No
28468304,Male,0,No,Yes,70,No,No phone service,DSL,No,No,No,Yes,No,Yes,One year,Yes,Electronic check,57.3,4071.16,No
15140967,Male,0,No,Yes,6,Yes,No,DSL,No,No,Yes,No,Yes,No,Month-to-month,Yes,Electronic check,50.27,351.89,No
48504300,Male,0,Yes,No,64,Yes,No,DSL,No,Yes,No,Yes,Yes,No,Two year,Yes,Electronic check,96.98,6303.7,No
73411827,Female,1,Yes,Yes,17,Yes,No,DSL,Yes,Yes,Yes,Yes,Yes,No,One year,Yes,Credit card (automatic),128.61,2314.98,No
28628439,Female,0,Yes,No,7,Yes,No,DSL,Yes,Yes,Yes,No,No,Yes,Month-to-month,Yes,Mailed check,59.05,472.4,No
72962895,Female,0,Yes,No,41,Yes,No,Fiber optic,No,No,Yes,No,No,Yes,Month-to-month,Yes,Bank transfer (automatic),46.79,1965.18,No
70210270,Male,1,No,No,0,Yes,No,Fiber optic,No,No,Yes,Yes,No,No,Month-to-month,Yes,Bank transfer (automatic),65.84,65.84,No
92590645,Male,0,No,Yes,14,Yes,Yes,Fiber optic,No,No,Yes,No,No,Yes,Two year,Yes,Electronic check,73.23,1083.8,No
10704803,Female,0,No,No,27,Yes,No,DSL,Yes,Yes,Yes,No,No,Yes,Month-to-month,Yes,Credit card (automatic),18.0,500.4,No
20633503,Male,0,No,Yes,35,Yes,No,DSL,No,No,No,Yes,No,Yes,Two year,Yes,Electronic check,39.57,1424.52,No
12550658,Male,0,Yes,Yes,45,Yes,Yes,Fiber optic,No,Yes,No,Yes,No,No,One year,Yes,Electronic check,24.82,1141.72,No
44349528,Male,0,No,No,20,Yes,No,Fiber optic,Yes,No,Yes,Yes,Yes,No,Month-to-month,Yes,Bank transfer (automatic),35.43,745.8,Yes
38944689,Male,0,No,No,48,Yes,No,DSL,No,Yes,No,No,No,No,Month-to-month,Yes,Credit card (automatic),113.57,5542.22,Yes
30068183,Male,0,No,Yes,38,Yes,No,Fiber optic,Yes,No,Yes,No,No,No,One year,Yes,Credit card (automatic),18.0,702.9,No
83659258,Male,0,Yes,Yes,37,Yes,No,DSL,No,No,No,Yes,No,No,One year,Yes,Mailed check,81.18,3084.84,No
91722503,Female,0,No,No,8,Yes,Yes,DSL,Yes,No,No,No,No,No,Two year,Yes,Bank transfer (automatic),58.89,530.01,No
80836292,Male,0,Yes,No,19,Yes,Yes,Fiber optic,Yes,No,Yes,No,No,No,Two year,Yes,Credit card (automatic),77.3,1546.0,No
66808292,Male,0,No,No,7,No,No phone service,DSL,No,Yes,No,No,Yes,Yes,Month-to-month,No,Electronic check,34.94,281.27,Yes
24923247,Male,0,No,No,13,Yes,No,No,No internet service,No internet service,No internet service,No internet service,No internet service,No internet service,Month-to-month,Yes,Mailed check,56.19,786.66,Yes
48668339,Male,0,Yes,No,61,Yes,Yes,No,No internet service,No internet service,No internet service,No internet service,No internet service,No internet service,Month-to-month,Yes,Bank transfer (automatic),106.71,6616.02,No
41895531,Male,0,No,Yes,34,Yes,Yes,Fiber optic,No,Yes,No,No,No,No,Two year,No,Credit card (automatic),56.37,2221.925,No
50419829,Female,0,No,No,54,Yes,Yes,DSL,Yes,No,No,Yes,No,Yes,Two year,Yes,Electronic check,112.3,6176.5,No
26354208,Female,0,Yes,Yes,44,Yes,No,DSL,Yes,Yes,No,Yes,No,Yes,Two year,Yes,Bank transfer (automatic),18.0,810.0,No
16408822,Female,1,No,Yes,20,Yes,Yes,Fiber optic,Yes,Yes,No,Yes,Yes,No,Two year,Yes,Electronic check,86.17,1809.57,No
42002808,Female,0,No,No,52,Yes,Yes,Fiber optic,No,Yes,Yes,Yes,No,Yes,Month-to-month,Yes,Credit card (automatic),71.25,3776.25,No
66348030,Male,0,No,No,53,Yes,Yes,No,No internet service,No internet service,No internet service,No internet service,No internet service,No internet service,Two year,Yes,Credit card (automatic),26.85,1449.9,No
95758649,Male,0,No,Yes,42,Yes,No,DSL,Yes,Yes,Yes,Yes,No,Yes,Month-to-month,No,Credit card (automatic),97.48,4191.64,No
93592219,Female,0,Yes,No,5,Yes,No,Fiber optic,No,Yes,No,No,Yes,No,Two year,Yes,Credit card (automatic),47.54,275.73,No
71352751,Female,0,No,No,54,Yes,Yes,Fiber optic,No,No,No,No,No,Yes,One year,Yes,Credit card (automatic),76.94,4231.7,No
18429833,Male,0,Yes,Yes,43,No,No phone service,No,No internet service,No internet service,No internet service,No internet service,No internet service,No internet service,Two year,No,Electronic check,40.39,1779.18,No
24879094,Female,0,Yes,Yes,67,Yes,No,Fiber optic,No,No,Yes,No,No,No,Month-to-month,Yes,Bank transfer (automatic),54.69,3718.92,No
77085942,Male,1,No,Yes,3,Yes,No,Fiber optic,Yes,Yes,Yes,Yes,Yes,No,Two year,No,Electronic check,91.16,364.64,Yes
90092958,Male,0,No,No,62,Yes,No,No,No internet service,No internet service,No internet service,No internet service,No internet service,No internet service,Month-to-month,Yes,Electronic check,140.57,8827.8,No
81947921,Male,0,No,No,57,Yes,Yes,DSL,Yes,No,Yes,No,No,No,One year,Yes,Electronic check,43.06,2497.48,No
12205915,Female,0,No,No,53,Yes,No,DSL,Yes,No,Yes,No,No,No,Two year,Yes,Credit card (automatic),107.48,5803.92,No
94819556,Female,0,No,No,37,Yes,No,Fiber optic,Yes,No,Yes,Yes,No,No,One year,Yes,Bank transfer (automatic),110.2,2221.925,No
79172559,Male,1,Yes,Yes,59,Yes,Yes,Fiber optic,No,No,No,Yes,Yes,No,Month-to-month,No,Credit card (automatic),89.13,5352.26,No
87181563,Male,1,No,Yes,51,Yes,Yes,DSL,Yes,No,Yes,Yes,No,No,One year,Yes,Mailed check,93.02,4818.44,No
42472386,Female,0,Yes,Yes,28,Yes,Yes,DSL,Yes,Yes,Yes,Yes,Yes,No,Month-to-month,Yes,Electronic check,48.78,1414.62,No
29270557,Male,1,No,Yes,39,Yes,No,DSL,No,No,No,No,Yes,Yes,Month-to-month,Yes,Electronic check,40.92,1636.8,Yes
49093864,Female,0,No,Yes,70,Yes,No,Fiber optic,No,No,No,No,Yes,No,Two year,No,Mailed check,55.81,3962.51,Yes
67611469,Male,1,No,No,7,Yes,Yes,Fiber optic,Yes,Yes,No,No,Yes,Yes,Month-to-month,Yes,Mailed check,78.0,624.0,Yes
10209961,Female,0,Yes,Yes,34,Yes,Yes,No,No internet service,No internet service,No internet service,No internet service,No internet service,No internet service,Two year,No,Mailed check,60.96,2133.6,No
92518345,Male,0,No,No,15,Yes,No,Fiber optic,No,No,Yes,No,Yes,Yes,Month-to-month,Yes,Bank transfer (automatic),47.59,761.44,No
57354167,Female,0,No,No,17,No,No phone service,Fiber optic,No,No,No,Yes,Yes,No,Month-to-month,Yes,Electronic check,48.92,870.78,No
42287985,Female,0,No,No,58,No,No phone service,Fiber optic,No,Yes,Yes,Yes,Yes,Yes,One year,No,Credit card (automatic),60.88,3591.92,No
86593187,Female,0,Yes,Yes,33,Yes,No,Fiber optic,No,No,Yes,No,No,Yes,Two year,Yes,Bank transfer (automatic),95.81,3257.54,No
65910756,Female,0,No,No,3,Yes,No,Fiber optic,Yes,Yes,Yes,Yes,No,No,Month-to-month,No,Credit card (automatic),37.64,150.56,Yes
35140847,Male,0,No,No,68,Yes,No,DSL,No,Yes,Yes,Yes,No,Yes,One year,Yes,Mailed check,86.98,6001.62,No
99170406,Male,0,No,Yes,64,Yes,No,No,No internet service,No internet service,No internet service,No internet service,No internet service,No internet service,Month-to-month,No,Bank transfer (automatic),85.75,5573.75,Yes
99686286,Female,0,No,No,60,Yes,Yes,No,No internet service,No internet service,No internet service,No internet service,No internet service,No internet service,Two year,Yes,Credit card (automatic),54.33,3314.13,No
21490910,Female,1,Yes,No,45,Yes,No,DSL,No,No,Yes,Yes,No,No,Two year,No,Bank transfer (automatic),78.88,3632.42,No
80260907,Male,0,Yes,No,20,Yes,No,No,No internet service,No internet service,No internet service,No internet service,No internet service,No internet service,Two year,No,Mailed check,105.59,2217.39,No
58399417,Male,1,Yes,No,37,Yes,No,DSL,No,No,Yes,No,Yes,No,Two year,No,Bank transfer (automatic),60.27,2290.26,No
19083764,Male,0,Yes,No,72,Yes,No,Fiber optic,Yes,No,No,Yes,Yes,No,Month-to-month,No,Electronic check,46.83,3418.59,No
80606503,Female,0,No,No,59,Yes,No,Fiber optic,Yes,No,Yes,Yes,Yes,No,One year,Yes,Bank transfer (automatic),41.13,2467.8,No
83025444,Female,0,Yes,No,35,Yes,Yes,DSL,Yes,Yes,Yes,Yes,No,No,Month-to-month,No,Electronic check,44.65,1609.63,No
78092370,Male,0,Yes,No,5,Yes,Yes,DSL,No,Yes,No,Yes,Yes,No,Two year,No,Mailed check,93.72,567.01,No
78131950,Female,0,Yes,No,38,Yes,No,Fiber optic,No,No,Yes,Yes,No,No,Month-to-month,No,Bank transfer (automatic),68.29,2663.31,Yes
84377016,Male,0,No,Yes,28,Yes,No,Fiber optic,No,Yes,No,Yes,No,No,One year,Yes,Mailed check,21.94,636.26,Yes
12729224,Female,0,Yes,No,26,Yes,No,DSL,Yes,No,Yes,Yes,No,Yes,Month-to-month,No,Mailed check,107.64,2906.28,Yes
62405812,Male,0,Yes,No,68,Yes,No,DSL,Yes,Yes,Yes,No,No,No,Two year,No,Electronic check,64.58,4456.02,No
73100462,Female,0,Yes,Yes,8,Yes,Yes,No,No internet service,No internet service,No internet service,No internet service,No internet service,No internet service,Month-to-month,Yes,Electronic check,84.4,763.82,No
15843091,Male,0,Yes,No,23,Yes,No,Fiber optic,No,No,No,No,No,No,One year,Yes,Mailed check,88.05,2113.2,No
95318289,Female,0,No,No,62,No,No phone service,DSL,No,No,No,No,No,No,One year,No,Credit card (automatic),44.98,2833.74,No
61926331,Male,0,Yes,No,18,Yes,No,Fiber optic,No,Yes,No,No,Yes,No,Month-to-month,No,Electronic check,33.09,622.09,No
60103798,Female,0,No,Yes,29,Yes,No,DSL,No,No,Yes,No,Yes,Yes,Two year,No,Electronic check,40.99,1229.7,No
44044361,Male,0,No,Yes,57,No,No phone service,DSL,Yes,No,No,No,No,Yes,Two year,No,Credit card (automatic),64.15,3720.7,No
12179995,Male,0,No,No,39,Yes,No,No,No internet service,No internet service,No internet service,No internet service,No internet service,No internet service,Month-to-month,Yes,Electronic check,83.13,3325.2,Yes
57928328,Male,0,No,No,67,No,No phone service,No,No internet service,No internet service,No internet service,No internet service,No internet service,No internet service,Two year,Yes,Mailed check,125.9,8561.2,No
19067690,Male,0,No,No,31,Yes,Yes,DSL,No,No,No,No,Yes,No,Month-to-month,No,Electronic check,96.93,3101.76,No
56278607,Male,0,No,No,64,Yes,Yes,No,No internet service,No internet service,No internet service,No internet service,No internet service,No internet service,Month-to-month,Yes,Electronic check,18.0,1170.0,Yes
42363373,Male,0,No,Yes,33,Yes,No,No,No internet service,No internet service,No internet service,No internet service,No internet service,No internet service,Month-to-month,Yes,Bank transfer (automatic),65.42,2224.28,No
98195059,Female,0,Yes,Yes,30,Yes,No,Fiber optic,No,Yes,No,No,Yes,No,Month-to-month,Yes,Electronic check,18.0,558.0,No
94323222,Male,0,Yes,No,58,Yes,No,Fiber optic,Yes,Yes,No,No,No,No,Two year,No,Bank transfer (automatic),98.81,5829.79,No
23913528,Male,0,No,Yes,25,Yes,No,DSL,No,Yes,No,Yes,Yes,No,Month-to-month,No,Mailed check,64.02,1664.52,No
88101741,Female,0,No,No,21,Yes,No,DSL,Yes,No,Yes,Yes,No,No,Month-to-month,Yes,Electronic check,71.06,1566.87,No
54629892,Female,0,No,Yes,33,Yes,No,Fiber optic,No,No,Yes,Yes,No,Yes,One year,Yes,Mailed check,62.91,2138.94,No
27905932,Female,0,No,No,12,Yes,No,No,No internet service,No internet service,No internet service,No internet service,No internet service,No internet service,Month-to-month,Yes,Electronic check,72.27,939.51,Yes
15950635,Male,0,Yes,No,54,Yes,Yes,Fiber optic,No,No,Yes,No,No,No,Month-to-month,No,Credit card (automatic),49.43,2718.65,No
57284777,Male,0,No,No,7,Yes,No,DSL,Yes,Yes,No,Yes,No,No,Month-to-month,Yes,Electronic check,72.95,569.01,Yes
83284724,Male,1,Yes,No,61,Yes,No,DSL,No,Yes,No,No,Yes,Yes,Month-to-month,Yes,Bank transfer (automatic),41.5,2564.7,No
55439043,Male,0,Yes,No,21,Yes,No,Fiber optic,No,No,Yes,Yes,No,No,One year,Yes,Bank transfer (automatic),78.73,1732.06,No
96274567,Female,0,No,No,55,Yes,No,Fiber optic,No,No,Yes,Yes,Yes,No,Month-to-month,Yes,Electronic check,78.12,4374.72,Yes
33500064,Female,0,Yes,No,20,Yes,Yes,DSL,Yes,No,No,Yes,No,No,Month-to-month,Yes,Bank transfer (automatic),84.35,1771.35,No
72360629,Female,0,No,No,48,Yes,Yes,Fiber optic,No,No,No,No,No,Yes,One year,Yes,Credit card (automatic),67.03,3284.47,No
74227366,Female,0,No,No,5,Yes,No,Fiber optic,Yes,No,Yes,Yes,Yes,Yes,Month-to-month,Yes,Electronic check,101.17,607.02,Yes
94790150,Female,0,Yes,No,34,Yes,Yes,DSL,Yes,Yes,No,Yes,No,Yes,One year,Yes,Bank transfer (automatic),124.56,4359.6,No
34464938,Female,0,No,No,26,Yes,No,DSL,Yes,Yes,Yes,No,No,No,Two year,Yes,Electronic check,23.98,647.46,No
28099607,Male,0,No,No,39,Yes,No,DSL,Yes,No,No,No,No,No,Two year,Yes,Electronic check,31.99,1279.6,No
18469210,Male,0,Yes,No,13,Yes,No,No,No internet service,No internet service,No internet service,No internet service,No internet service,No internet service,One year,Yes,Bank transfer (automatic),64.87,908.18,No
71428713,Male,1,Yes,No,51,Yes,Yes,Fiber optic,No,No,Yes,No,Yes,No,Month-to-month,Yes,Bank transfer (automatic),56.44,2934.88,Yes
14963880,Male,0,No,No,39,Yes,No,Fiber optic,Yes,Yes,Yes,No,No,Yes,Two year,No,Bank transfer (automatic),84.25,3370.0,No
49385195,Male,1,Yes,Yes,42,No,No phone service,Fiber optic,Yes,Yes,Yes,No,No,No,Month-to-month,No,Bank transfer (automatic),84.26,3623.18,No
37057085,Female,1,No,No,57,Yes,No,Fiber optic,Yes,Yes,No,No,Yes,No,Two year,Yes,Credit card (automatic),78.99,4581.42,No
15879578,Male,0,Yes,No,2,Yes,No,DSL,Yes,No,Yes,Yes,No,Yes,One year,Yes,Bank transfer (automatic),20.2,56.56,Yes
36772387,Male,0,No,No,14,Yes,Yes,Fiber optic,Yes,Yes,Yes,Yes,Yes,No,Month-to-month,No,Electronic check,75.89,1138.35,Yes
15624520,Female,0,No,No,44,Yes,No,Fiber optic,No,No,No,No,No,Yes,Month-to-month,Yes,Electronic check,125.56,5625.09,No
52358553,Female,0,Yes,No,10,Yes,Yes,DSL,No,Yes,No,No,Yes,No,Month-to-month,Yes,Electronic check,85.49,940.39,No
51617680,Male,0,No,Yes,38,Yes,No,DSL,No,Yes,Yes,No,Yes,No,Month-to-month,No,Electronic check,68.01,2652.39,No
79173614,Female,0,No,No,18,Yes,No,Fiber optic,No,No,No,No,No,Yes,Two year,No,Electronic check,88.54,1682.26,No
63448727,Male,0,No,No,19,Yes,No,Fiber optic,No,No,Yes,Yes,Yes,Yes,Month-to-month,No,Mailed check,44.05,881.0,No
82884346,Male,0,No,Yes,70,Yes,No,DSL,No,Yes,No,No,No,No,Month-to-month,Yes,Electronic check,82.53,5859.63,Yes
73538641,Female,0,No,Yes,55,Yes,Yes,Fiber optic,No,Yes,Yes,Yes,No,Yes,One year,Yes,Mailed check,69.37,3888.19,No
43999198,Female,0,No,No,3,Yes,No,No,No internet service,No internet service,No internet service,No internet service,No internet service,No internet service,Month-to-month,No,Credit card (automatic),35.69,142.76,Yes
14915156,Female,0,No,No,8,Yes,No,DSL,Yes,No,Yes,Yes,No,Yes,Month-to-month,No,Electronic check,77.37,696.33,Yes
96825515,Female,0,No,No,24,Yes,Yes,Fiber optic,No,Yes,No,Yes,No,No,Month-to-month,No,Credit card (automatic),71.32,1783.0,No
35649468,Female,0,Yes,No,46,Yes,No,Fiber optic,No,No,Yes,No,No,No,Month-to-month,Yes,Electronic check,94.22,4428.34,Yes
48401154,Male,0,No,No,48,Yes,Yes,DSL,Yes,Yes,Yes,Yes,No,No,Two year,No,Electronic check,73.99,3625.51,No
57912262,Female,0,Yes,Yes,26,No,No phone service,Fiber optic,No,No,No,Yes,Yes,Yes,Two year,No,Electronic check,76.19,2057.13,No
16416148,Male,0,Yes,No,27,Yes,Yes,No,No internet service,No internet service,No internet service,No internet service,No internet service,No internet service,Month-to-month,No,Electronic check,74.46,2084.88,Yes
98010774,Female,0,Yes,Yes,61,Yes,No,No,No internet service,No internet service,No internet service,No internet service,No internet service,No internet service,One year,No,Mailed check,74.01,4588.62,No
54550177,Male,0,Yes,No,15,Yes,Yes,DSL,Yes,Yes,No,No,No,Yes,Two year,Yes,Bank transfer (automatic),104.18,1666.88,No
46670512,Female,0,Yes,No,45,Yes,No,No,No internet service,No internet service,No internet service,No internet service,No internet service,No internet service,Month-to-month,No,Credit card (automatic),91.48,4208.08,No
26706752,Female,0,Yes,No,45,Yes,No,Fiber optic,No,Yes,Yes,No,No,No,Month-to-month,Yes,Electronic check,41.86,1925.56,No
59394697,Male,1,Yes,No,39,No,No phone service,DSL,No,No,Yes,No,No,No,One year,Yes,Electronic check,66.23,2649.2,No
68646621,Male,0,No,No,33,Yes,No,DSL,Yes,Yes,No,Yes,No,No,One year,No,Bank transfer (automatic),27.75,937.95,No
63690013,Female,0,Yes,No,9,Yes,No,No,No internet service,No internet service,No internet service,No internet service,No internet service,No internet service,One year,No,Credit card (automatic),114.74,1147.4,No
69020451,Male,0,Yes,Yes,0,No,No phone service,Fiber optic,Yes,No,No,No,No,Yes,Two year,No,Credit card (automatic),49.1,49.1,Yes
61894582,Female,0,Yes,Yes,65,Yes,Yes,No,No internet service,No internet service,No internet service,No internet service,No internet service,No internet service,Month-to-month,Yes,Electronic check,47.18,3113.88,No
55504725,Female,0,Yes,No,16,Yes,No,DSL,No,No,No,No,Yes,No,One year,Yes,Electronic check,124.76,2120.92,No
35074182,Female,0,Yes,No,46,Yes,No,Fiber optic,Yes,Yes,No,No,Yes,Yes,Two year,Yes,Bank transfer (automatic),52.12,2449.64,No
76599269,Female,1,No,No,23,Yes,No,DSL,Yes,No,No,No,No,Yes,Two year,Yes,Electronic check,41.5,998.08,No
76776459,Male,0,No,Yes,49,Yes,No,DSL,No,No,No,Yes,No,No,Month-to-month,Yes,Bank transfer (automatic),89.76,4488.0,No
59304469,Male,0,No,No,28,Yes,No,No,No internet service,No internet service,No internet service,No internet service,No internet service,No internet service,Month-to-month,No,Mailed check,69.73,2022.17,No
79696025,Female,0,No,No,71,Yes,No,DSL,No,Yes,Yes,No,Yes,No,One year,Yes,Bank transfer (automatic),43.18,3108.96,No
45798645,Male,0,Yes,No,12,Yes,No,Fiber optic,Yes,No,No,Yes,No,Yes,Month-to-month,Yes,Electronic check,80.1,1041.3,No
21087928,Male,0,Yes,No,63,No,No phone service,No,No internet service,No internet service,No internet service,No internet service,No internet service,No internet service,Two year,No,Mailed check,88.82,5684.48,No
66975380,Female,0,Yes,No,27,Yes,No,No,No internet service,No internet service,No internet service,No internet service,No internet service,No internet service,Month-to-month,Yes,Electronic check,95.89,2684.92,No
20593403,Male,0,No,No,4,Yes,No,Fiber optic,Yes,Yes,Yes,No,Yes,No,Month-to-month,No,Mailed check,77.62,388.1,Yes
67795113,Female,0,Yes,Yes,8,Yes,No,Fiber optic,No,Yes,No,No,No,Yes,Month-to-month,No,Bank transfer (automatic),96.62,869.58,No
90859912,Male,1,No,Yes,13,Yes,Yes,Fiber optic,Yes,Yes,No,No,No,Yes,Month-to-month,No,Bank transfer (automatic),95.4,1335.6,Yes
34220459,Male,0,Yes,Yes,9,Yes,Yes,DSL,No,No,Yes,No,Yes,Yes,Month-to-month,Yes,Credit card (automatic),56.11,561.1,No
83212334,Male,0,Yes,No,32,Yes,No,DSL,Yes,Yes,Yes,Yes,No,No,Month-to-month,Yes,Electronic check,121.23,4006.65,Yes
49428661,Female,0,No,Yes,39,Yes,No,DSL,No,Yes,No,Yes,Yes,Yes,Two year,Yes,Mailed check,89.53,3581.2,No
53112268,Female,0,No,No,5,No,No phone service,Fiber optic,Yes,No,Yes,No,Yes,Yes,Month-to-month,Yes,Electronic check,111.84,671.04,No
23770458,Female,1,No,No,16,Yes,No,DSL,No,No,Yes,No,Yes,Yes,Two year,No,Electronic check,65.84,1119.28,No
20746667,Female,0,No,No,35,Yes,No,DSL,Yes,No,No,Yes,No,No,One year,Yes,Mailed check,95.41,3439.53,No
54012664,Female,0,No,No,69,Yes,Yes,Fiber optic,Yes,No,No,Yes,No,Yes,Two year,Yes,Mailed check,78.17,5471.9,No
98707076,Male,0,No,Yes,60,Yes,No,Fiber optic,Yes,No,Yes,Yes,No,Yes,Month-to-month,Yes,Credit card (automatic),99.1,6050.05,No
49680122,Female,0,No,Yes,48,Yes,No,Fiber optic,Yes,Yes,No,No,No,Yes,Month-to-month,No,Credit card (automatic),57.43,2802.58,No
51137177,Female,0,Yes,Yes,68,No,No phone service,DSL,No,No,Yes,No,Yes,Yes,One year,Yes,Electronic check,53.32,3679.08,Yes
69849800,Male,1,No,No,70,Yes,No,Fiber optic,No,Yes,No,Yes,No,No,Month-to-month,Yes,Mailed check,106.98,7595.58,No
90882505,Female,0,No,No,23,No,No phone service,No,No internet service,No internet service,No internet service,No internet service,No internet service,No internet service,Month-to-month,Yes,Electronic check,77.29,1854.96,No
67192331,Male,0,Yes,Yes,50,Yes,No,DSL,No,No,No,Yes,Yes,Yes,Two year,Yes,Mailed check,99.48,5073.48,No
32366682,Female,0,No,No,41,Yes,No,DSL,No,Yes,Yes,No,Yes,No,Month-to-month,Yes,Credit card (automatic),27.66,1161.72,Yes
69580374,Female,0,No,No,18,Yes,No,Fiber optic,Yes,No,No,Yes,No,Yes,One year,No,Electronic check,45.83,870.77,No
57183837,Female,0,No,No,61,No,No phone service,No,No internet service,No internet service,No internet service,No internet service,No internet service,No internet service,Two year,No,Credit card (automatic),54.31,2221.925,No
70012727,Female,0,Yes,Yes,66,Yes,Yes,DSL,Yes,Yes,No,Yes,Yes,No,Month-to-month,Yes,Credit card (automatic),108.94,7298.98,Yes
15684813,Male,1,Yes,No,29,Yes,No,DSL,Yes,No,No,Yes,No,No,Month-to-month,Yes,Bank transfer (automatic),107.79,3233.7,No
57319709,Female,1,No,No,37,Yes,Yes,DSL,No,No,No,No,No,Yes,One year,Yes,Mailed check,72.63,2759.94,No
92523968,Male,0,No,No,5,Yes,No,Fiber optic,Yes,Yes,No,No,Yes,Yes,Month-to-month,No,Electronic check,84.43,510.8,Yes
68376726,Female,0,Yes,No,21,Yes,No,No,No internet service,No internet service,No internet service,No internet service,No internet service,No internet service,Month-to-month,Yes,Electronic check,75.05,1636.09,No
46850196,Female,0,No,No,10,Yes,Yes,Fiber optic,No,Yes,No,No,No,Yes,Month-to-month,Yes,Bank transfer (automatic),40.08,440.88,Yes
95828117,Male,1,Yes,Yes,71,Yes,No,Fiber optic,No,Yes,Yes,Yes,Yes,No,One year,Yes,Electronic check,71.79,5168.88,No
17698469,Female,1,No,No,28,Yes,No,Fiber optic,No,No,No,No,No,Yes,One year,Yes,Mailed check,42.9,1244.1,No
20071854,Male,0,Yes,No,7,Yes,No,DSL,No,No,Yes,No,No,Yes,Month-to-month,No,Credit card (automatic),58.57,468.56,No
95565484,Male,0,Yes,No,34,Yes,Yes,Fiber optic,No,Yes,No,Yes,No,No,Two year,No,Bank transfer (automatic),63.26,2217.26,No
64520614,Male,0,No,No,71,Yes,Yes,DSL,Yes,Yes,Yes,No,Yes,Yes,One year,Yes,Electronic check,119.52,8605.44,No
58762794,Male,0,Yes,No,71,Yes,No,DSL,No,No,No,No,Yes,No,Month-to-month,Yes,Electronic check,74.73,5365.61,Yes
78865239,Female,0,Yes,No,44,Yes,No,DSL,No,No,No,No,Yes,Yes,Month-to-month,Yes,Bank transfer (automatic),57.78,2600.1,Yes
31473054,Female,0,Yes,No,32,Yes,No,Fiber optic,Yes,Yes,Yes,No,Yes,No,One year,Yes,Electronic check,88.41,2917.53,Yes
14179623,Female,0,Yes,No,4,Yes,No,Fiber optic,Yes,No,No,Yes,No,Yes,One year,Yes,Credit card (automatic),50.18,250.9,No
29163535,Male,0,Yes,No,61,Yes,Yes,Fiber optic,Yes,No,No,No,No,Yes,Month-to-month,No,Electronic check,149.72,9282.64,No
91547054,Male,1,No,No,36,Yes,Yes,DSL,No,Yes,Yes,Yes,Yes,No,One year,Yes,Credit card (automatic),82.9,3067.3,No
68810561,Female,0,No,No,16,Yes,No,DSL,Yes,No,Yes,Yes,Yes,Yes,Month-to-month,Yes,Electronic check,18.0,306.0,No
14670638,Male,0,No,No,21,Yes,Yes,DSL,No,Yes,No,No,Yes,No,Month-to-month,No,Bank transfer (automatic),45.87,1009.14,No
26942307,Female,0,No,Yes,31,Yes,No,DSL,Yes,No,No,No,Yes,No,One year,Yes,Electronic check,124.04,3969.28,Yes
19023909,Male,0,Yes,No,13,Yes,No,Fiber optic,No,No,Yes,Yes,Yes,Yes,One year,Yes,Credit card (automatic),74.44,2221.925,No
41674763,Female,0,Yes,No,19,Yes,No,DSL,No,No,No,No,Yes,No,One year,Yes,Bank transfer (automatic),55.81,1116.2,No
96592295,Male,0,Yes,No,21,Yes,No,Fiber optic,Yes,No,No,No,No,No,Month-to-month,No,Electronic check,82.17,1807.74,No
59167775,Male,0,No,No,29,Yes,No,Fiber optic,No,No,Yes,No,No,Yes,Two year,Yes,Bank transfer (automatic),22.32,670.72,No
58607028,Female,0,No,No,53,Yes,No,DSL,No,No,No,No,No,No,Month-to-month,Yes,Credit card (automatic),40.85,2205.9,Yes
61385847,Female,0,Yes,No,32,Yes,No,Fiber optic,No,Yes,No,Yes,No,No,Month-to-month,Yes,Electronic check,27.78,916.74,Yes
86134287,Female,0,Yes,No,4,Yes,No,DSL,No,Yes,Yes,No,Yes,Yes,Two year,Yes,Credit card (automatic),58.97,294.85,No
14346684,Female,0,No,No,17,Yes,Yes,Fiber optic,Yes,No,No,No,Yes,No,Month-to-month,Yes,Credit card (automatic),118.28,2105.38,No
91214453,Female,0,No,Yes,62,Yes,No,No,No internet service,No internet service,No internet service,No internet service,No internet service,No internet service,One year,Yes,Mailed check,87.92,5538.96,No
30594121,Male,0,No,No,45,Yes,Yes,Fiber optic,No,Yes,Yes,No,Yes,No,Two year,No,Electronic check,84.36,3880.56,Yes
70387584,Male,0,Yes,No,6,Yes,No,DSL,Yes,Yes,No,No,No,No,Two year,No,Electronic check,50.2,351.4,No
59790013,Male,0,No,Yes,28,Yes,Yes,No,No internet service,No internet service,No internet service,No internet service,No internet service,No internet service,Two year,No,Mailed check,93.39,2708.31,No
59930790,Female,0,Yes,No,56,Yes,No,Fiber optic,Yes,No,Yes,Yes,No,Yes,Two year,Yes,Mailed check,46.72,2663.04,No
69584522,Male,1,No,No,46,Yes,No,Fiber optic,Yes,Yes,Yes,No,No,Yes,Month-to-month,Yes,Electronic check,63.87,2989.12,No
20319387,Male,0,No,No,8,Yes,No,Fiber optic,Yes,No,Yes,Yes,No,No,Month-to-month,Yes,Electronic check,92.64,833.76,Yes
87030477,Female,0,No,No,58,Yes,No,DSL,Yes,Yes,Yes,No,No,No,Month-to-month,No,Mailed check,67.57,3986.63,No
28481124,Male,0,Yes,No,70,Yes,No,Fiber optic,No,No,No,Yes,No,No,Month-to-month,No,Credit card (automatic),97.44,6918.24,No
81062902,Male,0,Yes,No,70,Yes,Yes,Fiber optic,No,No,Yes,Yes,No,No,One year,Yes,Credit card (automatic),63.98,4542.58,No
59251188,Female,0,Yes,No,42,No,No phone service,No,No internet service,No internet service,No internet service,No internet service,No internet service,No internet service,Month-to-month,No,Bank transfer (automatic),110.74,4761.82,No
63423225,Female,0,Yes,No,58,Yes,No,DSL,Yes,No,No,Yes,No,Yes,Month-to-month,Yes,Electronic check,82.52,4868.68,No
52196099,Female,0,No,No,5,Yes,No,Fiber optic,Yes,Yes,No,Yes,No,Yes,One year,Yes,Bank transfer (automatic),43.55,263.48,No
97182566,Female,1,No,No,52,Yes,No,No,No internet service,No internet service,No internet service,No internet service,No internet service,No internet service,Month-to-month,Yes,Credit card (automatic),53.7,2846.1,No
47405107,Male,0,Yes,Yes,63,Yes,Yes,DSL,No,Yes,Yes,No,Yes,No,Month-to-month,Yes,Electronic check,63.31,4051.84,Yes
43502308,Male,0,Yes,Yes,3,Yes,Yes,No,No internet service,No internet service,No internet service,No internet service,No internet service,No internet service,Two year,Yes,Electronic check,98.72,394.88,No
25226815,Male,1,Yes,Yes,0,Yes,No,DSL,No,No,No,No,No,Yes,Two year,Yes,Bank transfer (automatic),125.12,125.12,Yes
13478029,Female,0,No,No,69,Yes,No,DSL,Yes,No,Yes,Yes,Yes,No,Month-to-month,Yes,Electronic check,25.39,1777.3,No
34970946,Female,0,No,No,30,Yes,No,DSL,No,Yes,Yes,No,No,No,One year,No,Credit card (automatic),58.41,1813.63,No
76980546,Male,0,Yes,Yes,64,Yes,Yes,Fiber optic,Yes,Yes,No,No,Yes,Yes,Month-to-month,Yes,Electronic check,106.79,6941.35,No
79490594,Male,0,Yes,Yes,68,Yes,No,DSL,No,Yes,No,Yes,No,No,Month-to-month,Yes,Credit card (automatic),68.33,4701.1,Yes
61940566,Female,0,No,No,18,Yes,No,Fiber optic,No,No,Yes,No,Yes,No,Month-to-month,No,Credit card (automatic),65.33,1241.27,No
85386435,Male,0,No,No,68,Yes,Yes,DSL,Yes,No,No,Yes,Yes,No,Month-to-month,Yes,Electronic check,87.24,6019.56,Yes
25805613,Male,0,Yes,Yes,68,Yes,No,DSL,No,No,Yes,No,Yes,No,Month-to-month,Yes,Electronic check,29.6,2042.4,No
45135070,Female,0,No,Yes,48,Yes,Yes,Fiber optic,Yes,Yes,No,No,No,No,Month-to-month,Yes,Bank transfer (automatic),88.2,4304.16,No
44935501,Female,0,No,Yes,30,Yes,No,DSL,Yes,No,No,Yes,No,No,Month-to-month,Yes,Mailed check,79.19,2454.89,Yes
69897763,Male,0,No,No,59,Yes,No,DSL,No,No,No,No,No,No,Month-to-month,Yes,Electronic check,75.92,4555.2,No
38799154,Female,0,No,Yes,70,Yes,Yes,Fiber optic,Yes,Yes,No,No,Yes,Yes,Month-to-month,Yes,Credit card (automatic),102.42,7271.82,Yes
92124765,Female,1,Yes,No,54,Yes,No,Fiber optic,No,No,No,No,Yes,No,Month-to-month,Yes,Electronic check,67.93,3722.56,Yes
48329479,Female,0,No,No,37,Yes,No,DSL,No,No,Yes,Yes,No,Yes,Month-to-month,No,Credit card (automatic),71.21,2705.98,No
75927774,Female,0,Yes,No,32,No,No phone service,Fiber optic,No,Yes,No,No,No,Yes,Two year,No,Bank transfer (automatic),75.42,2488.86,No
36867482,Male,0,Yes,Yes,5,Yes,Yes,DSL,Yes,No,No,No,No,No,Two year,Yes,Electronic check,18.0,108.0,Yes
26460116,Male,0,Yes,No,12,Yes,No,Fiber optic,No,Yes,No,No,No,Yes,Month-to-month,Yes,Mailed check,101.44,1323.79,No
28217159,Female,0,Yes,No,19,Yes,No,No,No internet service,No internet service,No internet service,No internet service,No internet service,No internet service,Two year,No,Bank transfer (automatic),87.81,1756.2,No
19939096,Male,0,Yes,No,36,Yes,No,No,No internet service,No internet service,No internet service,No internet service,No internet service,No internet service,Month-to-month,Yes,Electronic check,86.2,3189.4,No
70672142,Male,1,No,Yes,44,Yes,No,DSL,Yes,No,Yes,No,No,No,One year,No,Electronic check,80.21,3609.45,No
33173544,Male,1,No,No,72,Yes,No,Fiber optic,Yes,No,Yes,No,Yes,No,Two year,Yes,Electronic check,110.76,8085.48,No
69741812,Female,1,No,No,58,Yes,No,Fiber optic,No,No,No,Yes,No,Yes,Month-to-month,No,Bank transfer (automatic),76.39,4507.01,Yes
21783073,Female,1,Yes,Yes,51,Yes,Yes,No,No internet service,No internet service,No internet service,No internet service,No internet service,No internet service,Month-to-month,Yes,Credit card (automatic),63.57,3305.64,No
52894344,Male,0,Yes,No,17,Yes,Yes,No,No internet service,No internet service,No internet service,No internet service,No internet service,No internet service,Month-to-month,No,Credit card (automatic),18.0,324.0,No
99635939,Male,0,No,No,24,Yes,No,Fiber optic,No,Yes,Yes,No,Yes,No,Two year,Yes,Electronic check,31.9,797.5,No
56630633,Female,1,Yes,No,0,Yes,No,No,No internet service,No internet service,No internet service,No internet service,No internet service,No internet service,Two year,Yes,Electronic check,60.86,60.86,No
18715975,Female,0,No,Yes,40,Yes,Yes,No,No internet service,No internet service,No internet service,No internet service,No internet service,No internet service,Month-to-month,Yes,Credit card (automatic),73.0,2993.0,No
83819367,Female,1,Yes,Yes,17,No,No phone service,Fiber optic,Yes,No,Yes,Yes,No,Yes,One year,Yes,Electronic check,52.29,941.22,No
82769008,Male,0,No,No,0,Yes,Yes,Fiber optic,No,Yes,Yes,No,No,No,Month-to-month,No,Credit card (automatic),63.11,63.11,No
48971765,Male,0,Yes,No,38,Yes,No,Fiber optic,No,No,No,Yes,No,Yes,Two year,Yes,Credit card (automatic),42.87,1663.36,No
50259503,Male,0,No,No,30,Yes,No,Fiber optic,No,No,Yes,No,Yes,Yes,Two year,Yes,Electronic check,98.33,3053.15,No
31139996,Female,1,No,No,70,Yes,Yes,Fiber optic,No,Yes,No,No,No,No,Two year,Yes,Credit card (automatic),61.45,4362.95,No
95590648,Male,0,No,No,37,Yes,Yes,Fiber optic,No,No,Yes,Yes,No,No,Two year,No,Electronic check,105.36,4003.68,No
33366099,Male,0,No,No,7,Yes,No,DSL,Yes,No,No,No,No,No,One year,No,Credit card (automatic),62.13,497.04,No
58518659,Female,0,Yes,Yes,33,Yes,No,No,No internet service,No internet service,No internet service,No internet service,No internet service,No internet service,Month-to-month,Yes,Electronic check,80.86,2753.28,No
78284040,Male,0,No,No,72,Yes,No,No,No internet service,No internet service,No internet service,No internet service,No internet service,No internet service,Two year,Yes,Credit card (automatic),84.05,6118.84,No
40097200,Male,0,Yes,No,26,Yes,No,DSL,No,No,Yes,Yes,No,No,Month-to-month,Yes,Credit card (automatic),74.82,2020.14,No
26288992,Female,0,No,No,40,Yes,No,Fiber optic,No,No,Yes,No,No,Yes,Month-to-month,No,Electronic check,36.88,1512.08,Yes
36975128,Male,0,Yes,Yes,6,Yes,Yes,Fiber optic,Yes,No,No,Yes,Yes,Yes,Month-to-month,Yes,Mailed check,59.75,421.24,Yes
28639738,Female,0,No,Yes,31,No,No phone service,Fiber optic,Yes,Yes,Yes,Yes,Yes,No,Month-to-month,Yes,Electronic check,18.0,576.0,No
41774192,Male,0,No,Yes,72,Yes,No,Fiber optic,Yes,No,No,No,Yes,Yes,Month-to-month,Yes,Credit card (automatic),119.28,8707.44,No
76306502,Male,0,Yes,No,15,Yes,Yes,Fiber optic,Yes,No,No,Yes,No,No,Two year,Yes,Mailed check,18.0,288.0,No
13527782,Male,0,Yes,No,1,No,No phone service,Fiber optic,No,Yes,No,Yes,Yes,No,Month-to-month,No,Mailed check,95.26,190.52,No
58438711,Male,0,Yes,Yes,42,Yes,No,No,No internet service,No internet service,No internet service,No internet service,No internet service,No internet service,One year,Yes,Electronic check,73.26,3150.18,No
84359498,Female,1,No,Yes,30,Yes,No,Fiber optic,Yes,Yes,Yes,No,Yes,No,Month-to-month,Yes,Electronic check,18.0,558.0,No
86809773,Male,0,Yes,Yes,46,Yes,Yes,Fiber optic,No,Yes,Yes,No,No,No,Two year,No,Credit card (automatic),77.82,3657.54,No
59514418,Male,0,No,No,32,No,No phone service,Fiber optic,No,Yes,No,Yes,No,No,Month-to-month,No,Credit card (automatic),36.8,1214.4,Yes
72734149,Female,0,No,Yes,16,Yes,No,No,No internet service,No internet service,No internet service,No internet service,No internet service,No internet service,Two year,Yes,Electronic check,82.97,1410.49,No
84040798,Male,0,No,No,53,Yes,Yes,DSL,No,No,No,Yes,No,Yes,Month-to-month,No,Bank transfer (automatic),68.27,3672.93,No
27417599,Male,0,No,No,53,Yes,No,Fiber optic,Yes,Yes,Yes,No,No,No,One year,Yes,Credit card (automatic),76.88,4151.52,No
92134318,Female,0,Yes,No,50,Yes,Yes,No,No internet service,No internet service,No internet service,No internet service,No internet service,No internet service,Month-to-month,Yes,Bank transfer (automatic),58.93,3005.43,Yes
21571646,Male,0,No,No,51,Yes,Yes,Fiber optic,No,Yes,Yes,No,No,Yes,Month-to-month,No,Electronic check,109.9,5714.8,Yes
18824561,Male,0,No,No,6,No,No phone service,No,No internet service,No internet service,No internet service,No internet service,No internet service,No internet service,Month-to-month,Yes,Electronic check,39.53,276.71,No
51512297,Female,0,No,No,53,Yes,No,DSL,No,Yes,Yes,No,No,Yes,Month-to-month,Yes,Credit card (automatic),49.77,2690.07,Yes
63440127,Male,0,No,No,10,Yes,No,No,No internet service,No internet service,No internet service,No internet service,No internet service,No internet service,Month-to-month,Yes,Electronic check,64.86,713.46,No
74245343,Female,0,No,No,61,Yes,No,Fiber optic,Yes,No,No,No,Yes,No,Month-to-month,Yes,Electronic check,66.93,4153.01,Yes
80557676,Female,0,Yes,No,29,Yes,Yes,No,No internet service,No internet service,No internet service,No internet service,No internet service,No internet service,One year,Yes,Electronic check,36.05,1081.5,No
65135987,Female,0,No,No,56,Yes,No,Fiber optic,Yes,Yes,No,Yes,No,No,One year,Yes,Electronic check,18.0,1026.0,No
64953237,Male,1,No,No,45,Yes,No,DSL,No,No,No,No,No,Yes,Month-to-month,Yes,Electronic check,80.67,3710.82,No
87161840,Male,0,No,No,69,Yes,No,Fiber optic,No,Yes,No,No,Yes,No,One year,Yes,Mailed check,79.83,5588.1,No
19898653,Female,0,No,No,65,Yes,No,Fiber optic,No,Yes,No,No,Yes,No,Month-to-month,Yes,Credit card (automatic),121.09,7991.94,No
26821075,Female,0,Yes,No,54,Yes,No,Fiber optic,No,Yes,Yes,Yes,No,No,Month-to-month,No,Credit card (automatic),107.56,5915.8,Yes
52550733,Male,1,No,Yes,57,Yes,No,Fiber optic,No,Yes,No,Yes,No,Yes,Month-to-month,Yes,Bank transfer (automatic),71.99,4179.02,No
96213226,Female,0,No,No,9,Yes,No,Fiber optic,Yes,Yes,No,Yes,No,No,Month-to-month,No,Electronic check,49.74,497.4,No
19954260,Male,0,Yes,No,3,Yes,No,DSL,Yes,No,No,No,No,No,Month-to-month,Yes,Credit card (automatic),103.85,415.4,No
70394554,Male,0,No,No,72,Yes,No,Fiber optic,Yes,No,Yes,No,No,No,Two year,Yes,Electronic check,44.54,3251.42,No
72523073,Male,1,Yes,No,61,Yes,No,DSL,Yes,No,Yes,Yes,Yes,No,Month-to-month,Yes,Credit card (automatic),96.79,6000.98,No
79438885,Male,0,No,Yes,42,Yes,Yes,DSL,Yes,Yes,No,Yes,Yes,Yes,Two year,Yes,Credit card (automatic),26.96,1159.28,No
56239991,Female,1,Yes,No,41,Yes,No,Fiber optic,Yes,No,Yes,No,Yes,No,Two year,No,Credit card (automatic),128.98,5417.16,Yes
27224779,Male,0,No,No,23,Yes,No,Fiber optic,No,Yes,No,Yes,Yes,Yes,Two year,Yes,Bank transfer (automatic),37.95,910.8,No
83994695,Male,0,Yes,Yes,4,Yes,No,No,No internet service,No internet service,No internet service,No internet service,No internet service,No internet service,One year,Yes,Mailed check,40.3,2221.925,No
95871687,Male,0,No,No,67,Yes,No,Fiber optic,Yes,No,No,No,No,No,Two year,Yes,Credit card (automatic),18.0,1224.0,No
88891300,Female,0,Yes,Yes,44,Yes,No,No,No internet service,No internet service,No internet service,No internet service,No internet service,No internet service,Two year,Yes,Bank transfer (automatic),58.08,2613.6,No
34422678,Male,1,Yes,Yes,58,Yes,No,DSL,No,Yes,No,No,No,Yes,Month-to-month,No,Credit card (automatic),83.08,4901.72,No
27318510,Female,0,No,Yes,64,Yes,No,No,No internet service,No internet service,No internet service,No internet service,No internet service,No internet service,Two year,Yes,Electronic check,52.07,3384.55,No
68065043,Female,0,Yes,No,62,Yes,No,No,No internet service,No internet service,No internet service,No internet service,No internet service,No internet service,Two year,Yes,Bank transfer (automatic),43.34,2732.59,Yes
77493234,Female,0,No,No,66,Yes,No,Fiber optic,No,No,No,No,No,Yes,Month-to-month,No,Electronic check,26.53,1777.51,No
17437386,Male,0,No,Yes,48,Yes,Yes,DSL,No,No,No,Yes,No,No,Month-to-month,Yes,Credit card (automatic),78.4,3845.52,No
26664623,Male,0,No,No,31,Yes,No,Fiber optic,No,No,Yes,No,No,No,One year,Yes,Mailed check,90.86,2907.52,No
79538491,Male,0,No,Yes,49,Yes,No,DSL,Yes,Yes,Yes,No,Yes,Yes,Month-to-month,Yes,Electronic check,74.91,3745.5,No
30537388,Male,0,Yes,No,57,Yes,Yes,Fiber optic,No,No,Yes,No,No,Yes,Month-to-month,Yes,Electronic check,90.77,5264.66,Yes
50818905,Female,0,Yes,Yes,51,Yes,Yes,DSL,Yes,Yes,Yes,No,No,No,Month-to-month,Yes,Credit card (automatic),33.54,1744.08,No
32099899,Male,0,No,Yes,22,Yes,No,Fiber optic,No,No,Yes,No,No,Yes,Month-to-month,Yes,Credit card (automatic),51.01,1173.23,No
31738837,Female,0,Yes,Yes,29,Yes,No,DSL,No,Yes,No,Yes,Yes,Yes,Month-to-month,No,Credit card (automatic),63.99,1919.7,No
53306792,Male,0,No,No,69,Yes,No,DSL,Yes,Yes,No,No,No,No,Month-to-month,No,Mailed check,108.33,7583.1,Yes
40262109,Male,0,Yes,No,70,Yes,Yes,DSL,No,No,Yes,No,Yes,Yes,Two year,Yes,Mailed check,108.15,7678.65,No
56442431,Male,0,No,No,29,Yes,Yes,DSL,No,Yes,Yes,No,No,Yes,One year,Yes,Bank transfer (automatic),93.8,2814.0,No
79645282,Male,0,Yes,Yes,36,Yes,Yes,Fiber optic,No,No,No,Yes,Yes,Yes,Month-to-month,No,Bank transfer (automatic),93.06,3443.22,Yes
48124318,Female,0,No,No,47,Yes,No,DSL,Yes,Yes,No,No,Yes,Yes,Month-to-month,No,Credit card (automatic),46.33,2223.84,Yes
20584397,Female,0,Yes,No,31,Yes,No,Fiber optic,No,Yes,Yes,Yes,Yes,No,Two year,Yes,Credit card (automatic),73.1,2339.2,No
43635675,Male,1,Yes,Yes,69,Yes,No,Fiber optic,Yes,Yes,No,Yes,Yes,No,Month-to-month,Yes,Credit card (automatic),20.0,1400.0,No
36347197,Female,0,No,Yes,34,Yes,No,DSL,Yes,No,No,No,Yes,No,Two year,Yes,Credit card (automatic),93.06,3257.1,No
95235919,Female,1,Yes,Yes,67,Yes,No,DSL,No,No,Yes,Yes,No,No,Month-to-month,Yes,Mailed check,62.52,4251.36,No
83932683,Male,0,No,No,31,Yes,Yes,Fiber optic,No,No,Yes,No,Yes,No,Month-to-month,No,Credit card (automatic),131.25,4200.0,No
46836194,Male,1,No,No,58,Yes,Yes,No,No internet service,No internet service,No internet service,No internet service,No internet service,No internet service,Month-to-month,No,Credit card (automatic),77.83,4591.97,Yes
26800072,Female,0,Yes,No,34,Yes,Yes,Fiber optic,Yes,Yes,No,No,No,No,Month-to-month,No,Electronic check,47.34,1656.9,No
93889081,Female,0,No,Yes,15,Yes,No,Fiber optic,Yes,No,No,Yes,No,No,Month-to-month,Yes,Credit card (automatic),61.79,988.64,No
50644430,Male,0,Yes,No,51,Yes,Yes,Fiber optic,No,No,No,Yes,Yes,Yes,Month-to-month,Yes,Credit card (automatic),51.07,2655.64,Yes
92467167,Male,0,No,No,65,Yes,No,No,No internet service,No internet service,No internet service,No internet service,No internet service,No internet service,Month-to-month,Yes,Credit card (automatic),52.55,3468.3,No
81602209,Female,1,No,Yes,5,Yes,Yes,No,No internet service,No internet service,No internet service,No internet service,No internet service,No internet service,Month-to-month,Yes,Bank transfer (automatic),69.33,415.98,Yes
22539748,Female,0,No,No,13,No,No phone service,Fiber optic,Yes,Yes,Yes,No,Yes,No,One year,No,Electronic check,40.4,565.6,No
77454225,Female,0,Yes,No,28,Yes,Yes,DSL,Yes,Yes,No,No,Yes,No,One year,Yes,Bank transfer (automatic),68.25,1979.25,Yes
96031876,Female,1,Yes,Yes,25,No,No phone service,Fiber optic,Yes,No,No,No,Yes,No,Month-to-month,No,Bank transfer (automatic),18.0,468.0,Yes
32633927,Female,0,No,No,17,Yes,No,DSL,No,No,No,No,Yes,Yes,Two year,No,Mailed check,74.82,1346.76,No
89431184,Male,0,Yes,No,3,Yes,No,Fiber optic,No,No,Yes,No,Yes,Yes,Month-to-month,Yes,Electronic check,47.21,188.84,No
87933054,Male,0,Yes,No,56,Yes,No,Fiber optic,No,Yes,Yes,Yes,Yes,No,Month-to-month,No,Mailed check,29.55,1684.35,Yes
30695604,Male,1,No,No,52,Yes,No,Fiber optic,Yes,Yes,Yes,No,Yes,No,Month-to-month,Yes,Credit card (automatic),91.72,4861.16,Yes
32978158,Female,0,No,Yes,24,Yes,Yes,Fiber optic,No,Yes,No,No,No,No,Month-to-month,Yes,Credit card (automatic),18.0,450.0,No
98413629,Male,0,Yes,No,46,Yes,No,DSL,No,No,No,No,Yes,No,One year,No,Mailed check,88.74,4170.78,No
93816177,Female,0,Yes,No,51,Yes,No,No,No internet service,No internet service,No internet service,No internet service,No internet service,No internet service,Month-to-month,Yes,Electronic check,84.07,4354.83,Yes
91220369,Male,0,Yes,No,33,Yes,No,DSL,Yes,No,Yes,No,No,Yes,One year,Yes,Mailed check,43.24,1470.16,No
55314533,Male,0,Yes,No,15,Yes,Yes,DSL,Yes,No,No,No,No,No,Month-to-month,Yes,Credit card (automatic),61.76,988.16,No
85647532,Female,1,Yes,No,35,Yes,No,Fiber optic,No,No,No,No,No,Yes,Month-to-month,No,Bank transfer (automatic),77.97,2806.92,Yes
15529005,Male,1,Yes,Yes,27,Yes,Yes,No,No internet service,No internet service,No internet service,No internet service,No internet service,No internet service,Two year,No,Credit card (automatic),76.96,2154.88,No
13808225,Female,0,No,Yes,64,Yes,Yes,Fiber optic,Yes,No,No,No,No,No,Month-to-month,No,Electronic check,97.41,6331.65,Yes
20901547,Male,0,No,Yes,71,Yes,Yes,Fiber optic,No,Yes,Yes,No,No,No,Two year,Yes,Mailed check,91.96,6621.12,No
16101779,Female,0,Yes,Yes,52,Yes,No,Fiber optic,No,No,No,Yes,No,Yes,Month-to-month,No,Electronic check,101.05,5355.65,Yes
96094462,Female,0,Yes,Yes,41,Yes,No,DSL,No,No,No,Yes,No,No,Two year,Yes,Credit card (automatic),104.51,4389.42,No
87412924,Male,0,No,No,18,Yes,No,Fiber optic,No,Yes,Yes,No,No,No,Two year,Yes,Mailed check,73.42,1398.65,No
45521514,Female,1,Yes,No,43,Yes,No,Fiber optic,No,Yes,Yes,Yes,No,No,Two year,Yes,Mailed check,61.28,2696.32,No
97393186,Male,1,No,No,29,Yes,No,No,No internet service,No internet service,No internet service,No internet service,No internet service,No internet service,Two year,Yes,Credit card (automatic),66.36,1990.8,No
38294221,Female,0,No,No,43,No,No phone service,DSL,No,Yes,No,Yes,No,No,Two year,No,Bank transfer (automatic),59.75,2629.0,No
86790955,Male,0,No,No,26,Yes,No,DSL,No,Yes,No,Yes,No,No,One year,No,Mailed check,113.43,3068.28,No
65913331,Male,0,Yes,Yes,72,Yes,Yes,Fiber optic,No,No,Yes,Yes,No,No,Two year,Yes,Mailed check,47.26,3449.98,No
92961108,Male,0,No,No,33,Yes,No,Fiber optic,No,Yes,Yes,Yes,No,No,One year,Yes,Bank transfer (automatic),104.03,3537.02,No
95763946,Female,0,No,No,23,Yes,No,Fiber optic,No,No,Yes,Yes,No,No,Two year,No,Credit card (automatic),55.55,1333.2,No
14064904,Female,1,No,Yes,55,Yes,No,DSL,No,No,No,No,No,No,Two year,No,Mailed check,103.14,5781.0,No
76845536,Female,1,No,No,6,Yes,No,DSL,Yes,No,Yes,No,No,No,Two year,Yes,Electronic check,91.81,642.67,No
94176528,Female,0,Yes,Yes,67,Yes,No,No,No internet service,No internet service,No internet service,No internet service,No internet service,No internet service,Two year,Yes,Credit card (automatic),68.82,4679.76,No
83226170,Male,1,Yes,Yes,50,Yes,Yes,Fiber optic,No,No,Yes,No,No,Yes,Month-to-month,No,Electronic check,77.77,3966.27,Yes
48879071,Male,0,No,Yes,7,Yes,No,Fiber optic,Yes,No,Yes,No,No,No,Two year,Yes,Credit card (automatic),36.71,295.52,No
96155337,Male,0,No,No,55,No,No phone service,Fiber optic,No,Yes,Yes,No,No,Yes,Month-to-month,No,Credit card (automatic),87.32,4889.92,Yes
50546385,Male,0,No,No,57,Yes,Yes,Fiber optic,No,Yes,Yes,No,Yes,No,Month-to-month,Yes,Bank transfer (automatic),98.42,5708.36,No
74819756,Male,0,No,No,68,Yes,Yes,Fiber optic,Yes,No,No,Yes,Yes,Yes,Month-to-month,No,Credit card (automatic),110.14,7599.66,Yes
42866956,Male,1,Yes,No,7,Yes,No,Fiber optic,Yes,Yes,Yes,No,Yes,No,Month-to-month,Yes,Electronic check,60.25,482.0,No
64504816,Female,0,Yes,Yes,65,Yes,No,DSL,Yes,No,No,Yes,No,Yes,Two year,No,Credit card (automatic),136.0,8976.0,No
49920898,Male,0,No,No,23,No,No phone service,Fiber optic,No,Yes,Yes,No,Yes,Yes,Month-to-month,Yes,Bank transfer (automatic),60.47,1451.28,No
70873663,Male,0,Yes,No,41,Yes,Yes,DSL,No,No,No,Yes,Yes,No,Month-to-month,No,Electronic check,56.5,2361.7,No
19794273,Male,0,No,Yes,53,No,No phone service,Fiber optic,Yes,No,Yes,Yes,Yes,Yes,Two year,Yes,Electronic check,64.99,3509.46,No
18041391,Female,0,Yes,No,15,Yes,No,Fiber optic,Yes,No,Yes,No,Yes,No,Month-to-month,Yes,Credit card (automatic),65.27,1044.32,No
31217198,Female,0,No,Yes,3,Yes,No,DSL,No,No,No,Yes,No,No,Month-to-month,No,Credit card (automatic),26.99,107.96,Yes
69002851,Female,0,No,Yes,58,Yes,Yes,Fiber optic,No,Yes,Yes,Yes,Yes,Yes,Month-to-month,No,Credit card (automatic),36.06,2127.54,Yes
65783806,Male,0,Yes,No,45,Yes,No,DSL,No,No,No,No,No,Yes,Month-to-month,No,Electronic check,33.35,1534.1,No
74995086,Male,0,Yes,No,12,Yes,Yes,No,No internet service,No internet service,No internet service,No internet service,No internet service,No internet service,Month-to-month,Yes,Credit card (automatic),77.05,1001.65,No
72336371,Female,0,No,No,36,No,No phone service,DSL,No,Yes,No,Yes,Yes,No,One year,Yes,Mailed check,114.89,4250.93,No
37383505,Male,0,No,No,53,Yes,No,No,No internet service,No internet service,No internet service,No internet service,No internet service,No internet service,Month-to-month,Yes,Credit card (automatic),49.95,2697.3,No
55659873,Female,0,No,No,48,Yes,No,Fiber optic,No,No,No,Yes,Yes,No,Month-to-month,No,Mailed check,66.15,3241.35,No
91424562,Female,1,Yes,No,57,Yes,No,DSL,No,No,No,Yes,Yes,Yes,Month-to-month,Yes,Electronic check,45.77,2654.66,No
29282885,Female,0,Yes,No,18,Yes,No,DSL,No,Yes,Yes,No,Yes,Yes,Month-to-month,No,Electronic check,89.81,1688.43,Yes
51954112,Male,0,Yes,No,17,Yes,No,DSL,No,No,No,Yes,No,No,Month-to-month,No,Bank transfer (automatic),78.02,1404.36,No
52857920,Male,0,Yes,No,59,Yes,No,DSL,Yes,Yes,No,No,No,No,Month-to-month,Yes,Electronic check,97.69,5861.4,Yes
56354851,Female,0,No,No,16,Yes,Yes,DSL,No,Yes,Yes,Yes,Yes,No,Two year,No,Credit card (automatic),39.83,677.11,No
63514837,Male,0,No,No,10,Yes,Yes,DSL,Yes,No,No,Yes,Yes,No,Month-to-month,No,Electronic check,68.88,757.68,Yes
27551135,Female,0,Yes,No,14,Yes,No,DSL,Yes,No,No,Yes,No,No,Two year,No,Bank transfer (automatic),62.98,947.85,No
59733063,Male,0,Yes,No,71,Yes,No,Fiber optic,No,No,Yes,No,No,No,Month-to-month,No,Mailed check,64.89,4672.08,No
79119463,Male,0,Yes,No,16,Yes,No,Fiber optic,No,No,No,No,Yes,Yes,One year,Yes,Bank transfer (automatic),99.85,1697.45,No
85383550,Male,0,No,Yes,4,Yes,No,Fiber optic,No,Yes,Yes,Yes,Yes,No,Month-to-month,Yes,Electronic check,52.88,264.4,No
24251766,Female,0,No,No,60,Yes,No,DSL,Yes,Yes,No,Yes,Yes,No,Month-to-month,No,Electronic check,56.52,3447.72,No
52831009,Male,0,No,No,3,Yes,No,No,No internet service,No internet service,No internet service,No internet service,No internet service,No internet service,Month-to-month,No,Credit card (automatic),46.25,185.0,No
42445506,Male,0,Yes,No,55,Yes,No,Fiber optic,Yes,Yes,No,Yes,No,Yes,Month-to-month,Yes,Mailed check,134.73,7551.62,Yes
72608888,Female,0,No,No,47,Yes,Yes,Fiber optic,Yes,Yes,Yes,No,Yes,Yes,Two year,No,Bank transfer (automatic),41.42,1988.16,No
26444612,Male,0,Yes,Yes,47,Yes,No,DSL,No,No,Yes,Yes,No,No,Month-to-month,No,Mailed check,87.83,4215.84,Yes
45899440,Female,0,Yes,No,34,Yes,No,Fiber optic,No,No,No,No,No,Yes,Month-to-month,No,Credit card (automatic),28.9,1011.5,No
70343755,Male,0,No,Yes,32,Yes,No,Fiber optic,No,No,Yes,Yes,Yes,Yes,Two year,Yes,Electronic check,83.88,2768.04,No
43275109,Female,0,No,No,20,Yes,No,No,No internet service,No internet service,No internet service,No internet service,No internet service,No internet service,Month-to-month,Yes,Credit card (automatic),35.55,746.55,Yes
28908276,Male,0,Yes,No,4,Yes,No,No,No internet service,No internet service,No internet service,No internet service,No internet service,No internet service,Month-to-month,Yes,Electronic check,74.56,372.8,No
22993840,Male,0,Yes,No,63,Yes,Yes,Fiber optic,No,Yes,Yes,No,No,No,Month-to-month,Yes,Credit card (automatic),79.34,5061.89,No
16792127,Female,0,Yes,No,68,Yes,No,Fiber optic,Yes,Yes,No,No,No,No,Two year,No,Credit card (automatic),67.76,4675.44,No
48951595,Female,0,Yes,No,20,Yes,No,Fiber optic,No,Yes,Yes,No,No,Yes,Month-to-month,Yes,Credit card (automatic),91.18,1914.78,Yes
61559717,Female,0,No,Yes,31,Yes,No,DSL,No,No,Yes,No,No,Yes,Two year,No,Electronic check,83.95,2686.4,No
92594562,Female,0,No,Yes,17,Yes,Yes,Fiber optic,Yes,No,No,No,Yes,No,Month-to-month,No,Electronic check,49.51,891.18,No
66121095,Female,0,Yes,No,57,Yes,No,DSL,No,Yes,Yes,No,No,No,Month-to-month,Yes,Mailed check,84.76,4916.08,No
43322272,Male,0,Yes,Yes,23,Yes,Yes,Fiber optic,Yes,Yes,Yes,No,Yes,Yes,One year,Yes,Bank transfer (automatic),76.81,1843.44,No
31434525,Female,0,Yes,Yes,4,Yes,Yes,DSL,No,No,No,No,Yes,No,Month-to-month,Yes,Credit card (automatic),98.71,493.55,Yes
53947691,Female,0,No,No,52,Yes,Yes,DSL,Yes,No,No,No,No,No,Month-to-month,No,Mailed check,26.45,1396.56,Yes
87535841,Male,0,Yes,No,72,Yes,Yes,Fiber optic,No,Yes,No,Yes,No,No,Two year,Yes,Bank transfer (automatic),73.37,5356.01,No
51971886,Female,0,No,No,54,Yes,No,DSL,Yes,No,No,Yes,No,Yes,Two year,No,Credit card (automatic),72.87,4007.85,No
35479101,Male,0,Yes,Yes,4,No,No phone service,Fiber optic,Yes,No,Yes,Yes,No,No,Month-to-month,Yes,Electronic check,58.85,294.25,Yes
31386576,Male,0,No,Yes,68,No,No phone service,Fiber optic,No,Yes,No,Yes,Yes,Yes,Month-to-month,Yes,Electronic check,101.78,7022.82,No
76876068,Male,0,No,No,40,Yes,Yes,No,No internet service,No internet service,No internet service,No internet service,No internet service,No internet service,Month-to-month,Yes,Mailed check,48.69,1986.55,No
79085198,Male,0,No,No,6,Yes,Yes,Fiber optic,Yes,Yes,No,No,Yes,Yes,Two year,Yes,Bank transfer (automatic),91.37,644.16,No
72654864,Male,0,No,No,0,Yes,No,Fiber optic,No,Yes,No,Yes,No,No,Month-to-month,Yes,Electronic check,48.28,48.28,No
76942394,Female,0,No,Yes,51,Yes,No,No,No internet service,No internet service,No internet service,No internet service,No internet service,No internet service,Month-to-month,Yes,Credit card (automatic),109.78,5686.6,Yes
51411602,Female,1,No,Yes,25,Yes,No,DSL,Yes,Yes,No,Yes,Yes,Yes,Two year,Yes,Electronic check,82.17,2136.42,No
76755908,Female,0,Yes,Yes,62,Yes,No,Fiber optic,No,Yes,No,Yes,Yes,Yes,Month-to-month,Yes,Electronic check,23.28,1466.64,Yes
13110670,Male,0,Yes,No,11,Yes,No,Fiber optic,No,Yes,No,No,Yes,Yes,One year,Yes,Bank transfer (automatic),104.1,1249.2,No
22086184,Female,1,Yes,Yes,69,Yes,No,DSL,No,Yes,No,No,No,Yes,Two year,Yes,Electronic check,86.87,6085.24,No
62780072,Male,0,No,No,18,Yes,No,DSL,Yes,No,No,No,Yes,No,Month-to-month,Yes,Electronic check,72.74,1382.06,Yes
77839607,Male,0,No,Yes,3,Yes,Yes,Fiber optic,No,Yes,No,No,No,Yes,One year,Yes,Credit card (automatic),50.81,203.24,No
71368457,Male,0,Yes,No,4,Yes,No,DSL,No,Yes,Yes,Yes,Yes,No,Month-to-month,Yes,Credit card (automatic),44.38,221.9,No
42310051,Male,0,No,Yes,53,No,No phone service,DSL,No,Yes,No,No,No,Yes,Month-to-month,No,Electronic check,85.16,4598.64,Yes
38876195,Female,0,No,No,69,Yes,Yes,Fiber optic,Yes,No,Yes,Yes,No,Yes,Month-to-month,Yes,Mailed check,23.76,1663.2,Yes
88295121,Male,0,No,Yes,56,Yes,No,DSL,No,No,No,Yes,No,Yes,One year,No,Mailed check,49.7,2822.96,No
57364777,Male,0,No,No,51,Yes,No,Fiber optic,No,No,Yes,No,Yes,No,Month-to-month,Yes,Bank transfer (automatic),90.93,4728.36,Yes
16530784,Female,0,No,No,17,Yes,Yes,DSL,Yes,No,No,Yes,Yes,No,Two year,Yes,Electronic check,27.8,500.4,No
16783418,Female,0,Yes,Yes,63,No,No phone service,DSL,No,Yes,Yes,No,Yes,Yes,Two year,No,Bank transfer (automatic),29.16,1866.24,No
47763008,Male,1,Yes,No,9,Yes,No,Fiber optic,Yes,No,No,Yes,No,Yes,Two year,Yes,Credit card (automatic),85.64,856.4,No
76423575,Male,1,No,No,22,Yes,No,Fiber optic,No,Yes,Yes,Yes,No,Yes,Month-to-month,Yes,Bank transfer (automatic),62.01,1426.23,No
90197611,Male,1,Yes,No,67,Yes,No,No,No internet service,No internet service,No internet service,No internet service,No internet service,No internet service,Month-to-month,Yes,Credit card (automatic),119.94,8131.93,Yes
97813295,Male,0,Yes,No,51,Yes,No,Fiber optic,Yes,No,No,Yes,Yes,Yes,One year,Yes,Electronic check,60.84,3163.68,No
73161098,Male,1,No,No,46,Yes,Yes,No,No internet service,No internet service,No internet service,No internet service,No internet service,No internet service,Month-to-month,No,Bank transfer (automatic),23.47,1103.09,Yes
48352498,Male,0,No,Yes,69,No,No phone service,DSL,Yes,Yes,No,No,No,Yes,Month-to-month,No,Credit card (automatic),104.0,7280.0,No
82033413,Female,0,No,Yes,25,Yes,No,Fiber optic,Yes,No,No,Yes,No,No,One year,No,Electronic check,30.11,776.84,No
11097552,Female,0,Yes,No,69,Yes,No,Fiber optic,No,Yes,No,No,Yes,Yes,Month-to-month,Yes,Bank transfer (automatic),39.7,2771.06,No
24428014,Female,1,No,No,42,No,No phone service,Fiber optic,Yes,No,No,No,No,No,Month-to-month,No,Credit card (automatic),59.93,2576.99,Yes
67838146,Male,0,Yes,Yes,68,Yes,No,No,No internet service,No internet service,No internet service,No internet service,No internet service,No internet service,One year,No,Electronic check,74.88,5166.72,No
27976443,Male,0,Yes,No,62,Yes,No,Fiber optic,Yes,Yes,Yes,No,Yes,Yes,One year,No,Mailed check,81.43,5130.09,Yes
45496951,Male,0,No,Yes,65,Yes,No,Fiber optic,No,No,Yes,Yes,No,No,Two year,Yes,Electronic check,98.82,6522.12,Yes
59093843,Female,0,Yes,No,62,No,No phone service,No,No internet service,No internet service,No internet service,No internet service,No internet service,No internet service,Month-to-month,No,Bank transfer (automatic),18.0,1134.0,No
64123845,Male,0,Yes,No,12,Yes,No,DSL,Yes,Yes,No,No,Yes,No,Month-to-month,No,Credit card (automatic),41.76,542.88,Yes
59115280,Male,0,No,No,50,No,No phone service,DSL,Yes,No,Yes,No,No,No,Two year,Yes,Electronic check,101.75,5189.25,No
16072331,Male,0,Yes,Yes,4,Yes,No,Fiber optic,No,Yes,No,Yes,Yes,No,Month-to-month,No,Electronic check,43.16,217.96,Yes
63765155,Male,0,No,No,46,Yes,No,DSL,No,No,Yes,No,Yes,No,Two year,No,Bank transfer (automatic),68.47,3218.09,No
16866268,Female,0,No,No,35,Yes,Yes,Fiber optic,No,No,Yes,Yes,No,No,Month-to-month,Yes,Mailed check,110.41,3974.76,No
86541906,Male,0,No,No,35,Yes,No,No,No internet service,No internet service,No internet service,No internet service,No internet service,No internet service,Month-to-month,Yes,Credit card (automatic),64.87,2338.56,Yes
85405783,Female,0,Yes,Yes,49,Yes,No,DSL,No,No,No,Yes,No,No,Month-to-month,No,Electronic check,62.14,3107.0,No
36126192,Female,0,No,No,55,No,No phone service,Fiber optic,Yes,No,No,Yes,No,Yes,One year,Yes,Credit card (automatic),65.2,3651.2,No
58657117,Female,0,Yes,No,18,Yes,No,DSL,No,No,Yes,Yes,No,No,One year,Yes,Credit card (automatic),108.64,2064.16,No
84252324,Male,0,No,No,19,Yes,No,DSL,Yes,Yes,Yes,No,Yes,No,Month-to-month,No,Electronic check,21.92,438.4,Yes
48735464,Male,0,Yes,No,21,Yes,Yes,DSL,Yes,Yes,No,No,No,No,Month-to-month,Yes,Electronic check,123.62,2725.82,No
19869264,Male,0,Yes,No,30,Yes,No,Fiber optic,Yes,Yes,Yes,Yes,No,Yes,Month-to-month,Yes,Credit card (automatic),63.21,1959.51,Yes
61854861,Male,0,No,Yes,61,Yes,No,DSL,No,No,Yes,No,No,No,Month-to-month,No,Credit card (automatic),59.76,3705.12,No
77680031,Male,0,Yes,No,43,No,No phone service,Fiber optic,No,Yes,No,No,No,No,Month-to-month,Yes,Mailed check,45.66,2011.32,Yes
70445541,Male,1,Yes,No,67,Yes,No,Fiber optic,No,No,Yes,Yes,No,Yes,One year,Yes,Bank transfer (automatic),35.95,2444.6,No
83800569,Female,0,Yes,No,66,Yes,Yes,Fiber optic,Yes,Yes,Yes,Yes,No,No,Two year,No,Electronic check,18.0,1206.0,No
47543473,Female,0,No,No,48,Yes,No,DSL,No,Yes,No,Yes,Yes,Yes,Month-to-month,Yes,Credit card (automatic),106.53,5219.97,No
93650068,Female,0,Yes,Yes,58,Yes,No,DSL,No,No,No,No,Yes,No,Month-to-month,Yes,Electronic check,18.0,1062.0,No
92012822,Female,1,Yes,No,3,Yes,Yes,Fiber optic,Yes,No,No,No,Yes,Yes,Month-to-month,Yes,Bank transfer (automatic),68.46,2221.925,Yes
25946545,Female,0,Yes,No,38,Yes,No,No,No internet service,No internet service,No internet service,No internet service,No internet service,No internet service,Two year,Yes,Electronic check,56.74,2212.86,No
27268907,Female,0,No,No,6,Yes,Yes,Fiber optic,No,No,No,Yes,No,No,One year,Yes,Mailed check,78.78,551.46,No
22976369,Female,0,No,No,70,Yes,No,Fiber optic,No,Yes,No,No,No,No,Month-to-month,No,Mailed check,18.0,1274.4,No
62868861,Male,0,Yes,No,48,No,No phone service,No,No internet service,No internet service,No internet service,No internet service,No internet service,No internet service,Month-to-month,Yes,Mailed check,45.22,2215.78,No
60089832,Female,0,Yes,No,14,Yes,No,DSL,Yes,No,No,No,Yes,Yes,Two year,Yes,Bank transfer (automatic),84.24,1263.6,No
55511258,Female,0,Yes,No,6,Yes,No,Fiber optic,Yes,No,Yes,No,Yes,Yes,Month-to-month,Yes,Electronic check,75.53,528.71,No
84870921,Female,0,Yes,No,46,Yes,No,Fiber optic,No,No,No,No,No,Yes,One year,No,Electronic check,50.09,2354.23,No
59070856,Male,0,Yes,No,67,Yes,No,DSL,Yes,Yes,Yes,Yes,Yes,No,Month-to-month,Yes,Electronic check,73.1,4970.8,No
29363237,Female,0,No,No,44,Yes,No,No,No internet service,No internet service,No internet service,No internet service,No internet service,No internet service,Two year,Yes,Bank transfer (automatic),121.68,5475.6,No
36717096,Female,0,No,Yes,18,Yes,No,Fiber optic,No,No,Yes,Yes,Yes,No,One year,Yes,Electronic check,102.67,1950.73,No
90861208,Male,0,No,No,46,No,No phone service,DSL,No,Yes,No,No,Yes,Yes,Month-to-month,Yes,Bank transfer (automatic),99.16,4660.52,Yes
78333267,Female,1,Yes,No,52,Yes,No,DSL,No,No,Yes,No,No,No,Month-to-month,Yes,Credit card (automatic),86.49,4583.97,No
63873262,Female,0,No,No,26,Yes,No,Fiber optic,Yes,No,Yes,No,Yes,Yes,Month-to-month,Yes,Credit card (automatic),75.44,2036.88,No
77119320,Female,0,No,No,4,Yes,No,Fiber optic,Yes,No,Yes,Yes,Yes,Yes,Month-to-month,No,Electronic check,49.49,247.45,Yes
15402922,Female,0,No,Yes,59,Yes,No,No,No internet service,No internet service,No internet service,No internet service,No internet service,No internet service,One year,Yes,Electronic check,71.67,4300.2,No
16080513,Female,0,No,No,61,Yes,No,Fiber optic,No,No,Yes,No,No,Yes,Month-to-month,Yes,Credit card (automatic),129.0,7998.0,No
15222944,Female,1,Yes,Yes,58,Yes,No,Fiber optic,Yes,Yes,No,No,Yes,No,Month-to-month,Yes,Mailed check,97.59,5757.81,No
28392710,Male,0,Yes,Yes,60,Yes,No,DSL,Yes,No,No,No,No,No,Month-to-month,Yes,Mailed check,59.25,3614.25,No
54699966,Male,0,No,No,55,Yes,No,DSL,Yes,No,Yes,No,No,No,Month-to-month,Yes,Electronic check,18.0,1008.0,No
73584863,Male,1,Yes,No,46,Yes,No,Fiber optic,Yes,No,Yes,No,No,Yes,Two year,Yes,Electronic check,92.72,4362.48,No
79703656,Female,0,Yes,No,47,Yes,Yes,No,No internet service,No internet service,No internet service,No internet service,No internet service,No internet service,Month-to-month,Yes,Bank transfer (automatic),98.09,4708.32,No
71335966,Male,1,Yes,Yes,9,Yes,No,Fiber optic,Yes,Yes,No,Yes,No,Yes,One year,Yes,Electronic check,53.71,537.1,No
29990477,Female,0,Yes,No,31,Yes,No,Fiber optic,Yes,No,No,Yes,Yes,Yes,Month-to-month,Yes,Electronic check,49.96,1598.72,Yes
91370909,Female,1,No,No,64,Yes,Yes,Fiber optic,No,No,No,No,Yes,No,Month-to-month,No,Electronic check,18.0,1170.0,No
79190008,Male,0,Yes,Yes,23,Yes,No,Fiber optic,No,Yes,No,Yes,Yes,Yes,Month-to-month,Yes,Credit card (automatic),107.68,2584.32,Yes
28761086,Female,0,Yes,No,28,Yes,Yes,DSL,No,No,Yes,No,No,Yes,Month-to-month,Yes,Bank transfer (automatic),57.55,1668.95,No
54018830,Female,1,No,Yes,6,Yes,No,Fiber optic,Yes,No,No,Yes,Yes,Yes,Month-to-month,Yes,Credit card (automatic),77.82,544.74,Yes
92284610,Male,0,Yes,No,16,Yes,Yes,Fiber optic,No,No,No,No,No,No,Two year,No,Bank transfer (automatic),37.04,629.68,No
52752377,Male,0,No,No,24,Yes,No,Fiber optic,No,Yes,No,No,No,Yes,Month-to-month,No,Credit card (automatic),26.57,664.25,No
31810655,Male,0,Yes,No,35,Yes,No,Fiber optic,No,No,Yes,No,Yes,Yes,Month-to-month,No,Bank transfer (automatic),114.87,4112.35,No
62741471,Male,0,No,No,60,Yes,No,DSL,No,Yes,Yes,No,No,No,Month-to-month,Yes,Electronic check,58.32,3557.52,Yes
92745294,Male,0,No,No,70,Yes,Yes,Fiber optic,No,No,Yes,Yes,No,No,One year,No,Electronic check,47.49,3371.79,No
50162553,Female,1,No,No,34,Yes,No,Fiber optic,Yes,No,No,Yes,No,Yes,Month-to-month,No,Bank transfer (automatic),157.07,5497.45,Yes
89688374,Female,0,Yes,No,49,Yes,No,DSL,Yes,Yes,Yes,No,No,No,Month-to-month,No,Electronic check,99.56,4958.09,Yes
55147280,Female,0,Yes,No,55,Yes,No,Fiber optic,Yes,Yes,No,No,Yes,Yes,Month-to-month,No,Credit card (automatic),48.36,2708.16,Yes
78090664,Female,0,No,No,64,No,No phone service,Fiber optic,Yes,Yes,No,Yes,No,No,Month-to-month,Yes,Credit card (automatic),92.11,5987.15,Yes
78412668,Female,0,No,No,40,Yes,Yes,No,No internet service,No internet service,No internet service,No internet service,No internet service,No internet service,Month-to-month,Yes,Mailed check,21.85,895.85,No
81449442,Male,0,Yes,Yes,24,Yes,No,No,No internet service,No internet service,No internet service,No internet service,No internet service,No internet service,Two year,No,Mailed check,60.43,1510.75,No
75746104,Male,0,Yes,Yes,33,Yes,No,Fiber optic,No,Yes,Yes,No,No,No,Month-to-month,Yes,Electronic check,44.86,1525.24,Yes
85554415,Male,0,No,No,7,Yes,Yes,DSL,No,Yes,No,Yes,No,Yes,Month-to-month,No,Credit card (automatic),82.55,660.4,Yes
50237208,Female,0,No,Yes,55,Yes,Yes,Fiber optic,No,No,Yes,No,No,No,Two year,No,Mailed check,119.7,6703.2,No
73739005,Male,0,Yes,No,29,Yes,No,Fiber optic,Yes,No,No,Yes,No,No,Month-to-month,Yes,Bank transfer (automatic),19.18,575.4,No
12232974,Male,0,No,No,67,Yes,No,Fiber optic,No,No,Yes,Yes,Yes,No,Month-to-month,No,Electronic check,125.71,8548.28,Yes
59440148,Male,0,No,No,20,Yes,No,DSL,Yes,Yes,No,Yes,Yes,No,Month-to-month,No,Bank transfer (automatic),92.49,1942.29,No
54458225,Female,0,No,No,9,Yes,No,Fiber optic,Yes,Yes,Yes,No,No,Yes,Two year,Yes,Credit card (automatic),40.02,400.2,No
24710878,Male,0,No,No,32,Yes,No,Fiber optic,No,Yes,Yes,No,No,Yes,Two year,Yes,Bank transfer (automatic),40.59,1341.5,No
65907088,Female,0,Yes,Yes,3,Yes,No,DSL,No,No,No,No,Yes,No,Two year,Yes,Mailed check,48.56,196.67,No
88343175,Female,1,No,No,22,No,No phone service,No,No internet service,No internet service,No internet service,No internet service,No internet service,No internet service,Month-to-month,Yes,Bank transfer (automatic),44.01,1012.23,No
51295819,Female,0,No,No,68,Yes,Yes,Fiber optic,No,No,Yes,Yes,Yes,Yes,Month-to-month,No,Credit card (automatic),44.95,3101.55,Yes
94457912,Male,0,No,Yes,52,Yes,Yes,Fiber optic,Yes,No,Yes,Yes,No,Yes,One year,No,Bank transfer (automatic),18.0,954.0,No
13576520,Male,0,Yes,Yes,4,Yes,Yes,Fiber optic,No,Yes,No,Yes,No,No,One year,No,Mailed check,64.14,320.7,No
90115852,Female,0,No,Yes,17,Yes,Yes,DSL,No,Yes,No,No,No,No,One year,Yes,Credit card (automatic),92.4,1644.72,No
73698420,Female,1,Yes,Yes,16,Yes,No,Fiber optic,No,No,No,No,Yes,Yes,Month-to-month,No,Mailed check,52.77,899.73,No
45638891,Female,0,Yes,Yes,57,Yes,Yes,DSL,No,Yes,Yes,No,Yes,No,Month-to-month,No,Mailed check,78.92,4577.36,Yes
97991930,Female,0,No,No,66,Yes,No,Fiber optic,Yes,Yes,No,Yes,Yes,No,Month-to-month,Yes,Bank transfer (automatic),103.76,6951.92,Yes
87641510,Female,0,No,No,71,Yes,No,Fiber optic,No,Yes,No,No,No,No,Month-to-month,Yes,Electronic check,25.15,1810.8,Yes
87528776,Female,0,No,No,55,Yes,No,DSL,No,No,No,Yes,Yes,Yes,Month-to-month,No,Electronic check,49.97,2798.32,Yes
40540334,Male,0,Yes,Yes,39,Yes,No,Fiber optic,No,No,Yes,No,No,Yes,Month-to-month,Yes,Mailed check,24.83,993.2,Yes
16892773,Female,0,No,No,1,Yes,Yes,Fiber optic,No,Yes,Yes,No,No,No,Two year,No,Bank transfer (automatic),27.96,55.92,No
88319168,Female,1,Yes,No,20,Yes,No,Fiber optic,Yes,No,Yes,Yes,No,Yes,Month-to-month,Yes,Mailed check,110.84,2333.18,Yes
74484744,Female,1,No,No,51,Yes,Yes,Fiber optic,Yes,No,No,No,No,No,Two year,Yes,Credit card (automatic),54.87,2853.24,No
32885741,Male,0,Yes,No,23,No,No phone service,DSL,Yes,No,No,Yes,No,Yes,Month-to-month,No,Electronic check,83.89,2013.36,No
80361272,Male,0,No,No,52,Yes,No,Fiber optic,No,No,No,No,Yes,Yes,One year,Yes,Electronic check,74.96,3972.88,No
94426338,Male,0,No,No,37,Yes,No,DSL,Yes,No,No,Yes,No,No,Month-to-month,Yes,Bank transfer (automatic),91.25,3467.5,No
93179531,Female,1,Yes,No,19,Yes,No,Fiber optic,Yes,No,Yes,No,Yes,Yes,Month-to-month,Yes,Credit card (automatic),74.43,1488.6,No
61028283,Male,1,Yes,Yes,49,Yes,No,DSL,No,Yes,Yes,No,Yes,No,Two year,Yes,Bank transfer (automatic),73.2,3660.0,No
29834119,Female,0,No,No,38,Yes,No,DSL,No,No,Yes,Yes,Yes,Yes,Month-to-month,No,Mailed check,25.52,995.28,Yes
42507072,Male,0,No,No,59,No,No phone service,Fiber optic,No,No,No,No,Yes,Yes,Month-to-month,Yes,Credit card (automatic),71.05,4263.0,No
14237322,Male,0,No,Yes,38,Yes,No,DSL,No,No,Yes,No,Yes,Yes,Month-to-month,Yes,Bank transfer (automatic),70.71,2757.69,No
86849080,Male,0,No,No,70,Yes,Yes,No,No internet service,No internet service,No internet service,No internet service,No internet service,No internet service,Month-to-month,No,Credit card (automatic),41.75,2221.925,Yes
24749927,Male,0,Yes,No,32,Yes,Yes,Fiber optic,No,No,Yes,No,No,No,Two year,Yes,Credit card (automatic),18.0,594.9,No
35606639,Male,0,Yes,No,28,Yes,No,No,No internet service,No internet service,No internet service,No internet service,No internet service,No internet service,Month-to-month,Yes,Mailed check,77.35,2243.15,Yes
12541730,Female,0,Yes,Yes,9,Yes,No,Fiber optic,Yes,Yes,Yes,No,No,No,Month-to-month,Yes,Bank transfer (automatic),106.73,1067.3,No
69195194,Male,0,Yes,Yes,66,Yes,No,DSL,No,No,Yes,No,No,Yes,One year,Yes,Bank transfer (automatic),18.0,1206.0,No
52103092,Female,0,No,No,2,Yes,Yes,Fiber optic,Yes,No,Yes,No,Yes,No,Month-to-month,Yes,Credit card (automatic),64.95,194.85,No
66207740,Male,0,Yes,No,30,Yes,No,DSL,No,No,No,Yes,No,Yes,Two year,No,Credit card (automatic),18.0,558.0,No
30324759,Female,0,No,No,26,Yes,Yes,Fiber optic,Yes,No,Yes,Yes,No,No,Month-to-month,Yes,Electronic check,89.5,2416.5,No
65426567,Female,0,No,No,69,Yes,No,Fiber optic,No,Yes,No,No,No,Yes,Month-to-month,Yes,Mailed check,105.53,7387.1,No
37365878,Female,0,No,No,26,Yes,Yes,Fiber optic,Yes,No,No,No,Yes,No,Month-to-month,No,Credit card (automatic),67.07,1797.48,No
65079923,Female,0,No,No,8,Yes,Yes,DSL,Yes,Yes,Yes,No,No,No,Month-to-month,Yes,Electronic check,88.74,798.66,No
77353073,Female,0,Yes,No,5,Yes,No,Fiber optic,Yes,Yes,No,No,Yes,No,Month-to-month,Yes,Bank transfer (automatic),71.91,431.46,No
92071195,Male,0,No,No,5,Yes,No,Fiber optic,Yes,No,Yes,No,Yes,No,One year,Yes,Credit card (automatic),40.88,247.32,No
73297813,Female,0,Yes,No,25,Yes,Yes,Fiber optic,No,Yes,No,Yes,Yes,No,Month-to-month,No,Electronic check,65.97,1715.22,Yes
18359252,Female,0,Yes,Yes,42,Yes,No,DSL,No,No,No,No,Yes,Yes,Month-to-month,Yes,Bank transfer (automatic),69.18,2974.74,No
28533117,Male,0,No,No,18,Yes,Yes,Fiber optic,No,No,No,Yes,No,No,One year,Yes,Electronic check,65.64,1247.16,No
79616482,Female,0,Yes,No,15,Yes,No,Fiber optic,No,Yes,Yes,Yes,No,No,Two year,Yes,Bank transfer (automatic),81.14,1298.24,No
37828932,Male,0,No,No,22,Yes,No,Fiber optic,No,Yes,No,No,Yes,No,Month-to-month,Yes,Credit card (automatic),73.98,1701.54,No
85280948,Male,0,No,No,28,Yes,No,Fiber optic,Yes,No,No,Yes,No,Yes,Two year,Yes,Mailed check,64.17,1860.93,Yes
53627409,Male,0,No,No,37,Yes,No,Fiber optic,No,Yes,No,No,Yes,Yes,Two year,Yes,Credit card (automatic),50.76,1928.88,No
98882576,Male,0,Yes,No,58,Yes,Yes,DSL,Yes,No,Yes,No,No,No,Month-to-month,No,Mailed check,84.99,5014.41,No
74205866,Female,0,No,No,47,Yes,Yes,No,No internet service,No internet service,No internet service,No internet service,No internet service,No internet service,Month-to-month,No,Mailed check,82.91,3979.68,Yes
80528349,Male,0,Yes,No,19,Yes,No,Fiber optic,No,Yes,Yes,Yes,No,Yes,Two year,No,Credit card (automatic),75.31,1506.2,No
60576565,Female,0,No,Yes,20,Yes,No,Fiber optic,Yes,No,Yes,Yes,Yes,Yes,Month-to-month,Yes,Mailed check,45.12,947.52,Yes
52111160,Female,0,Yes,Yes,27,Yes,No,Fiber optic,No,Yes,No,Yes,No,Yes,Month-to-month,No,Electronic check,36.07,1009.96,No
33244151,Male,1,No,No,49,Yes,Yes,DSL,No,No,Yes,Yes,Yes,No,One year,Yes,Electronic check,90.27,4513.5,No
71694994,Female,0,Yes,No,32,Yes,No,Fiber optic,Yes,No,No,Yes,Yes,No,Month-to-month,No,Electronic check,43.24,1418.27,Yes
81555103,Male,0,Yes,No,39,Yes,No,Fiber optic,No,No,No,Yes,Yes,Yes,Month-to-month,Yes,Credit card (automatic),59.87,2394.8,No
55946354,Male,0,No,No,53,Yes,Yes,DSL,No,No,Yes,No,Yes,No,Month-to-month,Yes,Mailed check,23.33,1259.82,No
83319550,Male,1,Yes,Yes,9,Yes,No,DSL,No,Yes,No,No,No,Yes,One year,No,Bank transfer (automatic),83.29,832.9,No
57551594,Male,0,No,No,33,Yes,No,Fiber optic,No,Yes,No,Yes,Yes,Yes,Month-to-month,Yes,Mailed check,32.81,1115.54,No
96343485,Female,0,Yes,No,72,Yes,No,DSL,No,Yes,Yes,No,No,No,Month-to-month,No,Mailed check,31.26,2281.98,No
45482091,Female,1,Yes,Yes,35,Yes,No,No,No internet service,No internet service,No internet service,No internet service,No internet service,No internet service,Two year,Yes,Mailed check,40.32,1443.46,No
91883092,Male,0,No,Yes,6,Yes,No,DSL,Yes,No,Yes,No,Yes,Yes,One year,No,Electronic check,82.87,580.09,No
74985553,Female,0,Yes,No,15,Yes,Yes,No,No internet service,No internet service,No internet service,No internet service,No internet service,No internet service,Month-to-month,Yes,Bank transfer (automatic),63.52,1016.32,No
35805259,Male,0,Yes,No,50,Yes,No,No,No internet service,No internet service,No internet service,No internet service,No internet service,No internet service,One year,Yes,Mailed check,50.99,2600.49,No
43087238,Male,0,No,Yes,60,Yes,No,Fiber optic,Yes,No,No,Yes,No,Yes,Month-to-month,Yes,Electronic check,119.58,7300.36,Yes
47447604,Male,0,Yes,No,30,Yes,No,No,No internet service,No internet service,No internet service,No internet service,No internet service,No internet service,Month-to-month,No,Bank transfer (automatic),85.67,2655.77,Yes
84905122,Female,0,Yes,No,31,Yes,Yes,No,No internet service,No internet service,No internet service,No internet service,No internet service,No internet service,Two year,No,Electronic check,18.0,576.0,No
50063879,Female,0,Yes,No,44,Yes,No,DSL,Yes,No,No,No,No,Yes,Month-to-month,No,Electronic check,43.8,1971.0,No
40181142,Female,0,Yes,No,26,Yes,No,No,No internet service,No internet service,No internet service,No internet service,No internet service,No internet service,Two year,No,Credit card (automatic),18.0,486.0,No
49945150,Female,0,No,No,21,Yes,No,DSL,Yes,No,No,No,Yes,Yes,Month-to-month,Yes,Electronic check,55.66,1224.52,No
48789478,Male,0,Yes,Yes,14,No,No phone service,DSL,Yes,No,Yes,No,No,Yes,Month-to-month,Yes,Bank transfer (automatic),101.09,1521.4,No
37820354,Female,0,No,Yes,7,Yes,No,Fiber optic,No,No,Yes,No,Yes,No,Two year,No,Bank transfer (automatic),77.46,619.68,No
75632882,Female,0,Yes,No,67,Yes,Yes,DSL,Yes,No,No,Yes,Yes,No,Month-to-month,No,Mailed check,62.99,4283.32,Yes
52552488,Female,0,Yes,No,7,Yes,No,DSL,Yes,No,No,No,No,Yes,Month-to-month,Yes,Electronic check,55.85,446.8,Yes
74398125,Male,0,Yes,No,15,Yes,No,No,No internet service,No internet service,No internet service,No internet service,No internet service,No internet service,Two year,No,Electronic check,79.6,1273.6,No
56815569,Male,0,No,No,47,Yes,Yes,No,No internet service,No internet service,No internet service,No internet service,No internet service,No internet service,Month-to-month,Yes,Electronic check,19.17,920.16,No
85227370,Female,0,No,No,33,Yes,Yes,Fiber optic,No,Yes,No,Yes,Yes,Yes,Month-to-month,No,Credit card (automatic),66.39,2257.26,No
46702849,Female,0,No,Yes,56,Yes,No,Fiber optic,Yes,Yes,No,No,Yes,No,Month-to-month,Yes,Electronic check,75.06,4278.42,Yes
48626436,Female,0,No,No,4,Yes,No,No,No internet service,No internet service,No internet service,No internet service,No internet service,No internet service,Month-to-month,Yes,Electronic check,31.78,152.54,No
26357665,Female,1,Yes,Yes,43,Yes,No,DSL,Yes,No,Yes,No,No,No,One year,No,Electronic check,43.37,1908.28,No
86970753,Male,0,Yes,No,70,Yes,No,No,No internet service,No internet service,No internet service,No internet service,No internet service,No internet service,Month-to-month,Yes,Credit card (automatic),129.02,9160.42,Yes
82905845,Male,0,Yes,Yes,36,Yes,Yes,Fiber optic,Yes,No,Yes,Yes,Yes,No,Month-to-month,No,Credit card (automatic),85.83,3175.71,No
60961690,Female,0,Yes,Yes,27,Yes,No,No,No internet service,No internet service,No internet service,No internet service,No internet service,No internet service,Month-to-month,Yes,Bank transfer (automatic),18.86,528.08,Yes
62953249,Female,0,Yes,Yes,67,No,No phone service,Fiber optic,Yes,Yes,Yes,No,Yes,Yes,Month-to-month,No,Mailed check,47.49,3229.32,No
56323191,Male,0,Yes,No,37,Yes,No,No,No internet service,No internet service,No internet service,No internet service,No internet service,No internet service,Two year,Yes,Credit card (automatic),69.13,2626.94,Yes
29659692,Female,0,Yes,Yes,45,Yes,No,No,No internet service,No internet service,No internet service,No internet service,No internet service,No internet service,Month-to-month,Yes,Bank transfer (automatic),139.25,2221.925,No
48983895,Male,0,Yes,No,72,Yes,No,No,No internet service,No internet service,No internet service,No internet service,No internet service,No internet service,Month-to-month,No,Credit card (automatic),96.7,7059.1,No
15646068,Female,1,Yes,No,25,Yes,Yes,Fiber optic,No,No,No,No,Yes,No,Two year,Yes,Mailed check,102.7,2670.2,Yes
48605090,Female,0,Yes,No,52,Yes,No,No,No internet service,No internet service,No internet service,No internet service,No internet service,No internet service,Two year,Yes,Electronic check,81.94,4342.82,No
20607151,Female,0,No,No,62,Yes,Yes,Fiber optic,No,No,Yes,No,Yes,Yes,Two year,No,Electronic check,40.46,2548.98,Yes
56488123,Male,1,Yes,No,62,Yes,Yes,DSL,Yes,Yes,Yes,No,No,Yes,One year,Yes,Bank transfer (automatic),117.85,7424.55,No
69374716,Male,0,No,No,37,No,No phone service,Fiber optic,Yes,No,Yes,Yes,No,No,Two year,Yes,Credit card (automatic),95.63,2221.925,No
98043078,Female,0,No,No,14,Yes,No,DSL,Yes,No,Yes,No,Yes,No,One year,No,Credit card (automatic),108.26,1623.9,No
44419327,Female,0,Yes,No,8,Yes,Yes,No,No internet service,No internet service,No internet service,No internet service,No internet service,No internet service,Month-to-month,No,Bank transfer (automatic),121.03,1089.27,No
74300930,Female,0,Yes,No,21,Yes,No,DSL,No,Yes,No,No,Yes,Yes,Month-to-month,Yes,Mailed check,116.67,2566.74,No
38720823,Female,0,Yes,No,69,Yes,Yes,No,No internet service,No internet service,No internet service,No internet service,No internet service,No internet service,Month-to-month,No,Electronic check,69.51,4865.7,No
37121108,Female,0,No,No,55,Yes,No,Fiber optic,No,No,No,No,No,Yes,Month-to-month,No,Electronic check,78.2,4379.2,No
82286705,Female,0,Yes,No,36,Yes,Yes,DSL,No,No,No,Yes,No,Yes,Month-to-month,Yes,Electronic check,75.79,2804.23,No
46390817,Male,1,Yes,No,56,Yes,No,No,No internet service,No internet service,No internet service,No internet service,No internet service,No internet service,Two year,No,Bank transfer (automatic),97.86,5578.02,No
85432781,Female,1,Yes,No,59,Yes,Yes,DSL,No,No,No,No,Yes,Yes,One year,No,Credit card (automatic),79.96,4797.6,No
46456416,Female,1,No,Yes,11,Yes,No,Fiber optic,Yes,No,Yes,Yes,Yes,No,One year,Yes,Electronic check,74.35,877.33,No
28424464,Male,0,Yes,Yes,6,Yes,No,Fiber optic,No,Yes,Yes,Yes,Yes,No,Month-to-month,No,Electronic check,66.83,467.81,No
24660143,Female,0,No,No,65,No,No phone service,DSL,Yes,No,No,No,Yes,No,Month-to-month,Yes,Mailed check,65.54,4325.64,No
92634772,Male,0,No,No,40,Yes,No,Fiber optic,Yes,Yes,No,Yes,No,No,Month-to-month,No,Credit card (automatic),79.03,3224.42,No
88763056,Female,0,No,Yes,23,Yes,No,Fiber optic,No,Yes,No,Yes,No,Yes,One year,No,Credit card (automatic),108.95,2614.8,No
42115895,Male,1,No,No,24,Yes,Yes,No,No internet service,No internet service,No internet service,No internet service,No internet service,No internet service,Two year,No,Mailed check,41.44,1036.0,No
42542167,Male,0,No,No,61,Yes,Yes,DSL,Yes,No,No,Yes,No,No,Two year,No,Electronic check,72.18,4475.16,No
16813620,Male,1,No,No,43,Yes,Yes,DSL,No,No,No,Yes,Yes,No,Month-to-month,No,Credit card (automatic),80.36,3519.77,No
99903592,Male,0,No,No,1,Yes,No,Fiber optic,No,No,No,Yes,Yes,Yes,One year,No,Electronic check,119.69,239.38,Yes
81275182,Female,1,Yes,No,41,Yes,No,Fiber optic,Yes,No,No,No,No,Yes,Month-to-month,No,Credit card (automatic),57.03,2395.26,No
40289135,Male,1,Yes,No,32,Yes,Yes,Fiber optic,Yes,No,No,No,No,Yes,Month-to-month,Yes,Credit card (automatic),46.61,1538.13,No
95623471,Female,0,No,No,16,Yes,No,DSL,Yes,Yes,Yes,No,Yes,No,Two year,Yes,Electronic check,115.29,1959.93,No
41250794,Female,0,No,No,62,Yes,No,Fiber optic,Yes,No,No,Yes,Yes,Yes,Two year,Yes,Electronic check,85.29,5373.27,No
17045237,Female,0,No,No,21,Yes,Yes,No,No internet service,No internet service,No internet service,No internet service,No internet service,No internet service,Month-to-month,No,Electronic check,57.32,1261.04,No
23448342,Male,0,No,No,0,Yes,No,DSL,No,Yes,No,Yes,Yes,No,Month-to-month,Yes,Bank transfer (automatic),101.67,101.67,No
65472370,Female,0,No,No,69,Yes,No,DSL,Yes,No,Yes,No,No,No,Month-to-month,Yes,Credit card (automatic),18.0,1256.4,Yes
54331259,Male,0,Yes,Yes,53,Yes,No,Fiber optic,No,Yes,No,Yes,Yes,No,Two year,Yes,Mailed check,68.39,3693.06,No
73404979,Male,1,No,Yes,13,Yes,No,DSL,No,No,Yes,Yes,No,Yes,Two year,Yes,Electronic check,78.82,1103.48,No
23494908,Male,0,Yes,No,52,Yes,Yes,Fiber optic,Yes,Yes,No,No,Yes,No,Two year,No,Credit card (automatic),87.69,4647.57,No
28450513,Male,0,No,No,5,Yes,No,DSL,No,No,No,No,Yes,Yes,Month-to-month,Yes,Bank transfer (automatic),45.22,271.32,Yes
10695441,Female,0,No,No,63,Yes,No,Fiber optic,No,No,Yes,Yes,Yes,No,One year,Yes,Electronic check,44.71,2861.44,No
83867070,Female,0,No,No,32,No,No phone service,Fiber optic,Yes,Yes,No,Yes,No,No,Two year,Yes,Electronic check,116.21,3834.93,No
31198492,Female,0,Yes,No,71,Yes,No,DSL,No,No,No,Yes,No,No,Two year,Yes,Mailed check,70.48,5074.56,No
64614193,Female,0,Yes,Yes,43,Yes,No,No,No internet service,No internet service,No internet service,No internet service,No internet service,No internet service,Two year,No,Electronic check,74.78,3290.32,No
97629787,Female,0,Yes,No,33,Yes,No,No,No internet service,No internet service,No internet service,No internet service,No internet service,No internet service,One year,Yes,Credit card (automatic),48.14,1636.76,No
73847325,Female,0,No,No,33,Yes,Yes,Fiber optic,No,Yes,No,Yes,Yes,No,Month-to-month,Yes,Electronic check,42.48,1435.82,Yes
74082055,Female,0,No,No,23,Yes,No,Fiber optic,No,No,No,Yes,Yes,No,Month-to-month,Yes,Credit card (automatic),52.97,1273.93,No
97313825,Male,0,Yes,Yes,1,Yes,No,DSL,Yes,No,No,Yes,No,Yes,Month-to-month,No,Bank transfer (automatic),105.87,211.74,No
36770527,Male,0,No,No,7,Yes,Yes,Fiber optic,No,No,No,Yes,Yes,Yes,Month-to-month,Yes,Electronic check,51.34,413.29,Yes
48553376,Female,0,No,No,24,Yes,No,Fiber optic,No,Yes,Yes,Yes,Yes,Yes,Month-to-month,Yes,Electronic check,62.91,1575.9,Yes
53106399,Male,0,Yes,No,31,Yes,Yes,DSL,Yes,Yes,No,No,No,No,Two year,No,Mailed check,118.38,3788.16,No
48307798,Female,1,Yes,No,55,Yes,No,DSL,No,Yes,Yes,No,No,No,Two year,Yes,Electronic check,134.1,7509.6,Yes
96690951,Female,0,No,Yes,6,Yes,No,DSL,No,No,No,Yes,No,No,Month-to-month,No,Credit card (automatic),26.0,182.0,No
17940667,Male,0,No,No,47,Yes,Yes,DSL,No,No,No,Yes,Yes,Yes,Month-to-month,Yes,Electronic check,18.0,864.0,Yes
22007214,Female,0,No,No,53,Yes,Yes,Fiber optic,No,No,Yes,No,No,No,Two year,Yes,Electronic check,48.62,2627.91,No
97550053,Female,0,No,No,62,Yes,No,No,No internet service,No internet service,No internet service,No internet service,No internet service,No internet service,Month-to-month,No,Bank transfer (automatic),40.66,2561.58,No
87058874,Male,1,No,No,72,Yes,No,Fiber optic,Yes,No,Yes,No,Yes,Yes,One year,Yes,Electronic check,84.31,6154.63,No
41168067,Male,0,Yes,No,1,Yes,Yes,Fiber optic,Yes,No,No,No,Yes,Yes,Month-to-month,Yes,Credit card (automatic),69.59,139.18,No
81826922,Male,0,No,No,34,Yes,No,Fiber optic,No,No,Yes,Yes,No,Yes,Month-to-month,No,Bank transfer (automatic),66.12,2314.2,No
15006085,Male,0,Yes,No,21,Yes,No,Fiber optic,Yes,No,No,No,No,No,Month-to-month,Yes,Bank transfer (automatic),96.32,2119.04,No
33496796,Male,0,Yes,Yes,63,Yes,Yes,Fiber optic,No,Yes,Yes,Yes,Yes,No,Month-to-month,No,Electronic check,18.0,1152.0,No
66087572,Female,0,Yes,No,58,Yes,No,Fiber optic,Yes,Yes,Yes,Yes,Yes,No,One year,Yes,Credit card (automatic),51.46,3036.14,No
33593960,Female,0,Yes,No,48,Yes,Yes,DSL,No,No,No,No,Yes,No,Month-to-month,No,Electronic check,66.51,3258.99,Yes
14877451,Female,0,No,Yes,51,Yes,Yes,Fiber optic,No,No,No,No,No,No,Month-to-month,Yes,Electronic check,100.96,5249.92,Yes
63283709,Female,0,No,Yes,20,Yes,No,Fiber optic,No,Yes,No,Yes,No,No,One year,Yes,Mailed check,68.24,1433.04,No
76489301,Male,0,Yes,Yes,11,Yes,Yes,DSL,Yes,Yes,No,No,No,Yes,Month-to-month,No,Electronic check,82.34,988.08,Yes
35006323,Female,0,No,No,10,Yes,No,DSL,No,Yes,No,No,No,No,Two year,Yes,Credit card (automatic),60.23,662.53,No
48851599,Male,0,No,No,53,Yes,No,DSL,No,Yes,No,No,No,No,Month-to-month,No,Mailed check,68.71,3710.34,No
15028625,Male,0,No,Yes,69,Yes,No,Fiber optic,No,No,No,Yes,Yes,No,Month-to-month,Yes,Bank transfer (automatic),61.21,4284.7,No
11243818,Male,0,No,Yes,13,Yes,Yes,Fiber optic,No,Yes,Yes,Yes,No,Yes,Month-to-month,Yes,Mailed check,63.1,883.4,No
50049524,Male,0,Yes,No,32,Yes,Yes,DSL,Yes,Yes,No,No,No,Yes,One year,Yes,Electronic check,72.27,2384.91,No
86230551,Male,0,No,Yes,25,Yes,Yes,DSL,Yes,No,Yes,No,No,No,Month-to-month,No,Electronic check,113.39,2948.14,No
90904160,Female,0,No,No,13,Yes,No,DSL,Yes,No,No,Yes,No,No,Month-to-month,Yes,Credit card (automatic),82.43,1154.02,No
24401654,Male,0,No,No,47,Yes,No,No,No internet service,No internet service,No internet service,No internet service,No internet service,No internet service,One year,Yes,Electronic check,63.83,3063.84,No
54968591,Female,0,No,No,64,Yes,Yes,DSL,No,No,No,Yes,Yes,Yes,Two year,Yes,Electronic check,86.33,5594.18,Yes
48193218,Male,1,No,No,45,Yes,No,DSL,Yes,No,No,No,Yes,No,Two year,Yes,Mailed check,75.47,3471.62,Yes
70981700,Female,0,No,No,54,Yes,Yes,Fiber optic,No,No,Yes,No,No,Yes,One year,Yes,Electronic check,87.62,4801.58,No
96075494,Male,0,No,Yes,67,Yes,Yes,DSL,Yes,No,Yes,No,Yes,No,Month-to-month,Yes,Bank transfer (automatic),58.18,3956.24,No
82920556,Male,0,No,No,11,Yes,Yes,Fiber optic,No,No,Yes,Yes,Yes,No,Two year,Yes,Mailed check,84.76,1017.12,No
80372842,Female,1,Yes,No,53,Yes,No,DSL,Yes,No,Yes,Yes,No,Yes,Two year,Yes,Credit card (automatic),85.3,4606.2,No
76291802,Female,0,Yes,Yes,63,Yes,Yes,No,No internet service,No internet service,No internet service,No internet service,No internet service,No internet service,Month-to-month,Yes,Mailed check,27.42,1754.88,No
28012011,Male,1,Yes,No,46,Yes,No,No,No internet service,No internet service,No internet service,No internet service,No internet service,No internet service,Month-to-month,No,Bank transfer (automatic),58.45,2750.07,No
77674279,Female,1,No,No,36,Yes,Yes,Fiber optic,No,No,Yes,No,No,Yes,Month-to-month,Yes,Credit card (automatic),64.87,2400.19,Yes
72816684,Male,0,No,Yes,40,Yes,No,Fiber optic,No,Yes,Yes,No,No,No,Month-to-month,Yes,Credit card (automatic),60.23,2457.38,No
46619573,Male,1,Yes,No,26,Yes,No,Fiber optic,No,No,Yes,Yes,No,No,Month-to-month,Yes,Bank transfer (automatic),39.14,1048.95,No
35878707,Female,0,No,No,41,Yes,Yes,No,No internet service,No internet service,No internet service,No internet service,No internet service,No internet service,Month-to-month,Yes,Credit card (automatic),18.0,756.0,No
25119192,Female,1,No,No,67,No,No phone service,Fiber optic,No,No,Yes,No,Yes,No,Month-to-month,Yes,Electronic check,100.84,6836.95,No
54383668,Female,0,No,No,28,Yes,No,DSL,No,No,No,Yes,Yes,Yes,Two year,Yes,Bank transfer (automatic),18.0,522.0,No
31809610,Male,0,Yes,No,35,Yes,No,DSL,No,Yes,No,Yes,No,Yes,Two year,Yes,Electronic check,129.36,4656.96,No
71594457,Female,0,No,No,56,Yes,Yes,DSL,Yes,Yes,Yes,Yes,No,No,Month-to-month,Yes,Electronic check,62.91,3585.87,No
97011385,Male,0,No,Yes,11,Yes,No,Fiber optic,Yes,Yes,No,Yes,Yes,No,One year,Yes,Electronic check,49.98,599.76,No
44529507,Male,0,No,No,44,Yes,No,DSL,No,No,No,No,No,No,Two year,No,Credit card (automatic),23.5,1057.5,No
34991216,Male,0,No,No,19,Yes,No,Fiber optic,No,No,Yes,Yes,Yes,No,Month-to-month,Yes,Mailed check,20.2,404.0,Yes
11890348,Male,0,No,No,44,Yes,No,Fiber optic,No,Yes,Yes,Yes,Yes,Yes,Two year,Yes,Bank transfer (automatic),43.25,1946.25,No
55246430,Male,0,Yes,No,22,Yes,No,No,No internet service,No internet service,No internet service,No internet service,No internet service,No internet service,Month-to-month,Yes,Mailed check,75.72,1726.42,No
49597485,Female,0,No,No,61,Yes,No,Fiber optic,No,No,No,No,No,No,Two year,Yes,Electronic check,112.37,6966.94,No
86206305,Male,0,Yes,No,33,Yes,Yes,Fiber optic,No,Yes,Yes,No,No,No,Two year,No,Credit card (automatic),23.52,799.68,No
35925669,Male,0,Yes,No,20,Yes,No,Fiber optic,No,Yes,Yes,Yes,Yes,Yes,Month-to-month,Yes,Bank transfer (automatic),80.77,1696.17,Yes
33554528,Male,0,Yes,Yes,50,Yes,No,No,No internet service,No internet service,No internet service,No internet service,No internet service,No internet service,Month-to-month,Yes,Bank transfer (automatic),18.0,918.0,Yes
92000924,Male,0,Yes,No,8,No,No phone service,DSL,No,No,No,No,No,No,Month-to-month,Yes,Mailed check,42.82,385.38,No
95728324,Female,0,Yes,No,9,Yes,No,DSL,No,No,No,No,No,No,Month-to-month,Yes,Electronic check,85.07,850.7,Yes
64423996,Female,0,No,No,51,Yes,Yes,Fiber optic,Yes,No,Yes,No,No,Yes,Two year,No,Credit card (automatic),39.49,2053.48,No
67405358,Male,1,No,No,44,Yes,No,Fiber optic,Yes,No,Yes,Yes,No,No,One year,No,Bank transfer (automatic),116.31,5233.95,No
79159799,Female,0,Yes,No,51,Yes,No,Fiber optic,Yes,No,Yes,Yes,Yes,No,Month-to-month,No,Mailed check,92.64,4798.75,No
54013571,Male,1,No,No,29,Yes,No,Fiber optic,No,No,No,Yes,No,No,Two year,Yes,Credit card (automatic),84.87,2546.1,No
21641746,Male,0,Yes,Yes,63,Yes,No,DSL,Yes,Yes,No,Yes,No,No,Month-to-month,No,Electronic check,53.26,3408.64,Yes
63798927,Female,0,Yes,Yes,1,Yes,No,DSL,No,No,No,Yes,No,Yes,One year,Yes,Electronic check,44.0,88.0,No
99826000,Male,0,No,Yes,48,No,No phone service,No,No internet service,No internet service,No internet service,No internet service,No internet service,No internet service,Month-to-month,Yes,Electronic check,56.3,2758.7,No
22802372,Female,0,No,No,44,Yes,No,DSL,No,No,Yes,Yes,Yes,No,Month-to-month,No,Mailed check,77.5,3487.5,Yes
34800912,Male,0,No,Yes,16,No,No phone service,Fiber optic,No,No,Yes,No,No,No,One year,Yes,Credit card (automatic),77.48,1317.16,No
28872606,Male,0,Yes,No,27,Yes,No,Fiber optic,No,Yes,No,Yes,Yes,No,Two year,Yes,Credit card (automatic),45.43,1272.04,No
74082804,Male,0,No,No,44,No,No phone service,DSL,Yes,No,Yes,No,Yes,No,Month-to-month,No,Mailed check,48.21,2159.81,Yes
53433080,Female,0,No,No,16,Yes,Yes,DSL,Yes,Yes,Yes,Yes,Yes,Yes,Month-to-month,Yes,Bank transfer (automatic),23.57,400.69,No
43292316,Female,0,No,No,58,No,No phone service,DSL,Yes,No,Yes,No,No,No,Month-to-month,Yes,Electronic check,138.39,8165.01,No
10916723,Male,0,Yes,Yes,13,Yes,No,Fiber optic,No,Yes,Yes,Yes,Yes,No,Two year,No,Credit card (automatic),43.07,602.98,No
45002007,Male,0,No,No,9,Yes,Yes,DSL,Yes,No,No,No,No,No,Two year,Yes,Electronic check,19.47,194.7,No
61482483,Male,0,No,Yes,17,Yes,Yes,DSL,Yes,Yes,No,Yes,Yes,No,Month-to-month,Yes,Mailed check,18.0,324.0,No
41611127,Female,0,No,No,34,Yes,Yes,DSL,No,No,Yes,No,Yes,No,Two year,Yes,Credit card (automatic),49.85,1744.75,No
69959826,Female,0,Yes,Yes,47,Yes,No,DSL,Yes,No,No,Yes,No,Yes,Month-to-month,No,Mailed check,82.18,3944.64,No
45835371,Female,0,No,No,57,Yes,No,DSL,No,Yes,No,Yes,No,No,Month-to-month,Yes,Credit card (automatic),66.86,3877.88,No
54241559,Male,1,Yes,No,17,Yes,No,DSL,No,No,Yes,Yes,Yes,Yes,Month-to-month,Yes,Electronic check,64.33,1157.94,Yes
50526484,Female,0,No,No,51,No,No phone service,DSL,No,No,No,No,No,No,Month-to-month,No,Electronic check,91.89,4778.28,Yes
88176558,Female,0,Yes,No,29,Yes,No,Fiber optic,No,No,No,Yes,No,No,Two year,Yes,Mailed check,87.51,2625.3,Yes
86890296,Male,0,Yes,Yes,36,No,No phone service,DSL,Yes,Yes,Yes,No,Yes,No,One year,No,Credit card (automatic),43.05,1592.85,No
11534878,Female,0,No,No,39,No,No phone service,Fiber optic,Yes,Yes,No,Yes,No,Yes,Month-to-month,Yes,Credit card (automatic),77.82,3112.8,No
45105069,Male,0,Yes,No,5,Yes,No,Fiber optic,Yes,Yes,No,Yes,No,No,Two year,Yes,Electronic check,72.08,432.48,No
97735896,Male,0,Yes,No,34,Yes,Yes,No,No internet service,No internet service,No internet service,No internet service,No internet service,No internet service,One year,Yes,Credit card (automatic),52.23,1828.05,No
58258264,Male,0,Yes,No,25,Yes,No,DSL,No,No,Yes,No,No,No,Two year,Yes,Bank transfer (automatic),112.88,2934.88,No
41715995,Female,0,Yes,Yes,29,Yes,Yes,DSL,No,Yes,No,No,Yes,No,One year,Yes,Mailed check,46.69,1403.03,No
18338186,Female,0,No,No,23,Yes,No,No,No internet service,No internet service,No internet service,No internet service,No internet service,No internet service,Month-to-month,Yes,Electronic check,52.7,1264.8,No
99628735,Male,0,No,No,54,Yes,No,No,No internet service,No internet service,No internet service,No internet service,No internet service,No internet service,Month-to-month,Yes,Electronic check,55.72,3064.6,No
25867870,Male,0,No,No,8,Yes,Yes,DSL,No,Yes,No,No,Yes,Yes,Month-to-month,Yes,Bank transfer (automatic),97.8,880.2,No
72464258,Male,0,Yes,No,61,Yes,No,DSL,No,Yes,No,Yes,No,No,Month-to-month,No,Mailed check,102.62,6367.57,No
51178850,Female,0,No,No,17,Yes,Yes,No,No internet service,No internet service,No internet service,No internet service,No internet service,No internet service,Month-to-month,Yes,Electronic check,110.51,1994.71,No
31436829,Male,0,No,Yes,50,Yes,Yes,DSL,No,No,No,Yes,No,No,Month-to-month,Yes,Credit card (automatic),93.23,4754.73,No
64414096,Male,0,No,Yes,18,Yes,No,No,No internet service,No internet service,No internet service,No internet service,No internet service,No internet service,Month-to-month,Yes,Bank transfer (automatic),67.0,1273.0,No
77447155,Male,0,No,No,68,Yes,No,No,No internet service,No internet service,No internet service,No internet service,No internet service,No internet service,One year,Yes,Credit card (automatic),98.84,6819.96,No
51738753,Male,1,No,No,32,Yes,Yes,DSL,No,Yes,Yes,No,Yes,No,Two year,Yes,Bank transfer (automatic),81.26,2685.64,No
25759274,Male,0,No,No,37,Yes,No,No,No internet service,No internet service,No internet service,No internet service,No internet service,No internet service,One year,No,Bank transfer (automatic),66.29,2519.02,No
95726382,Male,0,Yes,No,12,Yes,No,Fiber optic,No,Yes,No,No,Yes,Yes,Month-to-month,No,Electronic check,56.08,729.04,No
49599276,Female,0,Yes,No,48,Yes,No,Fiber optic,No,Yes,No,Yes,No,No,Month-to-month,Yes,Mailed check,64.85,3177.65,Yes
59330907,Female,0,No,No,72,Yes,Yes,Fiber optic,Yes,No,No,No,Yes,Yes,One year,Yes,Credit card (automatic),55.7,4066.1,No
92493631,Female,0,No,No,52,Yes,Yes,DSL,Yes,No,No,No,No,No,Two year,Yes,Credit card (automatic),82.46,4370.38,No
39641883,Female,0,Yes,Yes,0,No,No phone service,Fiber optic,Yes,Yes,No,No,Yes,No,Month-to-month,No,Credit card (automatic),63.62,63.62,No
39410942,Female,0,Yes,No,11,No,No phone service,DSL,Yes,No,No,No,No,Yes,Month-to-month,Yes,Credit card (automatic),84.65,1015.8,No
27927298,Female,0,No,No,23,Yes,Yes,No,No internet service,No internet service,No internet service,No internet service,No internet service,No internet service,Month-to-month,No,Electronic check,85.22,2045.28,Yes
74180488,Female,0,No,Yes,0,Yes,No,Fiber optic,No,Yes,No,No,No,No,One year,No,Electronic check,70.22,56.18,No
30560218,Female,0,Yes,No,67,Yes,No,DSL,No,Yes,No,No,Yes,No,Month-to-month,No,Credit card (automatic),56.46,3839.28,No
71066203,Male,0,Yes,No,6,Yes,No,DSL,No,Yes,Yes,Yes,No,Yes,Month-to-month,Yes,Electronic check,42.76,299.32,No
91300905,Male,0,No,No,68,Yes,Yes,No,No internet service,No internet service,No internet service,No internet service,No internet service,No internet service,Month-to-month,No,Credit card (automatic),66.76,4606.44,Yes
60147077,Female,0,No,No,38,Yes,Yes,DSL,Yes,No,Yes,Yes,Yes,No,Two year,Yes,Credit card (automatic),78.8,3073.2,No
65813853,Male,0,Yes,Yes,31,Yes,No,No,No internet service,No internet service,No internet service,No internet service,No internet service,No internet service,Month-to-month,No,Bank transfer (automatic),29.05,923.79,No
83717007,Male,0,No,Yes,48,No,No phone service,DSL,No,No,Yes,No,No,No,Month-to-month,Yes,Credit card (automatic),18.0,882.0,No
73193474,Female,0,No,Yes,30,Yes,No,Fiber optic,No,Yes,Yes,No,Yes,No,Month-to-month,No,Bank transfer (automatic),66.33,2056.23,No
82144402,Female,0,No,No,2,Yes,No,No,No internet service,No internet service,No internet service,No internet service,No internet service,No internet service,Two year,Yes,Electronic check,43.15,129.45,No
99133246,Male,0,No,Yes,46,Yes,No,DSL,Yes,Yes,No,No,Yes,No,Month-to-month,Yes,Credit card (automatic),100.28,4718.17,No
39314711,Male,0,No,No,14,Yes,No,DSL,No,No,Yes,Yes,No,No,Two year,Yes,Mailed check,109.15,1637.25,No
43214247,Male,0,Yes,No,50,No,No phone service,No,No internet service,No internet service,No internet service,No internet service,No internet service,No internet service,Month-to-month,Yes,Electronic check,39.66,2022.66,Yes
89968863,Female,0,Yes,Yes,20,Yes,Yes,Fiber optic,No,Yes,No,No,No,Yes,Two year,Yes,Credit card (automatic),18.92,397.32,No
20988446,Female,0,Yes,No,40,Yes,Yes,Fiber optic,No,Yes,Yes,No,Yes,Yes,Month-to-month,Yes,Bank transfer (automatic),87.27,3578.07,No
80532309,Female,0,Yes,No,2,Yes,Yes,No,No internet service,No internet service,No internet service,No internet service,No internet service,No internet service,Month-to-month,No,Electronic check,76.11,228.33,Yes
69961498,Female,0,Yes,No,0,Yes,No,Fiber optic,No,No,No,No,Yes,Yes,Month-to-month,No,Credit card (automatic),81.81,81.81,No
80890196,Female,0,Yes,No,20,Yes,No,No,No internet service,No internet service,No internet service,No internet service,No internet service,No internet service,Month-to-month,No,Credit card (automatic),93.02,1934.82,No
58557943,Female,0,No,No,20,No,No phone service,Fiber optic,Yes,Yes,Yes,Yes,No,Yes,Month-to-month,No,Electronic check,57.45,1194.96,Yes
20482769,Male,0,No,No,48,Yes,No,Fiber optic,No,No,No,Yes,Yes,No,Month-to-month,Yes,Electronic check,64.09,3140.41,No
85721444,Male,1,No,No,64,Yes,No,DSL,No,Yes,Yes,Yes,Yes,Yes,Two year,No,Electronic check,94.37,6134.05,No
25060409,Female,0,No,Yes,40,Yes,No,No,No internet service,No internet service,No internet service,No internet service,No internet service,No internet service,Month-to-month,Yes,Credit card (automatic),83.38,3418.58,Yes
18289024,Male,1,Yes,No,66,Yes,No,Fiber optic,No,Yes,Yes,No,No,Yes,One year,Yes,Bank transfer (automatic),131.41,8804.47,Yes
83504237,Female,1,Yes,No,41,Yes,Yes,DSL,Yes,No,Yes,No,No,No,One year,Yes,Credit card (automatic),78.81,3310.02,No
77845324,Female,0,Yes,No,68,Yes,Yes,Fiber optic,No,No,No,No,No,No,Month-to-month,Yes,Credit card (automatic),77.7,5361.3,Yes
37133023,Female,1,No,Yes,56,Yes,No,Fiber optic,Yes,No,Yes,No,Yes,Yes,Month-to-month,Yes,Bank transfer (automatic),96.44,5477.79,No
86866717,Male,0,Yes,No,42,Yes,No,Fiber optic,No,No,No,Yes,No,Yes,Two year,No,Electronic check,131.98,5675.14,No
82029307,Male,0,No,No,11,Yes,No,No,No internet service,No internet service,No internet service,No internet service,No internet service,No internet service,Month-to-month,Yes,Bank transfer (automatic),91.44,1097.28,No
30112846,Male,0,No,Yes,63,Yes,Yes,DSL,No,No,Yes,No,Yes,Yes,Month-to-month,No,Bank transfer (automatic),61.39,3932.03,No
32083803,Female,0,Yes,No,50,Yes,Yes,No,No internet service,No internet service,No internet service,No internet service,No internet service,No internet service,Two year,Yes,Electronic check,50.17,2558.67,No
54039203,Male,0,Yes,Yes,72,Yes,No,DSL,No,Yes,Yes,No,No,No,Month-to-month,Yes,Credit card (automatic),74.87,5465.51,No
79839059,Female,0,No,Yes,59,Yes,No,Fiber optic,Yes,No,No,No,Yes,Yes,Two year,Yes,Bank transfer (automatic),37.0,2221.85,No
69302835,Male,0,No,No,70,No,No phone service,Fiber optic,Yes,No,Yes,No,No,No,Month-to-month,Yes,Credit card (automatic),89.37,6345.27,No
25601471,Male,0,No,No,27,Yes,Yes,DSL,Yes,No,No,No,Yes,Yes,Two year,No,Credit card (automatic),78.93,2210.04,No
37568520,Female,0,Yes,No,70,Yes,No,Fiber optic,No,No,Yes,Yes,Yes,Yes,Month-to-month,Yes,Electronic check,85.55,6074.05,Yes
88268756,Male,1,No,No,13,Yes,No,No,No internet service,No internet service,No internet service,No internet service,No internet service,No internet service,Month-to-month,No,Electronic check,18.0,248.4,No
75609379,Male,0,Yes,No,31,Yes,No,DSL,No,No,No,No,No,No,One year,Yes,Credit card (automatic),110.41,3533.12,Yes
22205980,Female,0,No,No,7,Yes,No,DSL,No,Yes,Yes,No,No,Yes,Two year,No,Bank transfer (automatic),36.37,290.96,No
78501420,Male,0,No,No,26,Yes,No,Fiber optic,Yes,Yes,No,No,Yes,No,Month-to-month,Yes,Electronic check,32.24,870.48,Yes
69791674,Female,0,No,Yes,49,No,No phone service,Fiber optic,No,No,No,No,Yes,Yes,Two year,Yes,Mailed check,18.0,900.0,No
17467311,Male,0,Yes,No,58,Yes,Yes,No,No internet service,No internet service,No internet service,No internet service,No internet service,No internet service,One year,Yes,Electronic check,51.85,3061.74,No
70858653,Male,0,No,Yes,56,Yes,No,DSL,Yes,Yes,No,Yes,Yes,No,Month-to-month,Yes,Bank transfer (automatic),74.6,4252.2,No
27709269,Male,0,Yes,No,2,Yes,Yes,No,No internet service,No internet service,No internet service,No internet service,No internet service,No internet service,Month-to-month,Yes,Electronic check,66.93,200.79,No
78886959,Male,0,Yes,Yes,26,Yes,Yes,Fiber optic,Yes,No,No,Yes,No,Yes,Month-to-month,No,Bank transfer (automatic),90.88,2453.76,Yes
65757342,Male,1,Yes,Yes,33,Yes,Yes,DSL,No,No,No,No,No,No,Two year,Yes,Electronic check,108.28,3681.52,No
71310453,Female,0,No,No,25,Yes,No,No,No internet service,No internet service,No internet service,No internet service,No internet service,No internet service,Month-to-month,Yes,Bank transfer (automatic),110.81,2881.06,No
85686878,Male,0,No,No,39,Yes,No,DSL,Yes,Yes,No,Yes,Yes,No,One year,Yes,Electronic check,62.32,2480.34,No
17749299,Female,0,Yes,No,31,No,No phone service,Fiber optic,Yes,Yes,No,No,Yes,No,Month-to-month,No,Electronic check,65.62,2099.84,No
85000490,Male,0,No,No,40,Yes,No,Fiber optic,Yes,No,Yes,Yes,Yes,No,One year,Yes,Mailed check,65.88,2687.9,No
72059365,Female,0,Yes,Yes,1,Yes,No,Fiber optic,No,Yes,No,Yes,Yes,Yes,Two year,Yes,Electronic check,57.61,103.7,No
51361818,Female,0,Yes,No,71,Yes,No,Fiber optic,Yes,No,Yes,Yes,Yes,No,Two year,No,Credit card (automatic),130.74,9413.28,No
12921981,Male,0,Yes,No,6,Yes,Yes,Fiber optic,Yes,Yes,Yes,Yes,No,Yes,Month-to-month,Yes,Electronic check,79.37,555.59,Yes
63143336,Female,0,No,No,18,Yes,No,DSL,Yes,No,Yes,No,Yes,Yes,Two year,No,Electronic check,85.23,1619.37,No
44152669,Male,0,No,No,32,Yes,No,Fiber optic,Yes,No,No,No,Yes,Yes,One year,Yes,Credit card (automatic),90.41,2983.53,No
10404729,Female,0,No,No,1,No,No phone service,No,No internet service,No internet service,No internet service,No internet service,No internet service,No internet service,Two year,Yes,Electronic check,106.42,212.84,Yes
39246218,Female,0,No,No,66,Yes,No,Fiber optic,No,No,No,Yes,No,No,One year,Yes,Credit card (automatic),63.12,4229.04,No
87619624,Male,0,Yes,No,14,Yes,Yes,No,No internet service,No internet service,No internet service,No internet service,No internet service,No internet service,Two year,No,Credit card (automatic),85.36,1280.4,No
19801857,Female,0,No,No,20,Yes,No,Fiber optic,No,No,Yes,No,No,No,Month-to-month,Yes,Electronic check,87.64,1840.44,No
16078694,Female,0,Yes,No,58,Yes,Yes,Fiber optic,Yes,No,Yes,Yes,No,Yes,Month-to-month,No,Electronic check,23.21,1369.39,No
66867700,Male,0,No,No,38,Yes,Yes,Fiber optic,No,No,No,Yes,No,No,Two year,Yes,Bank transfer (automatic),55.37,2148.36,No
56241881,Female,0,No,No,19,Yes,No,DSL,Yes,No,No,No,No,Yes,Month-to-month,No,Credit card (automatic),65.07,1301.4,No
18557710,Male,0,No,No,0,Yes,Yes,No,No internet service,No internet service,No internet service,No internet service,No internet service,No internet service,Month-to-month,Yes,Mailed check,99.69,99.69,No
82633735,Female,0,No,No,72,No,No phone service,No,No internet service,No internet service,No internet service,No internet service,No internet service,No internet service,Month-to-month,Yes,Credit card (automatic),174.75,12756.75,No
18087373,Female,0,No,Yes,8,Yes,No,No,No internet service,No internet service,No internet service,No internet service,No internet service,No internet service,One year,Yes,Electronic check,56.9,500.72,No
19263592,Male,1,Yes,No,50,Yes,No,Fiber optic,Yes,No,No,No,Yes,No,Month-to-month,No,Bank transfer (automatic),55.63,2837.13,Yes
73360324,Female,0,No,Yes,37,Yes,Yes,No,No internet service,No internet service,No internet service,No internet service,No internet service,No internet service,One year,Yes,Mailed check,83.27,3164.26,No
14259382,Female,0,Yes,Yes,14,Yes,No,Fiber optic,No,No,No,No,Yes,No,One year,No,Electronic check,18.23,273.45,Yes
48532662,Female,0,Yes,Yes,40,Yes,No,Fiber optic,No,No,No,Yes,Yes,Yes,Month-to-month,Yes,Bank transfer (automatic),18.0,738.0,No
64877191,Female,0,No,Yes,46,Yes,Yes,No,No internet service,No internet service,No internet service,No internet service,No internet service,No internet service,Month-to-month,Yes,Electronic check,65.88,3096.36,Yes
34156684,Male,0,No,No,25,No,No phone service,Fiber optic,Yes,No,No,Yes,Yes,Yes,Month-to-month,Yes,Electronic check,53.75,1397.5,No
28176954,Female,0,Yes,No,53,Yes,No,Fiber optic,Yes,No,Yes,No,No,No,Month-to-month,No,Bank transfer (automatic),103.51,5594.72,Yes
96104027,Male,0,No,No,69,Yes,No,DSL,No,No,No,Yes,Yes,No,One year,Yes,Mailed check,58.82,4117.4,No
96688655,Male,0,No,No,38,Yes,No,No,No internet service,No internet service,No internet service,No internet service,No internet service,No internet service,Month-to-month,No,Credit card (automatic),30.81,1201.59,No
66420024,Female,0,No,Yes,16,Yes,No,DSL,No,No,Yes,No,No,Yes,One year,Yes,Bank transfer (automatic),39.46,670.82,Yes
60259293,Male,0,No,No,69,Yes,Yes,DSL,No,Yes,Yes,No,No,Yes,Two year,No,Electronic check,105.65,7395.5,No
61335545,Female,0,No,No,8,Yes,No,DSL,No,Yes,Yes,No,No,Yes,Two year,Yes,Bank transfer (automatic),48.11,432.99,No
70201634,Male,0,Yes,Yes,45,Yes,No,Fiber optic,No,No,Yes,Yes,No,No,Two year,No,Electronic check,59.66,2744.36,No
60666702,Female,0,No,Yes,5,Yes,No,DSL,No,No,No,No,Yes,No,Two year,No,Electronic check,60.92,365.52,No
60418290,Male,0,No,No,67,Yes,Yes,Fiber optic,No,No,Yes,No,No,Yes,One year,Yes,Bank transfer (automatic),52.53,3572.04,Yes
20770971,Male,0,No,Yes,15,No,No phone service,DSL,No,No,No,No,No,Yes,Two year,No,Bank transfer (automatic),79.16,1266.56,No
98824290,Female,0,No,No,28,Yes,Yes,Fiber optic,No,No,No,Yes,No,No,Two year,No,Bank transfer (automatic),123.16,3571.64,No
82383656,Male,0,Yes,Yes,40,Yes,Yes,DSL,No,Yes,Yes,No,Yes,Yes,Two year,Yes,Bank transfer (automatic),86.55,3548.55,No
27849589,Male,0,Yes,Yes,67,Yes,Yes,DSL,Yes,Yes,Yes,No,Yes,No,One year,Yes,Electronic check,94.64,6435.52,No
97715861,Female,0,Yes,Yes,61,Yes,No,No,No internet service,No internet service,No internet service,No internet service,No internet service,No internet service,Month-to-month,Yes,Credit card (automatic),41.08,2546.96,No
56676884,Female,1,Yes,No,39,Yes,Yes,Fiber optic,No,No,Yes,Yes,Yes,No,Month-to-month,No,Credit card (automatic),81.15,3229.77,No
25922674,Male,0,Yes,Yes,61,Yes,Yes,DSL,No,No,No,Yes,Yes,Yes,Month-to-month,Yes,Mailed check,111.05,6890.65,No
33954324,Male,0,Yes,Yes,23,Yes,No,No,No internet service,No internet service,No internet service,No internet service,No internet service,No internet service,Two year,No,Bank transfer (automatic),63.04,1500.35,No
82109613,Male,0,No,No,5,Yes,No,DSL,Yes,Yes,No,Yes,Yes,Yes,One year,Yes,Credit card (automatic),69.88,422.77,No
62755436,Male,0,No,No,39,Yes,No,DSL,Yes,No,No,No,Yes,No,Month-to-month,Yes,Bank transfer (automatic),92.91,3716.4,No
80980044,Male,0,No,No,69,Yes,Yes,Fiber optic,Yes,No,No,No,No,Yes,Two year,No,Mailed check,115.9,8113.0,No
27092236,Male,0,No,No,57,Yes,No,DSL,No,No,No,Yes,Yes,Yes,Two year,No,Bank transfer (automatic),105.61,6125.38,No
39888974,Female,0,Yes,No,13,Yes,No,DSL,No,No,Yes,Yes,No,Yes,Two year,No,Credit card (automatic),31.97,447.58,No
10466177,Female,0,Yes,Yes,44,Yes,No,No,No internet service,No internet service,No internet service,No internet service,No internet service,No internet service,Month-to-month,Yes,Electronic check,80.1,3604.5,No
13051483,Male,0,No,No,5,Yes,No,DSL,Yes,No,Yes,No,No,Yes,One year,No,Credit card (automatic),51.81,310.86,No
50045602,Male,0,No,No,22,Yes,No,DSL,Yes,Yes,No,Yes,No,Yes,Two year,No,Credit card (automatic),60.36,1388.28,No
72143331,Female,0,No,No,61,Yes,Yes,No,No internet service,No internet service,No internet service,No internet service,No internet service,No internet service,Month-to-month,Yes,Credit card (automatic),30.9,1915.8,Yes
83074216,Female,0,Yes,No,16,Yes,Yes,Fiber optic,No,Yes,Yes,Yes,Yes,No,One year,No,Electronic check,62.01,1054.17,No
66925500,Male,0,Yes,Yes,69,Yes,No,DSL,No,Yes,Yes,No,No,No,Month-to-month,No,Electronic check,44.48,3113.6,Yes
81394920,Male,1,No,No,27,Yes,Yes,Fiber optic,Yes,No,Yes,Yes,No,No,Two year,Yes,Bank transfer (automatic),65.19,1825.32,No
60905625,Female,0,No,No,12,Yes,No,DSL,No,Yes,Yes,No,No,Yes,Two year,No,Electronic check,84.78,1102.14,No
40824989,Female,0,No,No,28,Yes,No,Fiber optic,No,Yes,No,No,Yes,Yes,Month-to-month,Yes,Mailed check,78.48,2275.92,Yes
43220503,Female,1,No,No,44,Yes,No,Fiber optic,No,No,No,Yes,No,No,Month-to-month,No,Electronic check,96.56,4345.2,Yes
71824078,Female,0,No,No,19,No,No phone service,No,No internet service,No internet service,No internet service,No internet service,No internet service,No internet service,Month-to-month,Yes,Mailed check,55.39,1107.8,No
56460773,Female,0,No,Yes,57,No,No phone service,DSL,No,Yes,No,Yes,No,Yes,Month-to-month,No,Electronic check,19.32,1120.56,Yes
30820038,Female,0,No,No,53,Yes,No,Fiber optic,Yes,No,No,No,Yes,No,Two year,Yes,Credit card (automatic),117.9,6366.6,No
46997080,Male,0,No,No,63,Yes,No,DSL,No,Yes,No,No,No,No,Month-to-month,Yes,Mailed check,86.44,5532.16,No
35297417,Female,0,No,Yes,51,Yes,Yes,Fiber optic,No,Yes,No,No,Yes,No,Month-to-month,Yes,Electronic check,87.83,4567.16,No
25145751,Male,0,No,No,42,No,No phone service,DSL,No,No,Yes,Yes,Yes,Yes,One year,Yes,Bank transfer (automatic),86.18,3705.74,No
14324134,Male,0,No,No,17,Yes,Yes,Fiber optic,Yes,Yes,No,No,No,No,One year,Yes,Credit card (automatic),77.73,1399.14,No
98610233,Female,0,Yes,No,53,No,No phone service,Fiber optic,No,No,Yes,No,Yes,No,Two year,Yes,Mailed check,99.75,5366.55,No
66269520,Male,0,No,Yes,59,Yes,No,No,No internet service,No internet service,No internet service,No internet service,No internet service,No internet service,Month-to-month,No,Bank transfer (automatic),50.31,3018.6,No
92533595,Female,0,No,No,70,Yes,No,No,No internet service,No internet service,No internet service,No internet service,No internet service,No internet service,Month-to-month,Yes,Mailed check,93.67,6650.57,No
12099943,Male,0,Yes,Yes,0,Yes,No,Fiber optic,No,No,Yes,No,No,Yes,One year,No,Electronic check,80.68,80.68,No
42301683,Female,0,No,No,36,Yes,Yes,DSL,No,Yes,Yes,No,Yes,Yes,Month-to-month,Yes,Bank transfer (automatic),73.95,2736.15,Yes
37659807,Male,0,Yes,No,48,No,No phone service,Fiber optic,No,Yes,Yes,Yes,Yes,No,Month-to-month,Yes,Bank transfer (automatic),55.29,2709.21,Yes
19031632,Male,0,No,No,34,Yes,Yes,Fiber optic,Yes,No,No,Yes,No,No,One year,Yes,Electronic check,77.53,2713.55,Yes
23542127,Female,0,No,Yes,66,Yes,Yes,DSL,Yes,No,Yes,Yes,Yes,No,Month-to-month,Yes,Bank transfer (automatic),63.76,4271.92,No
89717834,Female,0,Yes,No,34,Yes,Yes,Fiber optic,Yes,Yes,No,No,Yes,No,Month-to-month,Yes,Credit card (automatic),95.68,3348.8,Yes
14506531,Male,0,Yes,No,8,Yes,No,DSL,No,No,No,Yes,Yes,No,Month-to-month,No,Credit card (automatic),56.13,493.94,Yes
69920305,Male,1,No,No,36,Yes,Yes,DSL,No,No,No,Yes,No,Yes,Two year,Yes,Electronic check,39.08,1445.96,No
90233330,Female,0,No,No,59,Yes,No,DSL,Yes,Yes,Yes,Yes,Yes,Yes,One year,Yes,Electronic check,86.95,5199.61,No
16533225,Male,0,Yes,No,55,Yes,No,No,No internet service,No internet service,No internet service,No internet service,No internet service,No internet service,Month-to-month,No,Credit card (automatic),133.22,7460.32,No
42847661,Female,0,No,No,11,Yes,No,DSL,No,Yes,No,Yes,No,No,Month-to-month,No,Bank transfer (automatic),77.69,932.28,No
15937353,Male,0,No,No,70,Yes,No,DSL,No,Yes,No,Yes,No,No,One year,No,Electronic check,65.65,4661.15,No
63991141,Female,0,No,No,70,Yes,No,No,No internet service,No internet service,No internet service,No internet service,No internet service,No internet service,Month-to-month,Yes,Mailed check,123.66,8779.86,Yes
68916591,Male,0,Yes,No,3,Yes,No,Fiber optic,No,No,Yes,No,Yes,No,One year,No,Credit card (automatic),83.79,335.16,Yes
41452485,Female,0,No,No,60,No,No phone service,Fiber optic,No,No,No,No,No,No,Two year,No,Electronic check,65.55,3998.55,No
82445335,Female,0,Yes,No,44,Yes,No,DSL,No,No,Yes,No,No,Yes,Month-to-month,Yes,Credit card (automatic),121.47,5466.15,No
39161379,Female,0,No,No,49,Yes,Yes,Fiber optic,Yes,Yes,No,Yes,No,No,Month-to-month,Yes,Credit card (automatic),47.87,2393.5,No
17575790,Female,0,No,Yes,49,Yes,No,DSL,Yes,No,No,No,No,No,Month-to-month,No,Bank transfer (automatic),60.0,3000.0,Yes
28808678,Male,0,Yes,No,47,Yes,No,Fiber optic,Yes,No,Yes,Yes,No,No,Two year,No,Credit card (automatic),80.18,3852.65,Yes
77631755,Female,0,No,Yes,22,Yes,No,Fiber optic,No,No,No,No,Yes,Yes,Two year,Yes,Electronic check,154.77,3559.71,No
48824283,Male,0,Yes,No,7,Yes,No,Fiber optic,No,No,Yes,No,Yes,No,Month-to-month,No,Electronic check,42.23,337.84,No
41428626,Female,1,No,No,28,Yes,No,Fiber optic,Yes,No,No,Yes,No,No,Two year,No,Credit card (automatic),35.98,1045.22,Yes
87324220,Female,0,No,No,42,Yes,No,Fiber optic,Yes,No,Yes,No,Yes,Yes,Month-to-month,No,Mailed check,76.79,3301.97,No
52802529,Female,0,No,No,52,Yes,No,Fiber optic,Yes,No,No,No,No,No,Month-to-month,Yes,Electronic check,114.69,6078.57,No
87507357,Female,0,No,Yes,5,Yes,No,Fiber optic,Yes,Yes,No,No,Yes,No,Month-to-month,Yes,Electronic check,97.1,582.6,No
90251151,Female,0,No,No,23,Yes,No,DSL,No,No,No,No,Yes,Yes,Two year,Yes,Bank transfer (automatic),49.81,1195.44,No
53038943,Female,0,No,No,13,Yes,No,No,No internet service,No internet service,No internet service,No internet service,No internet service,No internet service,Two year,Yes,Electronic check,35.54,497.56,No
41796721,Male,0,No,No,51,Yes,Yes,Fiber optic,No,No,Yes,No,Yes,No,Month-to-month,No,Electronic check,50.34,2617.68,Yes
50502136,Female,0,Yes,No,69,Yes,No,Fiber optic,Yes,Yes,No,Yes,No,No,Two year,Yes,Electronic check,73.13,5104.47,No
29228089,Male,0,No,No,3,Yes,No,Fiber optic,Yes,Yes,No,Yes,No,Yes,Month-to-month,Yes,Credit card (automatic),79.41,317.64,Yes
98612211,Male,0,No,No,57,Yes,No,No,No internet service,No internet service,No internet service,No internet service,No internet service,No internet service,One year,Yes,Credit card (automatic),62.75,3639.5,No
79961132,Female,0,Yes,No,36,Yes,No,No,No internet service,No internet service,No internet service,No internet service,No internet service,No internet service,Two year,No,Electronic check,62.0,2294.0,No
39667854,Female,0,Yes,No,47,Yes,No,DSL,No,No,Yes,Yes,No,No,Month-to-month,No,Bank transfer (automatic),61.76,2967.57,No
65507111,Male,0,Yes,No,38,Yes,Yes,Fiber optic,Yes,Yes,No,No,Yes,Yes,Month-to-month,No,Mailed check,88.14,3437.46,No
50332555,Male,0,Yes,Yes,65,Yes,Yes,DSL,No,Yes,No,Yes,No,Yes,One year,No,Electronic check,80.46,5310.36,No
46930534,Male,0,Yes,No,12,Yes,No,DSL,Yes,Yes,Yes,No,No,No,Month-to-month,No,Electronic check,88.67,1152.71,No
18181595,Female,0,No,No,65,Yes,No,No,No internet service,No internet service,No internet service,No internet service,No internet service,No internet service,Month-to-month,Yes,Electronic check,80.26,5297.16,Yes
84721440,Male,0,No,No,59,Yes,No,DSL,No,Yes,No,Yes,No,Yes,One year,Yes,Credit card (automatic),18.0,1080.0,No
89412216,Male,1,No,No,40,Yes,Yes,DSL,No,No,No,No,Yes,Yes,Month-to-month,No,Bank transfer (automatic),70.32,2883.12,No
33505978,Male,0,Yes,No,31,Yes,No,Fiber optic,Yes,No,Yes,No,No,No,Two year,No,Electronic check,49.9,1586.82,No
94019376,Male,0,No,No,51,Yes,Yes,No,No internet service,No internet service,No internet service,No internet service,No internet service,No internet service,Month-to-month,No,Bank transfer (automatic),117.45,6107.4,No
67337891,Female,0,No,Yes,4,Yes,Yes,DSL,Yes,Yes,Yes,No,Yes,Yes,Two year,Yes,Bank transfer (automatic),35.59,177.95,No
84605013,Female,0,No,No,66,Yes,Yes,DSL,No,Yes,Yes,No,No,No,Two year,Yes,Electronic check,18.0,1206.0,No
76521096,Male,0,No,Yes,65,Yes,No,DSL,No,Yes,Yes,No,Yes,No,Month-to-month,No,Mailed check,93.71,6184.86,Yes
16292676,Male,0,Yes,Yes,51,No,No phone service,DSL,No,Yes,No,No,Yes,Yes,Month-to-month,Yes,Bank transfer (automatic),77.37,4023.24,Yes
56226575,Female,1,No,No,48,Yes,Yes,DSL,No,Yes,Yes,Yes,No,Yes,Two year,Yes,Mailed check,74.15,3618.52,No
96344420,Female,0,No,No,28,Yes,Yes,No,No internet service,No internet service,No internet service,No internet service,No internet service,No internet service,Month-to-month,No,Credit card (automatic),82.15,2382.35,No
61157708,Female,0,Yes,No,37,Yes,No,DSL,No,No,Yes,No,No,Yes,Month-to-month,Yes,Electronic check,67.24,2558.48,No
80392240,Female,0,Yes,No,69,Yes,Yes,Fiber optic,Yes,No,Yes,Yes,No,No,One year,No,Electronic check,56.18,3932.6,No
52779814,Male,0,Yes,No,7,Yes,No,No,No internet service,No internet service,No internet service,No internet service,No internet service,No internet service,One year,Yes,Credit card (automatic),75.01,600.08,No
65878146,Male,0,Yes,No,58,Yes,No,Fiber optic,Yes,No,Yes,No,No,No,One year,Yes,Electronic check,38.17,2252.03,No
64795619,Female,0,Yes,Yes,54,Yes,No,DSL,Yes,No,No,Yes,No,No,Month-to-month,Yes,Electronic check,114.47,6295.85,Yes
30027648,Female,0,No,No,1,Yes,No,Fiber optic,Yes,No,No,No,No,Yes,Month-to-month,Yes,Mailed check,50.43,100.86,Yes
50250352,Female,1,No,No,25,Yes,No,No,No internet service,No internet service,No internet service,No internet service,No internet service,No internet service,Two year,Yes,Electronic check,33.54,872.04,No
60527631,Female,0,No,No,62,Yes,No,DSL,No,No,No,No,Yes,No,Month-to-month,No,Mailed check,81.63,5142.69,No
34679818,Male,0,No,Yes,16,No,No phone service,DSL,Yes,No,Yes,Yes,Yes,No,Two year,No,Bank transfer (automatic),45.2,768.4,No
82199509,Male,1,No,No,58,Yes,No,DSL,Yes,No,No,No,No,No,Month-to-month,No,Credit card (automatic),105.84,6244.56,No
73554620,Male,0,No,No,15,No,No phone service,Fiber optic,Yes,No,No,No,No,No,Month-to-month,Yes,Electronic check,18.0,288.0,No
42342202,Female,1,No,No,57,Yes,No,DSL,Yes,No,Yes,Yes,No,No,Month-to-month,Yes,Bank transfer (automatic),20.5,1189.0,No
40245233,Male,1,Yes,No,63,Yes,No,Fiber optic,Yes,Yes,Yes,No,Yes,Yes,Month-to-month,Yes,Credit card (automatic),58.84,3765.76,Yes
50364158,Male,1,No,No,49,Yes,No,Fiber optic,Yes,No,Yes,Yes,No,No,Month-to-month,No,Electronic check,73.91,3699.2,Yes
29374563,Male,0,No,Yes,25,Yes,No,Fiber optic,No,Yes,Yes,No,Yes,Yes,Two year,Yes,Bank transfer (automatic),47.82,1243.32,No
72146184,Female,0,Yes,No,16,Yes,No,Fiber optic,No,No,No,Yes,No,Yes,Month-to-month,No,Mailed check,62.02,1054.34,Yes
17734153,Female,0,No,No,45,Yes,Yes,DSL,No,Yes,No,Yes,No,Yes,One year,Yes,Mailed check,121.88,5606.48,No
85482164,Female,1,No,Yes,67,Yes,No,Fiber optic,No,No,Yes,No,Yes,Yes,Two year,Yes,Electronic check,48.97,3329.96,No
65388634,Female,0,No,No,49,Yes,No,Fiber optic,No,No,Yes,Yes,No,Yes,Month-to-month,No,Electronic check,21.7,1085.0,No
65902739,Female,0,Yes,No,42,Yes,Yes,Fiber optic,Yes,Yes,No,No,Yes,Yes,Month-to-month,Yes,Credit card (automatic),63.01,2709.43,Yes
84797762,Female,0,No,No,47,Yes,No,DSL,No,No,Yes,No,No,Yes,Two year,Yes,Electronic check,36.03,1722.23,No
81134297,Female,0,Yes,Yes,67,No,No phone service,Fiber optic,No,Yes,No,Yes,No,No,One year,Yes,Mailed check,87.24,5932.32,No
27997624,Male,0,Yes,Yes,18,Yes,Yes,Fiber optic,Yes,Yes,No,No,Yes,No,Month-to-month,No,Electronic check,84.91,1617.54,No
62132722,Female,0,Yes,Yes,24,Yes,Yes,Fiber optic,No,Yes,Yes,No,No,Yes,Month-to-month,Yes,Electronic check,66.0,1650.0,Yes
42595918,Female,0,No,No,71,Yes,No,DSL,Yes,Yes,Yes,No,No,Yes,Two year,Yes,Mailed check,81.34,5840.21,No
44224936,Male,0,No,No,17,Yes,Yes,DSL,Yes,No,No,Yes,No,Yes,Month-to-month,Yes,Electronic check,37.92,684.46,Yes
37291394,Male,1,Yes,Yes,50,Yes,No,Fiber optic,Yes,No,No,Yes,No,No,Month-to-month,Yes,Mailed check,98.33,5014.83,Yes
54327148,Male,0,No,No,17,No,No phone service,Fiber optic,Yes,Yes,No,No,Yes,Yes,Month-to-month,Yes,Mailed check,52.98,943.04,No
96799390,Male,0,Yes,Yes,57,Yes,Yes,Fiber optic,No,Yes,Yes,Yes,Yes,No,Month-to-month,Yes,Mailed check,120.37,6957.39,No
20612653,Male,0,Yes,Yes,63,Yes,No,Fiber optic,Yes,Yes,Yes,No,No,Yes,Month-to-month,No,Electronic check,60.31,3859.84,No
70369365,Male,0,No,No,70,Yes,No,DSL,No,Yes,No,Yes,Yes,No,Month-to-month,No,Electronic check,56.49,4010.79,No
59805178,Female,0,Yes,Yes,56,Yes,No,DSL,Yes,Yes,No,No,Yes,No,Two year,Yes,Electronic check,64.1,3653.7,No
22410307,Female,1,No,Yes,16,Yes,No,Fiber optic,Yes,Yes,Yes,No,No,Yes,Month-to-month,Yes,Electronic check,87.57,1471.18,Yes
81891784,Female,0,Yes,No,58,Yes,Yes,Fiber optic,Yes,No,Yes,No,Yes,Yes,Two year,Yes,Credit card (automatic),113.38,6689.42,No
35566010,Female,0,Yes,No,66,Yes,No,Fiber optic,No,No,Yes,No,Yes,No,Two year,No,Electronic check,80.73,5408.91,No
16917129,Female,0,No,No,14,Yes,No,No,No internet service,No internet service,No internet service,No internet service,No internet service,No internet service,One year,Yes,Electronic check,134.1,2011.5,Yes
46032304,Male,0,No,No,25,Yes,No,Fiber optic,No,Yes,No,Yes,Yes,Yes,Month-to-month,No,Bank transfer (automatic),45.34,1178.84,No
60622628,Male,0,Yes,No,47,Yes,No,DSL,Yes,No,Yes,Yes,No,Yes,Month-to-month,Yes,Credit card (automatic),63.87,3065.76,No
91197624,Male,0,No,No,13,Yes,No,Fiber optic,No,No,No,Yes,No,Yes,Month-to-month,No,Electronic check,36.76,514.64,Yes
90922827,Female,0,No,No,8,Yes,No,Fiber optic,No,No,Yes,No,Yes,No,Month-to-month,Yes,Mailed check,54.88,493.92,No
15307982,Male,0,No,No,6,Yes,No,Fiber optic,Yes,No,No,No,No,No,Two year,No,Electronic check,50.2,351.4,Yes
19768947,Male,0,Yes,No,54,Yes,No,No,No internet service,No internet service,No internet service,No internet service,No internet service,No internet service,Two year,Yes,Mailed check,25.99,1429.45,No
35254849,Female,0,No,No,11,Yes,Yes,Fiber optic,No,Yes,Yes,Yes,Yes,Yes,Two year,Yes,Mailed check,98.06,1176.72,No
88864147,Male,0,No,No,16,Yes,No,Fiber optic,No,No,Yes,Yes,Yes,Yes,Month-to-month,No,Bank transfer (automatic),87.75,1491.75,Yes
85007641,Female,0,Yes,No,72,Yes,Yes,No,No internet service,No internet service,No internet service,No internet service,No internet service,No internet service,Month-to-month,No,Electronic check,58.0,4234.0,Yes
39127464,Female,1,No,No,7,Yes,No,DSL,No,Yes,Yes,No,Yes,Yes,One year,No,Credit card (automatic),79.63,637.04,No
74343201,Male,0,No,No,41,Yes,Yes,DSL,No,No,Yes,Yes,Yes,No,One year,No,Electronic check,57.6,2419.2,Yes
38036618,Female,0,No,Yes,36,Yes,No,DSL,Yes,Yes,No,Yes,Yes,No,Month-to-month,Yes,Bank transfer (automatic),63.27,2340.99,No
54689713,Female,1,No,No,19,Yes,No,DSL,Yes,Yes,Yes,No,No,Yes,One year,No,Credit card (automatic),85.17,1703.4,No
50693207,Male,0,No,No,0,Yes,Yes,DSL,Yes,Yes,No,Yes,No,No,Month-to-month,Yes,Electronic check,69.49,69.49,No
12058055,Male,0,No,Yes,8,Yes,No,No,No internet service,No internet service,No internet service,No internet service,No internet service,No internet service,Two year,Yes,Bank transfer (automatic),70.51,634.59,No
38428357,Female,0,No,No,23,Yes,No,No,No internet service,No internet service,No internet service,No internet service,No internet service,No internet service,Month-to-month,Yes,Electronic check,18.0,432.0,No
35504548,Female,0,No,No,33,Yes,No,Fiber optic,No,No,No,Yes,No,Yes,Month-to-month,No,Electronic check,94.63,3222.15,Yes
25745913,Female,0,No,No,35,Yes,No,Fiber optic,No,Yes,Yes,No,Yes,No,Month-to-month,Yes,Electronic check,109.1,3927.6,No
74279671,Male,0,Yes,No,3,Yes,Yes,DSL,No,No,No,No,No,No,Two year,Yes,Mailed check,100.79,403.16,Yes
42560305,Female,0,Yes,No,28,Yes,No,Fiber optic,No,No,No,No,No,No,Two year,No,Credit card (automatic),54.0,1566.0,No
91121400,Female,0,No,No,15,Yes,No,DSL,Yes,No,No,No,Yes,No,Month-to-month,Yes,Bank transfer (automatic),99.31,1588.96,Yes
37449289,Male,1,Yes,Yes,7,Yes,No,Fiber optic,Yes,Yes,No,Yes,Yes,Yes,Month-to-month,Yes,Bank transfer (automatic),82.97,663.76,Yes
63235053,Male,0,No,No,38,Yes,No,DSL,No,No,No,No,Yes,Yes,Month-to-month,Yes,Credit card (automatic),44.04,1717.56,No
42122457,Female,0,No,No,57,Yes,Yes,Fiber optic,Yes,No,Yes,Yes,Yes,Yes,Month-to-month,No,Credit card (automatic),60.93,3521.75,No
84098828,Male,0,No,No,11,Yes,No,DSL,No,No,Yes,No,No,Yes,Month-to-month,No,Bank transfer (automatic),67.0,804.0,No
53166435,Male,0,No,No,43,Yes,Yes,DSL,Yes,Yes,No,Yes,Yes,No,Month-to-month,Yes,Electronic check,18.0,792.9,Yes
47991562,Female,0,No,No,3,Yes,No,Fiber optic,Yes,No,No,No,Yes,Yes,Two year,Yes,Credit card (automatic),75.84,288.19,No
61091554,Female,1,Yes,No,24,Yes,No,Fiber optic,Yes,Yes,Yes,No,No,No,Two year,Yes,Electronic check,36.3,907.5,No
72579077,Male,0,No,No,69,Yes,Yes,DSL,No,No,Yes,Yes,No,Yes,Two year,Yes,Electronic check,38.33,2683.1,No
81625307,Female,0,Yes,Yes,66,Yes,No,DSL,No,No,No,Yes,Yes,Yes,Month-to-month,Yes,Bank transfer (automatic),74.68,5003.56,Yes
97069904,Male,0,Yes,Yes,38,Yes,No,No,No internet service,No internet service,No internet service,No internet service,No internet service,No internet service,Month-to-month,No,Electronic check,59.66,2326.74,No
58219001,Female,0,Yes,No,23,Yes,No,DSL,No,Yes,No,Yes,No,No,Month-to-month,Yes,Electronic check,40.0,960.0,No
51395738,Female,0,Yes,Yes,5,No,No phone service,Fiber optic,No,Yes,Yes,Yes,Yes,Yes,One year,Yes,Credit card (automatic),74.56,447.36,No
45106207,Female,0,Yes,No,71,Yes,No,DSL,Yes,Yes,Yes,No,Yes,No,One year,Yes,Mailed check,44.25,3177.15,No
58270683,Female,0,Yes,No,32,Yes,Yes,Fiber optic,Yes,No,No,No,Yes,No,Month-to-month,Yes,Mailed check,44.17,1459.82,No
78829070,Female,0,No,No,47,Yes,Yes,Fiber optic,Yes,Yes,Yes,No,Yes,No,Month-to-month,Yes,Bank transfer (automatic),105.3,5054.4,Yes
76743428,Female,0,No,No,66,No,No phone service,No,No internet service,No internet service,No internet service,No internet service,No internet service,No internet service,Two year,Yes,Mailed check,74.81,5012.27,No
72546007,Male,0,Yes,No,1,Yes,Yes,Fiber optic,Yes,No,No,Yes,No,No,Two year,Yes,Electronic check,79.92,159.84,No
23234972,Male,0,Yes,No,37,Yes,Yes,DSL,No,Yes,Yes,Yes,Yes,No,Two year,Yes,Credit card (automatic),117.03,4447.14,No
73013937,Male,0,No,Yes,39,Yes,No,No,No internet service,No internet service,No internet service,No internet service,No internet service,No internet service,Month-to-month,Yes,Bank transfer (automatic),63.02,2520.8,No
52980983,Male,0,No,No,55,Yes,No,Fiber optic,No,No,No,No,No,No,Month-to-month,No,Bank transfer (automatic),50.98,2854.88,Yes
37263310,Female,0,No,Yes,20,No,No phone service,No,No internet service,No internet service,No internet service,No internet service,No internet service,No internet service,Month-to-month,Yes,Credit card (automatic),51.45,1080.45,Yes
59755172,Male,0,Yes,Yes,34,Yes,Yes,Fiber optic,No,No,Yes,No,No,No,Month-to-month,Yes,Bank transfer (automatic),125.52,4393.2,No
51999682,Female,0,No,No,66,Yes,No,Fiber optic,No,No,No,Yes,No,Yes,Month-to-month,Yes,Electronic check,67.14,4498.38,No
65556767,Male,1,No,No,59,Yes,No,No,No internet service,No internet service,No internet service,No internet service,No internet service,No internet service,Month-to-month,No,Electronic check,42.08,2524.8,No
16135823,Male,0,No,Yes,22,Yes,No,Fiber optic,No,Yes,Yes,Yes,No,No,Month-to-month,No,Mailed check,74.0,1705.7,No
85500790,Male,1,Yes,No,64,No,No phone service,Fiber optic,No,Yes,No,Yes,Yes,Yes,Month-to-month,No,Bank transfer (automatic),51.33,3339.02,No
39698906,Male,0,Yes,No,62,Yes,Yes,Fiber optic,Yes,No,No,Yes,Yes,No,Month-to-month,No,Bank transfer (automatic),57.7,3635.1,No
29585415,Male,0,Yes,Yes,22,Yes,No,Fiber optic,No,No,No,No,No,No,Month-to-month,Yes,Bank transfer (automatic),118.87,2734.01,No
12176998,Female,1,Yes,No,41,Yes,No,Fiber optic,No,No,Yes,Yes,Yes,No,Month-to-month,Yes,Mailed check,73.79,3084.42,Yes
45000508,Female,0,No,No,63,Yes,No,Fiber optic,No,Yes,No,No,Yes,No,One year,No,Credit card (automatic),31.63,2024.32,No
84264220,Male,0,No,No,65,Yes,Yes,Fiber optic,Yes,No,Yes,Yes,Yes,Yes,Month-to-month,No,Bank transfer (automatic),56.79,3736.78,Yes
88387434,Female,0,No,No,40,Yes,No,Fiber optic,Yes,Yes,No,Yes,No,No,One year,No,Credit card (automatic),18.0,738.0,No
87731247,Male,1,No,Yes,19,Yes,No,Fiber optic,No,No,Yes,Yes,No,No,Two year,No,Credit card (automatic),47.24,944.8,No
66046380,Male,1,No,Yes,8,Yes,No,DSL,Yes,Yes,No,No,No,No,Month-to-month,No,Mailed check,100.08,900.72,No
49620038,Female,0,Yes,Yes,56,Yes,Yes,DSL,No,Yes,No,No,Yes,Yes,Month-to-month,Yes,Electronic check,48.31,2753.67,No
30456313,Male,0,No,No,16,Yes,No,DSL,Yes,No,Yes,No,Yes,No,Month-to-month,Yes,Mailed check,149.27,2537.59,No
36332415,Male,0,No,Yes,17,Yes,No,Fiber optic,No,No,Yes,Yes,Yes,Yes,Month-to-month,No,Electronic check,18.0,324.0,Yes
54273769,Male,0,Yes,Yes,62,Yes,Yes,No,No internet service,No internet service,No internet service,No internet service,No internet service,No internet service,Two year,No,Mailed check,56.7,3572.1,No
40872577,Male,1,Yes,Yes,71,Yes,No,Fiber optic,Yes,Yes,No,Yes,No,Yes,Two year,No,Mailed check,73.39,5284.08,No
60981231,Male,0,No,No,71,Yes,No,No,No internet service,No internet service,No internet service,No internet service,No internet service,No internet service,Two year,Yes,Electronic check,71.82,5171.04,Yes
86475853,Male,0,No,Yes,25,No,No phone service,DSL,No,Yes,Yes,No,No,Yes,One year,No,Electronic check,86.89,2259.14,No
42981324,Male,0,Yes,No,71,No,No phone service,Fiber optic,Yes,No,No,Yes,No,No,One year,No,Electronic check,61.76,4434.37,No
77015110,Female,0,No,No,71,Yes,No,DSL,No,No,Yes,No,No,No,Month-to-month,Yes,Electronic check,107.59,7751.86,Yes
83905989,Female,1,No,No,12,Yes,No,DSL,Yes,No,No,No,Yes,No,Month-to-month,Yes,Mailed check,33.11,430.43,No
97859993,Male,0,No,Yes,16,Yes,Yes,No,No internet service,No internet service,No internet service,No internet service,No internet service,No internet service,Month-to-month,Yes,Bank transfer (automatic),62.86,1068.62,No
55307111,Female,0,Yes,Yes,25,Yes,Yes,DSL,Yes,Yes,No,Yes,No,No,Month-to-month,No,Bank transfer (automatic),36.57,950.82,No
44537812,Male,1,Yes,No,5,Yes,Yes,DSL,No,No,No,Yes,No,Yes,Two year,Yes,Electronic check,55.15,333.66,No
75581613,Male,0,No,No,3,Yes,Yes,DSL,Yes,Yes,No,No,Yes,No,Month-to-month,Yes,Credit card (automatic),62.29,249.16,Yes
96126771,Female,0,No,No,6,Yes,Yes,Fiber optic,No,No,No,No,No,No,Month-to-month,No,Electronic check,88.56,624.35,No
75846624,Male,0,Yes,Yes,16,Yes,No,Fiber optic,Yes,Yes,Yes,No,No,No,Month-to-month,Yes,Electronic check,39.6,673.2,No
71851421,Male,0,Yes,Yes,49,Yes,No,DSL,No,No,Yes,Yes,No,No,Two year,Yes,Electronic check,61.65,3082.5,No
32579937,Male,0,Yes,No,5,Yes,No,DSL,No,No,Yes,No,Yes,No,Two year,No,Bank transfer (automatic),70.63,423.78,Yes
57268285,Female,1,Yes,No,29,Yes,No,DSL,No,No,Yes,No,Yes,Yes,Two year,Yes,Credit card (automatic),74.33,2229.9,No
32718459,Female,0,No,No,55,Yes,Yes,DSL,No,Yes,No,No,Yes,No,Two year,No,Credit card (automatic),36.66,2052.96,No
28784915,Female,1,No,No,38,Yes,No,No,No internet service,No internet service,No internet service,No internet service,No internet service,No internet service,Two year,Yes,Electronic check,77.01,3003.39,No
83356206,Male,0,Yes,No,13,Yes,No,No,No internet service,No internet service,No internet service,No internet service,No internet service,No internet service,Month-to-month,Yes,Credit card (automatic),105.01,1470.14,Yes
75540707,Female,0,Yes,No,53,Yes,No,No,No internet service,No internet service,No internet service,No internet service,No internet service,No internet service,Month-to-month,Yes,Credit card (automatic),104.65,5651.1,No
34702473,Male,0,No,No,21,No,No phone service,No,No internet service,No internet service,No internet service,No internet service,No internet service,No internet service,Month-to-month,Yes,Credit card (automatic),61.66,1356.52,No
82764376,Female,0,Yes,No,56,Yes,No,No,No internet service,No internet service,No internet service,No internet service,No internet service,No internet service,Two year,Yes,Bank transfer (automatic),85.59,4878.63,No
96142207,Female,0,No,No,40,No,No phone service,No,No internet service,No internet service,No internet service,No internet service,No internet service,No internet service,Two year,No,Credit card (automatic),65.13,2670.33,No
17882882,Male,1,No,No,9,Yes,Yes,No,No internet service,No internet service,No internet service,No internet service,No internet service,No internet service,Month-to-month,Yes,Bank transfer (automatic),101.96,1024.7,Yes
80322629,Male,0,No,No,1,Yes,No,No,No internet service,No internet service,No internet service,No internet service,No internet service,No internet service,Month-to-month,No,Credit card (automatic),90.35,180.7,No
14539747,Female,0,Yes,No,66,Yes,No,Fiber optic,No,No,No,Yes,Yes,Yes,Month-to-month,Yes,Bank transfer (automatic),35.2,2358.4,Yes
19976458,Female,0,Yes,Yes,47,Yes,No,DSL,No,No,Yes,No,No,Yes,Month-to-month,Yes,Electronic check,65.41,3139.68,Yes
99686372,Female,0,No,No,41,Yes,Yes,Fiber optic,Yes,No,Yes,Yes,Yes,Yes,Month-to-month,Yes,Electronic check,50.3,2115.11,No
16511491,Female,0,Yes,No,10,Yes,No,Fiber optic,No,No,No,Yes,No,No,Month-to-month,Yes,Mailed check,67.15,738.65,Yes
10856822,Male,0,Yes,No,11,Yes,Yes,Fiber optic,No,Yes,No,Yes,No,No,Month-to-month,No,Bank transfer (automatic),35.42,425.04,Yes
65350347,Female,0,No,Yes,13,Yes,No,Fiber optic,Yes,Yes,Yes,No,Yes,Yes,Two year,No,Electronic check,66.44,930.16,No
28453800,Female,0,No,No,29,Yes,Yes,Fiber optic,No,No,Yes,Yes,No,Yes,Month-to-month,Yes,Electronic check,65.37,1948.03,No
94651342,Female,0,No,Yes,59,Yes,No,DSL,Yes,No,Yes,No,No,Yes,Month-to-month,Yes,Electronic check,66.2,3972.0,No
41062464,Male,0,Yes,No,29,Yes,No,DSL,No,Yes,Yes,No,No,No,One year,No,Electronic check,77.61,2312.78,No
19122502,Male,0,No,No,37,Yes,No,No,No internet service,No internet service,No internet service,No internet service,No internet service,No internet service,Two year,No,Electronic check,23.74,902.12,No
30270856,Female,0,No,Yes,64,Yes,No,Fiber optic,No,No,No,No,No,Yes,One year,Yes,Bank transfer (automatic),93.42,6072.3,No
11226946,Male,0,Yes,Yes,46,Yes,No,DSL,No,Yes,No,No,Yes,Yes,Month-to-month,Yes,Mailed check,95.19,4473.93,No
39356057,Female,0,No,No,38,Yes,Yes,No,No internet service,No internet service,No internet service,No internet service,No internet service,No internet service,Month-to-month,Yes,Electronic check,112.17,4352.2,No
77878323,Female,1,Yes,Yes,48,Yes,No,DSL,No,No,No,Yes,Yes,Yes,Month-to-month,No,Electronic check,67.09,3287.41,No
71204580,Male,0,Yes,No,72,Yes,No,Fiber optic,Yes,Yes,No,No,Yes,No,Month-to-month,Yes,Mailed check,77.81,5680.13,Yes
60090149,Male,0,Yes,No,57,Yes,No,DSL,Yes,No,No,No,No,Yes,Month-to-month,Yes,Electronic check,101.38,5880.04,No
18113477,Male,1,No,Yes,16,No,No phone service,No,No internet service,No internet service,No internet service,No internet service,No internet service,No internet service,One year,No,Bank transfer (automatic),48.93,831.81,No
92924441,Male,0,No,No,5,Yes,Yes,Fiber optic,Yes,No,No,Yes,No,No,Month-to-month,No,Electronic check,84.75,491.55,Yes
95594482,Female,0,Yes,Yes,14,No,No phone service,Fiber optic,Yes,Yes,Yes,No,No,No,Two year,No,Electronic check,47.9,720.9,No
99490304,Male,0,Yes,No,66,Yes,Yes,No,No internet service,No internet service,No internet service,No internet service,No internet service,No internet service,Month-to-month,No,Credit card (automatic),85.51,5729.17,Yes
92747827,Female,0,Yes,No,27,Yes,No,No,No internet service,No internet service,No internet service,No internet service,No internet service,No internet service,Two year,Yes,Bank transfer (automatic),81.78,2289.84,No
74854563,Male,0,Yes,No,72,Yes,No,Fiber optic,No,No,Yes,No,Yes,Yes,One year,Yes,Credit card (automatic),43.12,3147.76,No
98487646,Female,0,Yes,No,43,Yes,Yes,No,No internet service,No internet service,No internet service,No internet service,No internet service,No internet service,Two year,Yes,Electronic check,85.32,3754.08,Yes
75478707,Male,0,Yes,No,17,Yes,Yes,Fiber optic,No,No,No,No,Yes,Yes,Two year,No,Electronic check,56.86,1012.11,No
12111482,Female,0,Yes,Yes,31,Yes,No,Fiber optic,Yes,No,No,Yes,No,Yes,Month-to-month,Yes,Electronic check,65.15,2084.8,No
10887495,Female,0,No,No,68,Yes,Yes,Fiber optic,Yes,Yes,No,Yes,Yes,Yes,One year,No,Credit card (automatic),94.44,6521.08,No
81432350,Male,0,No,No,43,Yes,No,DSL,Yes,Yes,No,Yes,No,No,Two year,Yes,Bank transfer (automatic),102.32,4502.08,No
84040345,Female,0,No,No,69,Yes,No,DSL,Yes,No,Yes,Yes,Yes,No,One year,No,Electronic check,82.45,5771.5,No
65208920,Male,0,Yes,Yes,62,Yes,No,No,No internet service,No internet service,No internet service,No internet service,No internet service,No internet service,Month-to-month,Yes,Mailed check,70.39,4434.57,Yes
11590610,Female,0,Yes,No,57,Yes,No,DSL,No,No,Yes,No,No,No,One year,Yes,Bank transfer (automatic),91.15,5286.7,No
12244945,Female,0,Yes,Yes,46,Yes,Yes,Fiber optic,Yes,Yes,No,Yes,No,No,Two year,No,Bank transfer (automatic),60.24,2831.28,Yes
81057233,Female,0,Yes,No,16,Yes,No,DSL,No,Yes,No,No,No,No,Two year,No,Mailed check,96.86,1646.62,No
46875077,Female,0,Yes,No,38,No,No phone service,Fiber optic,No,No,Yes,Yes,No,No,Two year,Yes,Bank transfer (automatic),51.48,2007.72,No
81905550,Male,0,No,No,58,Yes,No,DSL,No,Yes,Yes,No,Yes,Yes,Month-to-month,No,Electronic check,63.47,3744.73,No
48478684,Female,1,No,Yes,6,Yes,No,No,No internet service,No internet service,No internet service,No internet service,No internet service,No internet service,One year,No,Mailed check,42.13,286.48,No
12300840,Male,0,Yes,No,62,Yes,No,No,No internet service,No internet service,No internet service,No internet service,No internet service,No internet service,Month-to-month,Yes,Credit card (automatic),67.48,4251.24,Yes
77406294,Male,1,Yes,Yes,56,Yes,No,No,No internet service,No internet service,No internet service,No internet service,No internet service,No internet service,Two year,Yes,Electronic check,115.48,6582.36,No
67790557,Female,0,No,No,33,Yes,No,Fiber optic,Yes,Yes,Yes,Yes,No,No,Two year,Yes,Mailed check,115.71,3939.93,No
34060788,Male,0,Yes,Yes,52,Yes,No,No,No internet service,No internet service,No internet service,No internet service,No internet service,No internet service,Two year,Yes,Electronic check,118.85,6299.05,Yes
24363501,Male,0,No,No,65,Yes,No,Fiber optic,Yes,Yes,Yes,No,Yes,Yes,Month-to-month,Yes,Electronic check,50.77,3350.82,No
22927031,Male,0,No,No,47,Yes,No,Fiber optic,No,No,Yes,No,Yes,Yes,Month-to-month,Yes,Credit card (automatic),151.23,7259.04,Yes
80381817,Female,1,No,No,59,Yes,Yes,DSL,Yes,Yes,Yes,Yes,No,No,One year,No,Bank transfer (automatic),105.5,6330.0,No
29984682,Female,0,Yes,Yes,42,Yes,No,No,No internet service,No internet service,No internet service,No internet service,No internet service,No internet service,One year,Yes,Credit card (automatic),100.57,4329.54,Yes
42342289,Male,0,Yes,No,72,Yes,No,DSL,No,Yes,No,No,No,No,Month-to-month,Yes,Credit card (automatic),77.48,5656.04,Yes
35760684,Male,0,Yes,No,3,Yes,No,Fiber optic,No,Yes,No,No,No,No,Two year,Yes,Credit card (automatic),23.14,92.56,No
93185576,Male,1,No,No,51,Yes,No,Fiber optic,Yes,No,No,Yes,No,No,Two year,No,Credit card (automatic),51.21,2662.92,Yes
80659726,Female,0,No,Yes,31,Yes,No,Fiber optic,Yes,No,No,No,Yes,Yes,One year,No,Credit card (automatic),57.48,1839.36,No
43878996,Male,0,No,No,50,Yes,Yes,DSL,Yes,No,No,No,Yes,Yes,One year,Yes,Bank transfer (automatic),65.53,3328.92,No
57572279,Female,0,No,No,9,Yes,No,Fiber optic,No,No,Yes,No,Yes,No,One year,No,Bank transfer (automatic),57.18,571.8,No
45879718,Male,0,No,No,11,Yes,No,Fiber optic,No,No,Yes,No,Yes,Yes,One year,No,Credit card (automatic),69.16,816.09,No
63270536,Female,0,No,No,38,Yes,No,DSL,No,No,Yes,Yes,No,No,One year,Yes,Credit card (automatic),84.35,3289.65,Yes
20605783,Male,1,No,No,67,Yes,No,Fiber optic,Yes,No,Yes,No,No,Yes,Two year,No,Credit card (automatic),72.27,4914.36,No
60070135,Female,0,No,No,9,Yes,No,No,No internet service,No internet service,No internet service,No internet service,No internet service,No internet service,Two year,No,Mailed check,63.99,643.1,No
64496076,Female,0,No,Yes,72,Yes,No,No,No internet service,No internet service,No internet service,No internet service,No internet service,No internet service,Two year,Yes,Credit card (automatic),62.18,4539.14,No
71605634,Male,0,Yes,No,9,Yes,No,Fiber optic,Yes,Yes,Yes,No,No,Yes,Month-to-month,No,Mailed check,112.52,1125.2,No
85833309,Female,0,No,No,22,Yes,No,DSL,Yes,Yes,Yes,Yes,No,Yes,Month-to-month,Yes,Bank transfer (automatic),58.41,1331.75,No
42642810,Female,0,Yes,Yes,12,Yes,No,Fiber optic,No,Yes,Yes,No,Yes,Yes,One year,Yes,Credit card (automatic),93.36,1213.68,No
40314047,Female,1,Yes,No,47,Yes,Yes,Fiber optic,No,No,No,No,No,No,Month-to-month,No,Credit card (automatic),70.65,3394.73,Yes
50261914,Male,0,No,No,43,Yes,No,No,No internet service,No internet service,No internet service,No internet service,No internet service,No internet service,Month-to-month,Yes,Credit card (automatic),18.0,792.0,No
20820219,Male,1,No,Yes,63,Yes,Yes,No,No internet service,No internet service,No internet service,No internet service,No internet service,No internet service,Two year,Yes,Credit card (automatic),139.6,8906.48,No
97742922,Female,0,No,Yes,39,No,No phone service,No,No internet service,No internet service,No internet service,No internet service,No internet service,No internet service,Month-to-month,Yes,Mailed check,106.97,4278.8,No
97227356,Male,0,Yes,No,5,No,No phone service,Fiber optic,Yes,No,No,Yes,No,No,Month-to-month,Yes,Bank transfer (automatic),137.92,827.52,No
14252622,Male,0,No,Yes,71,Yes,No,Fiber optic,Yes,Yes,No,Yes,No,Yes,Two year,Yes,Electronic check,96.51,6948.72,Yes
22549425,Female,0,Yes,Yes,42,Yes,No,DSL,No,No,No,No,Yes,No,Month-to-month,Yes,Mailed check,71.64,3080.52,No
64395532,Male,0,No,No,31,Yes,Yes,Fiber optic,Yes,No,No,Yes,Yes,Yes,Two year,Yes,Credit card (automatic),87.24,2791.68,No
60903955,Male,0,Yes,No,48,Yes,No,No,No internet service,No internet service,No internet service,No internet service,No internet service,No internet service,Month-to-month,Yes,Credit card (automatic),55.68,2717.18,No
60622842,Male,0,No,No,18,Yes,Yes,Fiber optic,No,No,No,Yes,No,No,Month-to-month,No,Mailed check,44.46,844.74,No
84182331,Female,0,No,No,51,Yes,No,Fiber optic,Yes,Yes,No,No,No,No,One year,Yes,Bank transfer (automatic),132.86,6908.72,Yes
73888323,Male,1,Yes,No,51,Yes,No,DSL,Yes,Yes,No,No,No,No,One year,No,Electronic check,61.45,3195.4,No
17531619,Male,0,No,No,33,Yes,No,DSL,Yes,Yes,No,No,No,Yes,Two year,Yes,Electronic check,74.18,2522.12,No
95462880,Female,1,No,No,58,Yes,No,Fiber optic,Yes,No,Yes,Yes,Yes,Yes,Month-to-month,Yes,Mailed check,84.13,4963.67,Yes
11268380,Female,0,Yes,Yes,4,Yes,No,No,No internet service,No internet service,No internet service,No internet service,No internet service,No internet service,One year,No,Electronic check,62.97,314.85,No
33002714,Female,0,Yes,Yes,65,Yes,Yes,DSL,Yes,Yes,Yes,Yes,Yes,Yes,Two year,Yes,Bank transfer (automatic),98.91,6528.06,Yes
21097943,Female,0,Yes,No,40,Yes,No,DSL,Yes,No,Yes,Yes,Yes,No,One year,Yes,Mailed check,67.01,2747.41,No
77089857,Male,0,Yes,No,33,Yes,No,Fiber optic,Yes,No,Yes,No,No,Yes,Two year,Yes,Electronic check,175.62,5971.08,No
68238367,Female,0,No,Yes,53,Yes,No,DSL,Yes,No,No,Yes,Yes,Yes,Month-to-month,No,Bank transfer (automatic),18.0,972.0,No
96557984,Female,0,No,Yes,19,Yes,Yes,DSL,Yes,No,No,Yes,No,No,One year,No,Bank transfer (automatic),49.96,989.21,No
54462389,Male,0,Yes,No,53,Yes,Yes,DSL,Yes,Yes,No,No,Yes,Yes,One year,No,Credit card (automatic),102.31,5524.74,No
85947990,Female,0,Yes,Yes,65,Yes,Yes,Fiber optic,No,No,Yes,No,Yes,No,Month-to-month,No,Bank transfer (automatic),22.89,1506.16,No
22799248,Male,0,No,No,17,Yes,No,Fiber optic,No,No,No,No,No,No,One year,No,Electronic check,75.9,1351.02,No
80888325,Female,0,Yes,Yes,43,Yes,No,No,No internet service,No internet service,No internet service,No internet service,No internet service,No internet service,Month-to-month,Yes,Bank transfer (automatic),60.04,2641.76,Yes
15711200,Female,0,Yes,Yes,47,Yes,No,Fiber optic,Yes,No,No,No,Yes,No,Month-to-month,Yes,Credit card (automatic),66.49,3191.52,No
40838737,Female,0,Yes,No,34,Yes,No,Fiber optic,Yes,No,Yes,Yes,Yes,Yes,Two year,Yes,Credit card (automatic),106.34,3721.9,Yes
38375916,Female,0,No,No,38,No,No phone service,DSL,Yes,No,No,Yes,No,Yes,One year,Yes,Mailed check,74.37,2885.56,No
86072480,Female,0,No,No,2,Yes,No,Fiber optic,No,No,Yes,No,No,No,One year,No,Bank transfer (automatic),47.48,132.94,No
73820568,Male,0,No,No,18,Yes,No,Fiber optic,Yes,No,Yes,Yes,Yes,No,One year,No,Electronic check,100.56,1910.64,No
46385762,Male,0,Yes,No,17,Yes,No,DSL,Yes,No,No,No,No,Yes,Month-to-month,No,Electronic check,77.01,1386.18,Yes
16249441,Female,0,No,No,4,Yes,Yes,Fiber optic,No,No,No,No,Yes,No,Month-to-month,No,Mailed check,28.58,142.9,No
19978827,Male,0,No,No,54,No,No phone service,DSL,Yes,No,Yes,No,No,No,Month-to-month,No,Mailed check,49.93,2736.16,No
47631028,Male,0,No,No,12,Yes,No,Fiber optic,No,No,No,Yes,Yes,Yes,One year,No,Credit card (automatic),67.48,877.24,No
82884346,Male,0,Yes,Yes,33,No,No phone service,Fiber optic,No,Yes,No,No,No,Yes,Two year,Yes,Credit card (automatic),93.06,3164.04,No
85633013,Female,0,No,No,17,Yes,No,Fiber optic,No,No,Yes,Yes,No,No,Month-to-month,Yes,Mailed check,66.15,1190.7,Yes
98329927,Female,0,No,No,67,No,No phone service,No,No internet service,No internet service,No internet service,No internet service,No internet service,No internet service,Month-to-month,No,Mailed check,98.68,6710.24,No
14416002,Female,0,Yes,Yes,71,Yes,No,No,No internet service,No internet service,No internet service,No internet service,No internet service,No internet service,Month-to-month,Yes,Electronic check,72.13,5193.36,No
34072553,Male,0,Yes,Yes,42,Yes,No,No,No internet service,No internet service,No internet service,No internet service,No internet service,No internet service,One year,No,Electronic check,49.67,2135.81,No
52209421,Male,0,No,No,64,Yes,No,No,No internet service,No internet service,No internet service,No internet service,No internet service,No internet service,Month-to-month,Yes,Electronic check,71.71,4661.15,Yes
12101593,Female,0,No,No,40,Yes,No,DSL,No,Yes,No,Yes,Yes,Yes,Month-to-month,Yes,Electronic check,91.89,3749.11,No
37804291,Female,0,No,Yes,37,Yes,Yes,Fiber optic,Yes,Yes,No,No,No,Yes,Two year,Yes,Bank transfer (automatic),64.47,2449.86,No
88790652,Male,0,No,Yes,37,No,No phone service,DSL,No,No,No,No,Yes,Yes,Month-to-month,No,Electronic check,36.94,1403.72,No
29353063,Male,0,No,No,12,Yes,No,DSL,Yes,Yes,No,No,Yes,Yes,Two year,Yes,Credit card (automatic),75.9,986.7,No
63458386,Male,0,Yes,No,21,Yes,No,Fiber optic,No,Yes,Yes,No,No,Yes,One year,Yes,Bank transfer (automatic),42.75,940.5,No
20326375,Male,1,Yes,Yes,28,No,No phone service,No,No internet service,No internet service,No internet service,No internet service,No internet service,No internet service,Two year,Yes,Mailed check,114.97,3334.13,No
50168264,Female,1,No,No,8,Yes,No,Fiber optic,Yes,Yes,No,Yes,Yes,Yes,Two year,No,Mailed check,104.17,937.53,No
31803703,Male,0,Yes,Yes,67,Yes,No,Fiber optic,Yes,Yes,No,Yes,No,No,Month-to-month,Yes,Electronic check,62.99,4283.32,No
85693188,Male,0,Yes,No,16,Yes,No,Fiber optic,No,Yes,No,Yes,No,Yes,Two year,No,Credit card (automatic),83.71,1423.07,No
42275631,Female,0,No,No,36,No,No phone service,Fiber optic,No,Yes,Yes,No,No,Yes,One year,Yes,Credit card (automatic),67.35,2491.95,No
86060638,Male,0,No,No,63,Yes,No,No,No internet service,No internet service,No internet service,No internet service,No internet service,No internet service,One year,No,Mailed check,115.11,7344.02,No
62231715,Male,0,Yes,No,66,Yes,Yes,DSL,Yes,No,No,Yes,No,No,Month-to-month,No,Electronic check,21.7,1453.9,No
82553061,Female,1,Yes,Yes,3,Yes,Yes,No,No internet service,No internet service,No internet service,No internet service,No internet service,No internet service,Month-to-month,Yes,Bank transfer (automatic),75.85,303.4,No
54524025,Male,0,Yes,No,39,Yes,Yes,DSL,No,No,No,Yes,No,No,Month-to-month,Yes,Electronic check,41.42,1656.8,No
61518966,Male,0,Yes,Yes,15,Yes,Yes,No,No internet service,No internet service,No internet service,No internet service,No internet service,No internet service,Month-to-month,Yes,Bank transfer (automatic),82.69,1323.04,No
28783850,Male,0,No,No,10,Yes,Yes,DSL,No,Yes,No,No,Yes,Yes,Two year,No,Bank transfer (automatic),18.0,198.0,No
20526386,Female,0,Yes,No,25,Yes,Yes,Fiber optic,No,No,No,Yes,No,No,One year,Yes,Credit card (automatic),79.87,2076.62,Yes
77215278,Female,1,No,No,71,Yes,No,No,No internet service,No internet service,No internet service,No internet service,No internet service,No internet service,Month-to-month,No,Mailed check,128.17,9228.24,Yes
56420476,Male,1,No,No,64,Yes,No,Fiber optic,No,Yes,Yes,Yes,Yes,Yes,Month-to-month,No,Electronic check,53.63,3475.22,Yes
17207013,Female,0,No,Yes,1,Yes,Yes,Fiber optic,No,Yes,Yes,No,Yes,No,One year,No,Credit card (automatic),24.77,49.54,No
23111164,Male,0,Yes,No,44,Yes,No,Fiber optic,No,No,Yes,Yes,No,Yes,One year,No,Electronic check,89.8,4041.0,No
68664992,Male,0,No,Yes,42,Yes,No,DSL,No,Yes,No,Yes,Yes,Yes,Month-to-month,Yes,Mailed check,60.51,2601.93,Yes
41157840,Female,0,Yes,No,2,Yes,No,DSL,No,Yes,No,No,Yes,No,Month-to-month,Yes,Electronic check,98.31,294.93,Yes
20202996,Male,0,Yes,Yes,33,Yes,No,DSL,Yes,Yes,No,No,Yes,No,One year,Yes,Mailed check,102.98,3501.32,No
55713584,Male,0,No,Yes,64,Yes,No,DSL,Yes,No,Yes,Yes,Yes,No,Month-to-month,Yes,Electronic check,100.95,6561.75,No
91224373,Female,0,No,Yes,63,Yes,No,No,No internet service,No internet service,No internet service,No internet service,No internet service,No internet service,Two year,No,Bank transfer (automatic),69.23,4430.72,No
92391596,Male,0,No,No,6,Yes,Yes,No,No internet service,No internet service,No internet service,No internet service,No internet service,No internet service,One year,Yes,Bank transfer (automatic),124.72,873.04,No
89941241,Male,0,Yes,Yes,34,Yes,Yes,DSL,No,Yes,No,Yes,Yes,No,Two year,Yes,Mailed check,93.83,3284.05,No
63244581,Male,0,Yes,No,21,Yes,No,No,No internet service,No internet service,No internet service,No internet service,No internet service,No internet service,Two year,Yes,Bank transfer (automatic),48.3,1052.94,No
53805532,Male,1,No,Yes,47,Yes,No,DSL,Yes,Yes,No,No,Yes,Yes,Month-to-month,Yes,Electronic check,50.49,2423.52,No
13976288,Female,1,No,Yes,31,No,No phone service,DSL,No,No,Yes,Yes,Yes,No,Month-to-month,Yes,Credit card (automatic),109.13,3492.16,No
95110541,Male,1,No,No,25,Yes,No,Fiber optic,Yes,Yes,No,Yes,No,Yes,Month-to-month,Yes,Mailed check,90.07,2341.82,No
46685332,Male,0,No,No,5,Yes,No,DSL,No,Yes,No,Yes,Yes,No,Month-to-month,Yes,Bank transfer (automatic),48.36,290.16,Yes
70471823,Male,0,Yes,Yes,45,Yes,Yes,DSL,No,Yes,No,Yes,Yes,Yes,Month-to-month,No,Electronic check,59.27,2726.42,Yes
75847681,Male,0,No,Yes,54,Yes,No,Fiber optic,Yes,No,Yes,No,Yes,Yes,Month-to-month,Yes,Credit card (automatic),68.08,3747.8,No
40620216,Female,0,Yes,No,54,No,No phone service,No,No internet service,No internet service,No internet service,No internet service,No internet service,No internet service,Month-to-month,No,Mailed check,94.61,5203.55,No
57756170,Male,0,No,No,56,Yes,Yes,Fiber optic,No,No,Yes,Yes,Yes,No,Two year,Yes,Electronic check,63.31,3608.67,No
84227466,Female,0,No,No,62,Yes,No,DSL,No,No,No,Yes,Yes,No,Month-to-month,No,Electronic check,109.44,6894.72,No
60388958,Female,0,No,Yes,0,Yes,Yes,Fiber optic,No,Yes,No,No,No,Yes,Two year,No,Electronic check,80.86,64.69,Yes
67961650,Female,1,No,No,20,No,No phone service,Fiber optic,Yes,No,No,Yes,No,Yes,Month-to-month,No,Credit card (automatic),110.89,2328.69,Yes
34929311,Male,0,Yes,Yes,19,Yes,No,Fiber optic,No,No,No,No,No,Yes,Month-to-month,No,Electronic check,35.6,712.0,No
88634827,Male,0,No,No,72,Yes,No,No,No internet service,No internet service,No internet service,No internet service,No internet service,No internet service,Two year,No,Electronic check,115.01,8395.73,No
98673882,Male,0,Yes,No,28,Yes,Yes,No,No internet service,No internet service,No internet service,No internet service,No internet service,No internet service,Month-to-month,Yes,Mailed check,105.09,3047.61,No
61012496,Male,0,Yes,No,42,Yes,No,No,No internet service,No internet service,No internet service,No internet service,No internet service,No internet service,Two year,No,Electronic check,72.25,3092.3,No
21501669,Male,1,Yes,No,44,Yes,Yes,Fiber optic,No,Yes,No,Yes,No,No,One year,No,Credit card (automatic),54.25,2441.25,No
93029219,Male,0,No,No,64,Yes,Yes,Fiber optic,Yes,No,Yes,No,No,No,Month-to-month,Yes,Mailed check,109.07,7089.55,No
49645162,Male,1,Yes,Yes,2,Yes,No,Fiber optic,Yes,No,No,No,Yes,No,Month-to-month,Yes,Electronic check,56.25,168.75,No
43077929,Female,0,Yes,Yes,19,Yes,Yes,Fiber optic,Yes,No,Yes,Yes,No,Yes,Month-to-month,No,Mailed check,69.84,1396.8,Yes
19865900,Female,0,No,No,36,Yes,No,DSL,No,No,Yes,Yes,No,Yes,Two year,Yes,Electronic check,85.16,3133.89,No
21010955,Male,0,No,No,37,Yes,No,Fiber optic,Yes,No,Yes,No,Yes,No,Two year,Yes,Bank transfer (automatic),35.93,1365.34,No
45966597,Male,0,Yes,Yes,44,Yes,Yes,DSL,No,No,Yes,No,No,No,One year,No,Credit card (automatic),64.52,2903.4,No
30699187,Female,0,Yes,No,41,Yes,No,No,No internet service,No internet service,No internet service,No internet service,No internet service,No internet service,One year,Yes,Electronic check,42.35,1778.7,No
61002735,Female,0,No,No,45,Yes,Yes,DSL,Yes,No,No,Yes,No,No,Month-to-month,Yes,Credit card (automatic),23.31,1072.26,Yes
95080736,Male,0,No,No,59,Yes,Yes,No,No internet service,No internet service,No internet service,No internet service,No internet service,No internet service,Two year,Yes,Electronic check,132.52,7951.2,No
30706693,Female,0,Yes,No,12,Yes,Yes,Fiber optic,Yes,No,Yes,No,No,No,Two year,Yes,Bank transfer (automatic),50.35,654.55,No
62294176,Male,0,No,No,30,Yes,Yes,Fiber optic,No,Yes,Yes,No,Yes,Yes,One year,Yes,Electronic check,88.72,2750.32,No
52503832,Male,1,No,Yes,67,Yes,No,DSL,No,Yes,No,Yes,Yes,Yes,Month-to-month,Yes,Credit card (automatic),132.83,9039.08,No
58412365,Female,0,No,No,61,Yes,No,Fiber optic,No,No,No,No,No,No,One year,No,Bank transfer (automatic),51.0,3162.0,No
24301022,Female,0,No,No,48,Yes,No,DSL,Yes,No,No,Yes,Yes,No,Month-to-month,Yes,Credit card (automatic),32.19,1578.92,Yes
22283664,Male,0,No,Yes,17,Yes,No,Fiber optic,Yes,Yes,No,Yes,Yes,No,Two year,No,Bank transfer (automatic),122.86,2186.91,Yes
10697290,Male,1,No,No,52,Yes,No,DSL,No,No,Yes,Yes,Yes,Yes,Two year,No,Bank transfer (automatic),42.05,2228.65,Yes
51374957,Male,1,Yes,No,17,Yes,Yes,Fiber optic,Yes,No,Yes,No,No,No,Two year,Yes,Mailed check,57.67,1038.06,Yes
69691437,Male,0,No,Yes,50,Yes,No,No,No internet service,No internet service,No internet service,No internet service,No internet service,No internet service,Month-to-month,No,Bank transfer (automatic),52.9,2697.9,No
58307308,Female,0,No,Yes,40,Yes,No,Fiber optic,No,Yes,Yes,Yes,No,No,One year,Yes,Credit card (automatic),74.64,3063.97,Yes
46207439,Male,0,Yes,Yes,66,No,No phone service,DSL,Yes,No,No,No,No,No,One year,Yes,Bank transfer (automatic),18.0,1206.0,No
23721268,Male,1,No,No,64,Yes,Yes,Fiber optic,No,No,No,No,Yes,No,Month-to-month,Yes,Mailed check,88.66,5767.33,No
27784789,Male,1,Yes,No,5,Yes,No,No,No internet service,No internet service,No internet service,No internet service,No internet service,No internet service,Two year,Yes,Bank transfer (automatic),83.96,503.76,No
21716836,Female,1,Yes,No,36,Yes,No,Fiber optic,No,Yes,Yes,No,No,No,Two year,No,Credit card (automatic),95.96,3550.52,No
35151299,Male,0,Yes,No,11,Yes,No,DSL,No,Yes,Yes,No,No,No,One year,No,Credit card (automatic),95.35,1144.2,No
67845091,Male,0,No,No,1,Yes,Yes,DSL,Yes,No,No,No,No,No,Month-to-month,Yes,Electronic check,83.62,167.24,No
70242778,Female,1,No,No,52,Yes,Yes,Fiber optic,No,No,Yes,Yes,No,Yes,Two year,No,Mailed check,60.83,3227.03,No
84757265,Female,0,Yes,No,24,Yes,Yes,DSL,Yes,No,No,No,No,Yes,One year,Yes,Credit card (automatic),71.76,1794.0,No
84455942,Male,0,No,Yes,27,Yes,No,Fiber optic,Yes,Yes,Yes,Yes,No,No,Two year,No,Electronic check,50.45,1402.51,No
78778646,Female,0,Yes,No,44,Yes,No,Fiber optic,Yes,Yes,Yes,No,No,No,Month-to-month,Yes,Electronic check,75.81,3411.45,No
64766762,Female,1,No,No,36,Yes,No,DSL,No,No,No,No,No,Yes,One year,No,Mailed check,46.3,1713.1,No
23863742,Female,0,No,Yes,16,Yes,No,Fiber optic,No,No,Yes,Yes,No,Yes,One year,Yes,Mailed check,74.11,1259.87,No
13524813,Male,0,No,No,68,Yes,No,No,No internet service,No internet service,No internet service,No internet service,No internet service,No internet service,Month-to-month,No,Bank transfer (automatic),56.8,3919.2,No
22028437,Male,0,No,No,55,Yes,Yes,Fiber optic,No,No,No,Yes,Yes,Yes,Month-to-month,Yes,Electronic check,45.47,2537.23,Yes
57501571,Male,0,Yes,No,57,Yes,No,DSL,No,Yes,Yes,Yes,Yes,Yes,Two year,Yes,Electronic check,101.51,5887.58,No
84386123,Female,0,No,No,3,Yes,No,Fiber optic,Yes,No,No,Yes,Yes,No,Two year,Yes,Credit card (automatic),93.79,375.16,Yes
22490873,Male,0,No,Yes,54,Yes,No,DSL,Yes,No,Yes,No,Yes,Yes,Two year,Yes,Mailed check,71.71,3944.05,No
90117857,Male,0,Yes,No,48,Yes,No,No,No internet service,No internet service,No internet service,No internet service,No internet service,No internet service,Two year,Yes,Credit card (automatic),18.0,882.0,No
90268079,Male,0,No,Yes,37,Yes,No,No,No internet service,No internet service,No internet service,No internet service,No internet service,No internet service,Month-to-month,No,Bank transfer (automatic),43.63,1660.12,Yes
53544301,Male,1,No,Yes,44,Yes,Yes,No,No internet service,No internet service,No internet service,No internet service,No internet service,No internet service,Two year,Yes,Electronic check,67.69,3046.05,No
61705758,Female,0,Yes,No,29,Yes,No,Fiber optic,No,No,Yes,No,Yes,Yes,Month-to-month,No,Credit card (automatic),84.19,2525.7,No
11656329,Male,0,No,No,36,Yes,No,Fiber optic,No,No,Yes,Yes,Yes,No,One year,Yes,Electronic check,84.69,3133.53,No
49171088,Female,1,No,No,55,Yes,No,No,No internet service,No internet service,No internet service,No internet service,No internet service,No internet service,Month-to-month,Yes,Mailed check,76.95,4309.2,Yes
65540647,Male,0,No,No,26,Yes,No,DSL,No,No,No,No,No,No,Month-to-month,Yes,Credit card (automatic),70.92,1900.66,Yes
62049575,Female,0,Yes,No,31,Yes,No,DSL,No,No,No,No,No,No,Two year,Yes,Credit card (automatic),63.54,2020.57,No
21368176,Female,0,Yes,No,10,Yes,Yes,Fiber optic,No,Yes,Yes,No,Yes,No,One year,No,Bank transfer (automatic),51.15,562.65,No
85099723,Female,0,Yes,No,57,Yes,No,No,No internet service,No internet service,No internet service,No internet service,No internet service,No internet service,Month-to-month,Yes,Electronic check,119.67,6940.86,No
42580349,Male,0,No,Yes,34,Yes,No,Fiber optic,Yes,Yes,Yes,Yes,Yes,Yes,Month-to-month,No,Electronic check,100.98,3534.3,No
86767229,Female,0,No,Yes,16,Yes,No,Fiber optic,Yes,No,No,No,Yes,No,Two year,No,Electronic check,87.48,1487.16,No
79941466,Male,0,No,No,29,Yes,No,Fiber optic,No,Yes,No,No,No,No,One year,Yes,Credit card (automatic),35.97,1080.9,No
32761034,Female,0,Yes,No,17,Yes,No,Fiber optic,No,No,No,No,Yes,Yes,Month-to-month,Yes,Credit card (automatic),34.52,623.09,No
61100987,Female,0,Yes,Yes,29,No,No phone service,DSL,No,No,No,No,Yes,Yes,One year,Yes,Electronic check,69.03,2070.9,No
32750139,Male,0,No,Yes,15,Yes,No,Fiber optic,Yes,No,No,No,Yes,No,Month-to-month,No,Electronic check,54.6,862.68,No
28634797,Female,0,No,Yes,53,Yes,No,Fiber optic,Yes,Yes,Yes,No,No,Yes,Month-to-month,Yes,Mailed check,35.82,1934.28,Yes
46093692,Female,0,No,No,3,No,No phone service,Fiber optic,Yes,Yes,Yes,No,No,Yes,Month-to-month,Yes,Credit card (automatic),73.13,277.89,No
50417154,Male,0,No,Yes,14,Yes,Yes,Fiber optic,Yes,Yes,No,Yes,Yes,Yes,Month-to-month,No,Mailed check,18.0,270.0,Yes
46024950,Female,0,No,Yes,26,Yes,Yes,Fiber optic,No,No,No,No,Yes,No,Two year,No,Bank transfer (automatic),67.26,1816.02,No
76185975,Female,0,No,No,3,No,No phone service,No,No internet service,No internet service,No internet service,No internet service,No internet service,No internet service,Month-to-month,No,Bank transfer (automatic),85.28,324.06,No
29587040,Female,0,No,No,34,Yes,No,Fiber optic,No,Yes,No,No,No,Yes,Month-to-month,Yes,Credit card (automatic),84.31,2950.85,No
18491573,Male,1,Yes,No,62,Yes,Yes,Fiber optic,No,Yes,No,No,Yes,Yes,Month-to-month,No,Credit card (automatic),18.0,1134.0,No
32442197,Male,1,No,No,65,Yes,No,Fiber optic,Yes,Yes,No,No,No,Yes,Two year,Yes,Credit card (automatic),18.0,1188.0,No
68341261,Male,0,No,Yes,38,Yes,Yes,No,No internet service,No internet service,No internet service,No internet service,No internet service,No internet service,Month-to-month,Yes,Bank transfer (automatic),63.62,2481.18,No
47038975,Male,0,Yes,No,27,Yes,No,Fiber optic,Yes,No,No,No,No,Yes,One year,No,Electronic check,51.06,1429.68,No
66519399,Female,0,Yes,No,33,Yes,No,DSL,Yes,No,Yes,No,No,No,Month-to-month,No,Credit card (automatic),33.49,1131.96,Yes
50232066,Female,1,Yes,No,32,Yes,No,DSL,Yes,Yes,Yes,Yes,No,Yes,Month-to-month,Yes,Bank transfer (automatic),18.0,594.0,Yes
74992426,Male,0,No,No,49,Yes,No,DSL,No,Yes,No,No,Yes,Yes,One year,Yes,Credit card (automatic),43.53,2176.5,No
20324210,Female,0,Yes,No,59,Yes,Yes,DSL,Yes,No,Yes,No,No,Yes,One year,Yes,Electronic check,66.94,4019.75,No
58469365,Female,0,Yes,Yes,71,Yes,No,Fiber optic,Yes,Yes,Yes,No,No,No,Two year,No,Bank transfer (automatic),62.91,4529.52,No
43782566,Female,0,No,No,71,Yes,No,No,No internet service,No internet service,No internet service,No internet service,No internet service,No internet service,One year,No,Electronic check,33.9,2440.8,No
43096758,Female,1,Yes,Yes,41,Yes,No,Fiber optic,No,Yes,No,No,No,No,Two year,Yes,Electronic check,39.92,1668.66,No
93890601,Male,0,No,No,27,Yes,Yes,DSL,Yes,Yes,No,No,Yes,No,Month-to-month,No,Mailed check,59.77,1676.55,No
76545476,Female,0,No,No,26,Yes,No,DSL,Yes,Yes,Yes,No,Yes,Yes,One year,Yes,Bank transfer (automatic),45.12,1218.24,No
89699345,Male,0,No,No,0,Yes,Yes,Fiber optic,No,Yes,No,Yes,Yes,No,Month-to-month,Yes,Electronic check,79.67,79.67,No
92767884,Female,0,Yes,No,7,Yes,No,Fiber optic,No,No,Yes,Yes,No,Yes,Two year,No,Electronic check,86.78,694.24,No
36246038,Male,0,Yes,No,45,No,No phone service,No,No internet service,No internet service,No internet service,No internet service,No internet service,No internet service,One year,Yes,Credit card (automatic),83.6,3845.6,No
71453148,Female,0,Yes,No,23,Yes,No,No,No internet service,No internet service,No internet service,No internet service,No internet service,No internet service,Month-to-month,No,Credit card (automatic),37.19,894.42,Yes
24357588,Female,0,No,No,39,No,No phone service,No,No internet service,No internet service,No internet service,No internet service,No internet service,No internet service,One year,Yes,Credit card (automatic),80.01,3200.4,No
28185096,Male,0,No,No,50,Yes,No,Fiber optic,No,No,No,No,Yes,No,Two year,No,Electronic check,80.77,4119.27,No
50890504,Male,0,Yes,No,23,Yes,No,Fiber optic,No,Yes,No,Yes,No,No,Month-to-month,No,Mailed check,114.59,2750.16,No
10908300,Female,0,No,No,21,Yes,Yes,DSL,No,No,No,No,No,No,Two year,Yes,Bank transfer (automatic),129.23,2843.06,No
63108878,Female,0,Yes,No,67,Yes,No,DSL,Yes,No,No,No,No,Yes,Month-to-month,No,Bank transfer (automatic),107.21,7290.28,Yes
54589439,Female,0,No,No,7,Yes,No,DSL,Yes,Yes,No,Yes,No,Yes,One year,Yes,Mailed check,56.27,438.91,No
93240786,Female,0,No,No,57,Yes,No,DSL,No,Yes,No,Yes,No,Yes,Month-to-month,Yes,Mailed check,46.85,2717.3,Yes
60987966,Female,1,No,No,14,No,No phone service,DSL,No,No,Yes,No,Yes,No,Month-to-month,No,Bank transfer (automatic),63.97,959.55,No
54230340,Female,0,No,No,7,Yes,No,No,No internet service,No internet service,No internet service,No internet service,No internet service,No internet service,Month-to-month,Yes,Bank transfer (automatic),52.85,422.8,Yes
69085720,Female,0,No,No,41,Yes,No,Fiber optic,No,No,Yes,No,No,No,Month-to-month,No,Electronic check,132.82,5578.44,No
54927535,Female,0,No,No,38,Yes,No,No,No internet service,No internet service,No internet service,No internet service,No internet service,No internet service,One year,No,Bank transfer (automatic),98.66,3852.67,No
67796330,Male,0,No,Yes,34,Yes,No,No,No internet service,No internet service,No internet service,No internet service,No internet service,No internet service,Month-to-month,Yes,Mailed check,88.69,3104.15,Yes
97380687,Male,0,No,No,40,Yes,No,No,No internet service,No internet service,No internet service,No internet service,No internet service,No internet service,One year,No,Electronic check,94.1,3858.1,No
89778067,Male,0,No,No,47,Yes,Yes,No,No internet service,No internet service,No internet service,No internet service,No internet service,No internet service,Two year,Yes,Electronic check,111.13,5334.24,Yes
28270317,Female,1,No,Yes,70,Yes,No,Fiber optic,No,Yes,No,Yes,No,No,One year,Yes,Electronic check,88.55,6287.05,No
50323741,Female,0,No,No,43,Yes,No,Fiber optic,Yes,No,No,No,Yes,Yes,Month-to-month,Yes,Mailed check,64.27,2827.88,No
53038948,Male,1,No,No,34,Yes,No,Fiber optic,Yes,No,No,No,No,No,Month-to-month,Yes,Credit card (automatic),92.26,3229.1,No
90961645,Female,0,No,No,26,Yes,No,No,No internet service,No internet service,No internet service,No internet service,No internet service,No internet service,Two year,Yes,Electronic check,92.01,2484.27,No
36957830,Female,0,Yes,No,64,Yes,No,No,No internet service,No internet service,No internet service,No internet service,No internet service,No internet service,Two year,Yes,Credit card (automatic),36.48,2373.02,No
74291599,Male,0,Yes,No,69,Yes,Yes,No,No internet service,No internet service,No internet service,No internet service,No internet service,No internet service,One year,Yes,Mailed check,142.02,9948.5,No
52168966,Male,0,Yes,No,65,Yes,No,Fiber optic,Yes,No,Yes,Yes,No,Yes,Month-to-month,Yes,Electronic check,51.59,3404.94,No
33842070,Male,0,No,Yes,70,No,No phone service,Fiber optic,Yes,No,No,No,Yes,No,Month-to-month,No,Credit card (automatic),116.27,8231.92,No
63450811,Female,0,Yes,No,71,Yes,No,No,No internet service,No internet service,No internet service,No internet service,No internet service,No internet service,Two year,Yes,Bank transfer (automatic),65.18,4692.96,No
52833932,Female,0,No,No,62,Yes,Yes,No,No internet service,No internet service,No internet service,No internet service,No internet service,No internet service,Two year,Yes,Electronic check,104.76,6599.88,No
49117508,Male,0,No,No,28,Yes,Yes,Fiber optic,No,No,No,Yes,No,No,Month-to-month,Yes,Bank transfer (automatic),71.61,2076.69,No
94946730,Female,0,No,No,30,Yes,No,Fiber optic,Yes,No,No,No,Yes,No,Month-to-month,Yes,Bank transfer (automatic),26.7,827.7,No
75901885,Male,0,Yes,Yes,63,Yes,No,No,No internet service,No internet service,No internet service,No internet service,No internet service,No internet service,One year,Yes,Mailed check,102.08,6533.12,No
87293208,Male,0,No,No,52,Yes,Yes,Fiber optic,Yes,No,No,No,Yes,No,One year,Yes,Bank transfer (automatic),114.2,6052.6,No
42537638,Male,0,No,No,67,Yes,No,No,No internet service,No internet service,No internet service,No internet service,No internet service,No internet service,Month-to-month,Yes,Electronic check,69.79,4745.72,No
53739710,Female,0,No,Yes,24,Yes,No,DSL,No,Yes,No,Yes,Yes,Yes,One year,Yes,Bank transfer (automatic),95.74,2374.35,No
60473288,Female,0,Yes,No,12,Yes,Yes,Fiber optic,Yes,No,Yes,No,No,Yes,Month-to-month,Yes,Electronic check,49.21,642.19,No
47621248,Male,0,No,No,39,No,No phone service,Fiber optic,Yes,Yes,Yes,No,No,Yes,Two year,Yes,Electronic check,71.89,2875.6,No
62738860,Male,0,No,No,71,Yes,No,Fiber optic,No,No,No,Yes,No,No,One year,Yes,Electronic check,103.26,7434.72,No
58991556,Male,0,No,No,6,Yes,No,DSL,No,Yes,Yes,Yes,No,Yes,Month-to-month,No,Electronic check,81.47,570.29,Yes
25285764,Female,0,No,Yes,31,Yes,Yes,DSL,Yes,Yes,No,No,No,No,Month-to-month,Yes,Electronic check,85.36,2731.52,No
85678734,Female,0,No,No,23,Yes,Yes,No,No internet service,No internet service,No internet service,No internet service,No internet service,No internet service,Two year,No,Credit card (automatic),100.8,2424.24,No
36816708,Male,1,No,Yes,0,Yes,No,DSL,No,Yes,Yes,Yes,No,Yes,Two year,Yes,Credit card (automatic),120.61,120.61,No
89487366,Male,0,No,No,46,Yes,Yes,DSL,Yes,No,No,Yes,No,No,Month-to-month,Yes,Bank transfer (automatic),103.95,4890.85,Yes
83233096,Male,0,No,No,50,Yes,No,Fiber optic,No,No,No,Yes,Yes,No,Month-to-month,No,Credit card (automatic),79.95,4081.45,No
34149421,Female,0,No,No,35,Yes,No,Fiber optic,Yes,No,No,Yes,Yes,No,Two year,Yes,Mailed check,69.56,2490.25,No
83833059,Male,0,Yes,No,26,No,No phone service,No,No internet service,No internet service,No internet service,No internet service,No internet service,No internet service,Month-to-month,Yes,Bank transfer (automatic),75.76,2045.52,Yes
13612618,Male,1,Yes,Yes,69,Yes,No,Fiber optic,Yes,No,Yes,Yes,No,No,One year,No,Credit card (automatic),31.48,2203.6,No
71957885,Male,0,Yes,No,41,Yes,No,Fiber optic,No,No,Yes,No,Yes,No,One year,Yes,Mailed check,78.04,3277.68,No
38138531,Female,0,Yes,No,67,Yes,No,Fiber optic,No,Yes,No,No,No,No,One year,No,Bank transfer (automatic),35.65,2424.2,No
68848427,Female,1,Yes,No,69,Yes,Yes,No,No internet service,No internet service,No internet service,No internet service,No internet service,No internet service,Month-to-month,No,Mailed check,58.78,4114.6,No
49101812,Male,0,Yes,Yes,12,Yes,No,DSL,No,No,Yes,No,No,No,Month-to-month,Yes,Electronic check,92.51,1207.26,Yes
19282319,Female,0,No,No,24,No,No phone service,Fiber optic,No,No,No,No,Yes,Yes,Month-to-month,Yes,Credit card (automatic),58.19,1454.75,No
64914054,Female,0,Yes,No,21,No,No phone service,No,No internet service,No internet service,No internet service,No internet service,No internet service,No internet service,Month-to-month,No,Electronic check,112.27,2469.94,No
77015343,Male,0,Yes,No,20,Yes,No,Fiber optic,Yes,Yes,No,No,Yes,Yes,Month-to-month,Yes,Mailed check,68.79,1444.59,No
28680305,Female,0,No,No,14,Yes,No,Fiber optic,No,Yes,No,No,No,No,Month-to-month,Yes,Electronic check,106.12,1591.8,No
95004924,Male,0,No,No,66,No,No phone service,DSL,Yes,No,Yes,No,No,Yes,Two year,No,Mailed check,61.71,4134.57,No
50645509,Female,0,No,No,36,Yes,No,Fiber optic,No,No,No,Yes,No,No,Month-to-month,Yes,Bank transfer (automatic),66.78,2457.5,Yes
42483531,Male,0,No,No,44,Yes,No,DSL,No,Yes,No,Yes,Yes,Yes,Month-to-month,No,Mailed check,104.6,4707.0,Yes
43914361,Male,0,Yes,Yes,25,Yes,No,DSL,Yes,Yes,Yes,No,Yes,Yes,Two year,Yes,Bank transfer (automatic),64.69,1681.94,No
98404247,Female,0,Yes,No,54,Yes,No,Fiber optic,Yes,No,No,No,No,No,One year,Yes,Mailed check,81.24,4468.2,No
30688754,Female,0,Yes,No,49,No,No phone service,No,No internet service,No internet service,No internet service,No internet service,No internet service,No internet service,Month-to-month,Yes,Mailed check,57.25,2851.05,No
66791272,Female,1,Yes,Yes,34,Yes,No,DSL,No,Yes,Yes,No,No,Yes,Month-to-month,Yes,Mailed check,18.0,630.0,No
60598851,Female,0,Yes,Yes,40,Yes,No,DSL,Yes,No,Yes,No,Yes,No,Month-to-month,Yes,Credit card (automatic),52.09,2135.69,No
19927432,Male,0,No,Yes,71,Yes,Yes,DSL,Yes,Yes,Yes,No,Yes,Yes,Month-to-month,Yes,Bank transfer (automatic),113.86,8197.92,No
70272714,Male,0,Yes,No,10,No,No phone service,Fiber optic,No,No,Yes,Yes,No,Yes,Month-to-month,No,Mailed check,80.06,880.66,No
90253323,Female,0,Yes,Yes,7,Yes,No,Fiber optic,Yes,No,No,Yes,No,No,Two year,Yes,Bank transfer (automatic),96.81,779.32,No
74321792,Female,0,Yes,Yes,53,Yes,No,Fiber optic,Yes,Yes,No,Yes,No,Yes,Month-to-month,Yes,Credit card (automatic),97.89,2221.925,No
88147469,Female,1,No,No,0,Yes,Yes,No,No internet service,No internet service,No internet service,No internet service,No internet service,No internet service,Month-to-month,Yes,Mailed check,93.37,93.37,No
63795149,Male,0,Yes,No,19,Yes,No,DSL,Yes,Yes,Yes,No,Yes,Yes,Month-to-month,Yes,Credit card (automatic),117.86,2363.09,No
81721578,Female,1,Yes,No,33,Yes,No,Fiber optic,Yes,Yes,Yes,No,No,No,Two year,Yes,Electronic check,60.45,2055.3,No
77996397,Male,0,Yes,No,56,Yes,Yes,DSL,No,No,No,Yes,Yes,No,Two year,Yes,Bank transfer (automatic),114.56,6529.92,No
66143368,Male,0,Yes,No,12,Yes,No,DSL,No,Yes,No,Yes,No,Yes,Month-to-month,Yes,Mailed check,90.12,1171.56,Yes
82966824,Male,0,Yes,No,53,Yes,No,DSL,Yes,Yes,Yes,No,No,No,Two year,No,Electronic check,83.36,4501.44,No
14934536,Female,0,No,No,52,Yes,No,DSL,Yes,Yes,Yes,Yes,No,No,Month-to-month,Yes,Credit card (automatic),18.0,954.0,Yes
58255231,Male,0,Yes,No,51,Yes,No,Fiber optic,No,Yes,No,No,Yes,Yes,Month-to-month,No,Mailed check,82.05,4270.7,No
82062301,Female,0,No,No,5,Yes,No,DSL,Yes,No,Yes,No,Yes,No,One year,Yes,Bank transfer (automatic),97.53,585.18,Yes
89701163,Female,0,No,Yes,35,Yes,Yes,DSL,Yes,Yes,Yes,Yes,No,No,Month-to-month,Yes,Mailed check,76.99,2771.64,No
95655118,Male,1,No,No,24,Yes,No,DSL,Yes,Yes,Yes,Yes,No,Yes,Month-to-month,Yes,Bank transfer (automatic),107.52,2666.5,No
21406082,Male,0,Yes,No,57,Yes,No,DSL,No,No,No,No,Yes,No,Two year,Yes,Bank transfer (automatic),108.87,6314.46,No
24679315,Female,0,Yes,No,54,Yes,No,DSL,Yes,No,No,No,Yes,Yes,One year,Yes,Credit card (automatic),61.64,3390.2,No
43316996,Female,0,Yes,No,2,Yes,No,DSL,No,Yes,No,Yes,No,No,Two year,No,Credit card (automatic),73.28,219.84,No
98261798,Female,0,No,No,27,Yes,Yes,No,No internet service,No internet service,No internet service,No internet service,No internet service,No internet service,Month-to-month,Yes,Bank transfer (automatic),62.04,1737.12,No
99213703,Female,0,No,No,67,Yes,No,Fiber optic,Yes,Yes,Yes,Yes,No,Yes,Month-to-month,No,Mailed check,57.35,3899.8,Yes
57648477,Female,1,Yes,No,37,Yes,No,Fiber optic,No,No,No,Yes,Yes,Yes,Month-to-month,Yes,Mailed check,72.98,2773.24,No
32325574,Female,0,No,No,33,Yes,Yes,No,No internet service,No internet service,No internet service,No internet service,No internet service,No internet service,Month-to-month,No,Bank transfer (automatic),77.03,2619.02,No
96838849,Female,0,No,No,12,Yes,No,Fiber optic,Yes,No,Yes,No,No,No,Month-to-month,Yes,Mailed check,18.0,234.0,No
92232236,Male,0,No,No,4,Yes,Yes,Fiber optic,No,Yes,No,Yes,No,No,Two year,No,Electronic check,68.82,344.1,No
15945401,Male,0,Yes,No,59,Yes,Yes,Fiber optic,No,Yes,No,No,No,No,Month-to-month,Yes,Bank transfer (automatic),82.15,4929.0,Yes
85594147,Male,0,No,No,16,Yes,Yes,Fiber optic,Yes,No,No,No,Yes,Yes,Month-to-month,Yes,Credit card (automatic),73.89,1256.13,Yes
96574622,Female,0,Yes,No,56,Yes,No,No,No internet service,No internet service,No internet service,No internet service,No internet service,No internet service,Two year,Yes,Electronic check,67.88,3869.16,No
96804457,Male,0,No,Yes,30,Yes,No,DSL,Yes,No,No,Yes,No,No,Month-to-month,Yes,Electronic check,39.67,1231.75,No
63635785,Male,0,Yes,No,64,Yes,Yes,DSL,Yes,Yes,No,Yes,No,No,Month-to-month,Yes,Credit card (automatic),30.81,2002.65,No
54506155,Male,0,Yes,Yes,65,Yes,No,DSL,No,No,No,Yes,Yes,No,Month-to-month,No,Credit card (automatic),54.04,3566.64,Yes
67774765,Male,0,No,No,32,Yes,Yes,No,No internet service,No internet service,No internet service,No internet service,No internet service,No internet service,Two year,Yes,Mailed check,18.0,594.0,Yes
24219637,Male,0,No,No,3,Yes,No,Fiber optic,Yes,No,Yes,Yes,No,Yes,Two year,No,Electronic check,68.71,274.84,Yes
11415698,Male,0,Yes,No,54,Yes,Yes,No,No internet service,No internet service,No internet service,No internet service,No internet service,No internet service,Month-to-month,No,Credit card (automatic),44.75,2461.25,No
23234748,Female,0,Yes,No,23,Yes,No,Fiber optic,No,Yes,No,Yes,No,No,Month-to-month,Yes,Credit card (automatic),76.05,1809.99,Yes
44727276,Male,0,No,No,31,No,No phone service,Fiber optic,Yes,No,Yes,Yes,No,No,Month-to-month,No,Bank transfer (automatic),53.17,1701.44,No
39796480,Male,0,No,No,72,No,No phone service,Fiber optic,No,No,No,No,Yes,No,Month-to-month,No,Credit card (automatic),18.0,1314.0,No
78541804,Male,0,No,No,46,Yes,No,Fiber optic,No,Yes,Yes,Yes,No,No,Month-to-month,Yes,Bank transfer (automatic),40.56,1906.32,No
79631857,Male,0,No,No,15,Yes,No,Fiber optic,No,Yes,Yes,Yes,Yes,Yes,Month-to-month,Yes,Bank transfer (automatic),75.59,1209.44,Yes
84892608,Female,0,Yes,Yes,20,Yes,Yes,Fiber optic,No,No,No,No,No,No,Month-to-month,Yes,Credit card (automatic),93.39,1961.19,Yes
87915846,Female,0,No,Yes,66,Yes,No,Fiber optic,No,No,No,No,No,Yes,Two year,Yes,Mailed check,61.8,4140.6,No
87206788,Male,0,No,No,30,Yes,No,DSL,Yes,Yes,No,No,No,No,Two year,Yes,Mailed check,77.55,2404.05,No
39666377,Male,0,No,Yes,13,Yes,No,Fiber optic,No,No,No,Yes,Yes,No,Month-to-month,Yes,Credit card (automatic),64.5,906.22,No
69831384,Male,1,Yes,No,5,Yes,No,Fiber optic,Yes,Yes,Yes,Yes,No,No,Two year,Yes,Electronic check,63.52,381.12,No
60213478,Female,1,No,Yes,68,Yes,No,No,No internet service,No internet service,No internet service,No internet service,No internet service,No internet service,Two year,No,Bank transfer (automatic),45.66,2221.925,No
62497139,Female,0,No,No,28,Yes,Yes,No,No internet service,No internet service,No internet service,No internet service,No internet service,No internet service,Two year,Yes,Electronic check,69.05,1988.64,No
72151291,Male,0,No,No,54,Yes,No,Fiber optic,Yes,No,No,No,Yes,No,Month-to-month,Yes,Electronic check,51.61,2838.55,Yes
88999206,Male,0,No,No,36,No,No phone service,DSL,No,No,Yes,No,Yes,No,Month-to-month,Yes,Electronic check,111.33,4119.21,Yes
77171380,Male,0,No,Yes,58,No,No phone service,No,No internet service,No internet service,No internet service,No internet service,No internet service,No internet service,One year,Yes,Electronic check,49.74,2937.15,No
30232642,Female,0,No,Yes,35,Yes,No,DSL,Yes,Yes,Yes,No,No,No,Two year,Yes,Bank transfer (automatic),75.29,2710.44,No
56300738,Male,1,Yes,No,58,No,No phone service,Fiber optic,No,Yes,Yes,No,No,No,Month-to-month,Yes,Electronic check,38.01,2242.59,No
13296743,Female,0,Yes,Yes,63,Yes,No,DSL,No,No,No,No,No,Yes,Month-to-month,No,Bank transfer (automatic),64.02,4084.48,No
74796438,Male,1,No,No,42,Yes,Yes,Fiber optic,Yes,No,Yes,No,Yes,Yes,One year,Yes,Bank transfer (automatic),39.7,1699.16,No
24032377,Female,0,No,No,41,Yes,Yes,Fiber optic,No,Yes,Yes,No,No,No,Two year,No,Bank transfer (automatic),52.91,2222.22,No
49652241,Female,0,Yes,Yes,59,Yes,No,Fiber optic,Yes,No,No,No,Yes,Yes,Month-to-month,Yes,Bank transfer (automatic),99.26,5955.6,No
65831276,Male,0,No,No,61,Yes,No,No,No internet service,No internet service,No internet service,No internet service,No internet service,No internet service,Two year,No,Mailed check,68.64,4255.68,No
21523236,Male,0,Yes,No,63,Yes,No,Fiber optic,No,No,No,Yes,Yes,Yes,Month-to-month,No,Bank transfer (automatic),94.86,6071.04,No
25578562,Female,0,Yes,No,57,Yes,Yes,Fiber optic,No,No,No,No,No,No,Month-to-month,Yes,Credit card (automatic),63.68,3696.62,Yes
29015320,Male,0,No,No,1,Yes,Yes,Fiber optic,No,Yes,No,No,Yes,No,Month-to-month,Yes,Electronic check,92.04,184.08,No
56751880,Female,0,No,No,70,Yes,No,DSL,No,No,No,No,No,Yes,Month-to-month,Yes,Credit card (automatic),94.55,6717.78,No
51861213,Female,0,Yes,No,7,Yes,No,Fiber optic,Yes,No,No,No,No,Yes,Month-to-month,Yes,Credit card (automatic),91.38,731.04,Yes
56045630,Female,0,No,No,55,Yes,No,Fiber optic,No,Yes,Yes,Yes,No,No,One year,No,Bank transfer (automatic),98.53,5517.68,No
71113711,Female,0,No,Yes,35,Yes,No,Fiber optic,No,Yes,No,No,Yes,Yes,Two year,Yes,Credit card (automatic),84.64,3047.04,No
37765262,Male,0,No,No,68,Yes,No,Fiber optic,No,Yes,No,No,Yes,No,Month-to-month,Yes,Electronic check,57.16,3946.9,Yes
79942848,Female,0,Yes,No,12,Yes,No,Fiber optic,Yes,Yes,Yes,Yes,No,Yes,Month-to-month,No,Electronic check,27.52,357.76,Yes
74817230,Male,0,No,No,38,Yes,Yes,Fiber optic,No,No,Yes,No,Yes,Yes,Month-to-month,No,Credit card (automatic),47.16,1839.24,Yes
56748074,Male,0,Yes,No,5,No,No phone service,Fiber optic,Yes,Yes,No,Yes,No,No,Two year,No,Electronic check,81.75,494.59,No
73909453,Female,1,Yes,No,18,Yes,No,Fiber optic,Yes,No,No,Yes,Yes,Yes,Month-to-month,Yes,Bank transfer (automatic),103.38,1964.22,No
23102741,Male,0,No,No,24,Yes,No,No,No internet service,No internet service,No internet service,No internet service,No internet service,No internet service,Month-to-month,No,Electronic check,84.68,2100.06,No
68809636,Female,0,No,No,2,No,No phone service,Fiber optic,No,Yes,No,No,Yes,Yes,Month-to-month,Yes,Mailed check,60.65,181.95,No
70726434,Male,0,Yes,No,52,Yes,No,DSL,No,No,Yes,Yes,Yes,No,Two year,Yes,Mailed check,57.22,3032.66,No
52803305,Female,1,No,No,27,Yes,Yes,Fiber optic,No,No,No,No,Yes,No,One year,Yes,Electronic check,71.04,1992.67,No
19015987,Female,0,No,No,25,Yes,No,Fiber optic,No,Yes,No,Yes,No,Yes,One year,Yes,Bank transfer (automatic),88.21,2293.46,No
50300763,Female,0,No,No,46,Yes,No,DSL,No,No,No,No,No,No,Month-to-month,Yes,Electronic check,71.07,3340.29,No
15997257,Female,0,No,Yes,7,Yes,No,Fiber optic,Yes,Yes,Yes,Yes,No,No,Month-to-month,Yes,Mailed check,55.0,440.0,No
25446483,Female,0,Yes,No,56,Yes,No,Fiber optic,Yes,No,No,No,No,No,Two year,No,Credit card (automatic),44.53,2538.21,No
13031322,Male,0,No,Yes,54,Yes,No,Fiber optic,No,No,No,No,Yes,Yes,Month-to-month,Yes,Bank transfer (automatic),48.52,2668.6,No
56047142,Male,0,Yes,Yes,0,Yes,No,No,No internet service,No internet service,No internet service,No internet service,No internet service,No internet service,Month-to-month,Yes,Bank transfer (automatic),49.15,49.15,Yes
96969050,Male,0,No,No,39,Yes,No,No,No internet service,No internet service,No internet service,No internet service,No internet service,No internet service,Month-to-month,Yes,Mailed check,68.07,2722.8,No
24678410,Male,1,Yes,No,22,Yes,Yes,DSL,Yes,No,Yes,No,No,No,Two year,Yes,Electronic check,45.73,1051.79,No
32059232,Female,0,Yes,No,53,Yes,No,Fiber optic,No,No,Yes,No,Yes,No,Month-to-month,Yes,Mailed check,53.21,2873.34,No
42737441,Female,0,No,No,41,Yes,No,Fiber optic,Yes,Yes,Yes,Yes,Yes,Yes,Two year,Yes,Mailed check,90.57,3803.94,No
79255529,Female,0,Yes,No,49,Yes,No,DSL,Yes,No,No,No,Yes,No,Two year,Yes,Electronic check,87.61,4380.5,No
33414716,Female,0,Yes,No,3,Yes,No,DSL,No,Yes,No,Yes,Yes,Yes,Month-to-month,Yes,Bank transfer (automatic),120.89,483.56,No
84076145,Male,0,No,Yes,7,Yes,No,DSL,No,No,Yes,No,Yes,Yes,Two year,No,Mailed check,80.22,625.72,No
31493051,Male,0,No,No,35,Yes,Yes,DSL,Yes,Yes,No,Yes,Yes,Yes,One year,Yes,Electronic check,27.78,1000.08,Yes
54424679,Female,0,No,No,9,Yes,No,No,No internet service,No internet service,No internet service,No internet service,No internet service,No internet service,One year,Yes,Electronic check,23.78,237.8,No
85141654,Female,0,Yes,No,29,Yes,Yes,DSL,Yes,Yes,No,Yes,No,No,Two year,Yes,Electronic check,73.8,2214.0,No
67226329,Male,0,Yes,Yes,15,Yes,Yes,DSL,No,No,Yes,No,No,Yes,Month-to-month,Yes,Credit card (automatic),68.55,1096.8,No
72015859,Male,1,Yes,Yes,29,No,No phone service,DSL,No,Yes,No,Yes,No,No,One year,Yes,Credit card (automatic),62.5,1862.5,No
41119124,Female,0,No,No,63,Yes,No,Fiber optic,No,Yes,No,Yes,Yes,Yes,One year,Yes,Credit card (automatic),34.58,2221.925,No
64364546,Male,0,No,No,10,Yes,No,DSL,Yes,No,Yes,No,Yes,No,Month-to-month,No,Bank transfer (automatic),41.16,452.76,No
94524999,Male,0,Yes,No,33,Yes,No,DSL,Yes,No,No,Yes,No,Yes,One year,No,Credit card (automatic),102.27,3477.18,No
34756698,Female,0,Yes,Yes,54,Yes,No,Fiber optic,Yes,No,No,No,No,Yes,One year,No,Mailed check,100.6,5533.0,No
35016429,Female,0,Yes,No,3,Yes,Yes,DSL,Yes,Yes,Yes,No,No,No,Month-to-month,Yes,Electronic check,77.94,311.76,Yes
95963619,Male,0,Yes,No,48,Yes,No,Fiber optic,Yes,No,No,No,Yes,Yes,Month-to-month,Yes,Mailed check,88.7,4346.3,No
98222374,Male,0,Yes,No,43,Yes,Yes,Fiber optic,Yes,Yes,No,No,Yes,No,Month-to-month,Yes,Electronic check,35.59,1565.96,No
68000104,Male,0,No,No,30,Yes,Yes,DSL,No,No,No,Yes,No,No,Month-to-month,Yes,Bank transfer (automatic),79.5,2468.48,Yes
63094168,Female,0,Yes,Yes,47,Yes,Yes,DSL,Yes,No,Yes,No,No,Yes,Two year,Yes,Electronic check,50.51,2424.48,No
13918120,Female,0,No,No,25,Yes,Yes,DSL,No,No,Yes,No,No,Yes,Month-to-month,No,Mailed check,107.34,2790.84,Yes
92424037,Male,0,No,Yes,69,Yes,No,No,No internet service,No internet service,No internet service,No internet service,No internet service,No internet service,One year,Yes,Credit card (automatic),84.51,5915.7,No
36484437,Male,0,Yes,No,11,Yes,Yes,DSL,No,No,Yes,Yes,No,No,Month-to-month,No,Credit card (automatic),23.57,282.84,Yes
70340936,Female,1,No,Yes,44,Yes,No,No,No internet service,No internet service,No internet service,No internet service,No internet service,No internet service,Month-to-month,Yes,Bank transfer (automatic),33.35,1502.42,No
89484162,Male,0,No,No,7,Yes,No,No,No internet service,No internet service,No internet service,No internet service,No internet service,No internet service,One year,Yes,Electronic check,67.54,526.81,No
67653606,Male,0,Yes,No,8,Yes,No,Fiber optic,Yes,No,Yes,Yes,Yes,No,Two year,Yes,Mailed check,42.75,384.75,No
62188655,Male,1,No,No,0,Yes,No,Fiber optic,Yes,No,No,Yes,No,No,Month-to-month,Yes,Credit card (automatic),103.48,103.48,No
10597274,Male,0,Yes,No,4,Yes,No,Fiber optic,Yes,Yes,No,Yes,No,No,One year,Yes,Electronic check,18.0,90.0,No
38829445,Male,0,No,Yes,70,Yes,No,Fiber optic,No,Yes,Yes,No,Yes,No,Two year,Yes,Electronic check,67.9,4820.9,Yes
37619925,Female,0,No,No,53,Yes,No,Fiber optic,No,Yes,No,Yes,No,No,Month-to-month,No,Credit card (automatic),22.44,1211.76,No
47358810,Male,0,No,No,23,Yes,No,Fiber optic,No,No,Yes,Yes,No,Yes,Month-to-month,Yes,Mailed check,58.66,1407.84,No
18397164,Female,0,No,No,25,Yes,Yes,DSL,No,Yes,Yes,Yes,Yes,No,Two year,No,Credit card (automatic),32.78,852.28,No
87490324,Male,1,No,No,9,Yes,No,Fiber optic,Yes,Yes,Yes,Yes,Yes,No,Two year,Yes,Bank transfer (automatic),67.9,679.0,No
23656928,Female,0,No,Yes,60,Yes,No,Fiber optic,Yes,No,Yes,Yes,Yes,No,Two year,No,Electronic check,42.56,2587.65,Yes
82060023,Male,0,No,No,39,Yes,Yes,DSL,No,Yes,Yes,No,No,Yes,Two year,No,Credit card (automatic),49.21,1970.86,No
35093324,Female,0,Yes,No,43,Yes,No,No,No internet service,No internet service,No internet service,No internet service,No internet service,No internet service,Month-to-month,No,Electronic check,101.91,4484.04,No
59095909,Female,1,No,No,11,Yes,No,DSL,No,No,Yes,Yes,Yes,No,Month-to-month,No,Electronic check,56.56,678.72,No
53752954,Female,0,Yes,No,21,Yes,No,No,No internet service,No internet service,No internet service,No internet service,No internet service,No internet service,Month-to-month,Yes,Bank transfer (automatic),18.0,396.0,Yes
36450861,Female,0,Yes,No,26,Yes,Yes,Fiber optic,Yes,No,No,No,Yes,Yes,Month-to-month,Yes,Mailed check,65.01,1755.27,No
71411378,Male,0,No,Yes,66,Yes,No,Fiber optic,Yes,No,Yes,No,Yes,Yes,Two year,No,Electronic check,112.42,7532.14,No
25294777,Male,0,Yes,No,68,Yes,No,No,No internet service,No internet service,No internet service,No internet service,No internet service,No internet service,Month-to-month,No,Bank transfer (automatic),80.79,5574.51,Yes
45212476,Male,1,Yes,No,13,Yes,No,No,No internet service,No internet service,No internet service,No internet service,No internet service,No internet service,Month-to-month,Yes,Bank transfer (automatic),97.71,1367.94,Yes
75697427,Female,0,No,Yes,24,Yes,No,DSL,No,Yes,No,No,No,Yes,Month-to-month,Yes,Mailed check,51.67,1291.75,Yes
80828710,Female,0,Yes,Yes,51,No,No phone service,Fiber optic,Yes,Yes,No,Yes,Yes,No,Two year,Yes,Credit card (automatic),89.1,4633.2,No
95779702,Female,0,Yes,No,58,Yes,No,DSL,No,No,Yes,Yes,No,Yes,Month-to-month,Yes,Mailed check,56.25,3318.75,Yes
52064387,Female,0,No,Yes,37,Yes,Yes,Fiber optic,No,No,No,Yes,Yes,No,Month-to-month,Yes,Mailed check,79.58,3024.04,Yes
90124068,Male,0,No,Yes,19,No,No phone service,No,No internet service,No internet service,No internet service,No internet service,No internet service,No internet service,One year,No,Bank transfer (automatic),105.17,2103.4,No
62162278,Female,0,No,No,19,Yes,No,DSL,No,No,Yes,No,Yes,Yes,Month-to-month,No,Electronic check,37.75,755.0,No
92048427,Female,0,No,No,55,Yes,No,DSL,No,No,No,Yes,No,No,Two year,Yes,Mailed check,18.0,1004.4,No
62686364,Female,0,No,Yes,29,Yes,No,Fiber optic,No,Yes,Yes,Yes,Yes,Yes,One year,Yes,Mailed check,57.37,1721.1,No
88786439,Female,1,No,No,40,Yes,Yes,Fiber optic,Yes,No,No,Yes,Yes,No,Month-to-month,Yes,Credit card (automatic),79.88,3275.08,No
25331969,Male,0,No,No,70,Yes,No,Fiber optic,Yes,No,No,Yes,No,Yes,Month-to-month,No,Bank transfer (automatic),119.42,8478.82,No
56697654,Male,1,No,No,62,Yes,No,Fiber optic,Yes,Yes,Yes,Yes,No,No,Month-to-month,Yes,Electronic check,72.63,4575.69,No
57242616,Female,0,No,No,68,Yes,No,Fiber optic,No,Yes,Yes,Yes,No,Yes,Month-to-month,Yes,Bank transfer (automatic),88.8,6127.2,No
71453007,Female,0,Yes,No,28,Yes,Yes,Fiber optic,No,Yes,No,Yes,Yes,No,Month-to-month,No,Mailed check,49.41,1423.01,No
92861016,Female,0,Yes,Yes,43,Yes,No,Fiber optic,No,Yes,Yes,No,No,No,One year,No,Mailed check,50.25,2211.0,No
33156250,Female,0,Yes,No,56,Yes,No,No,No internet service,No internet service,No internet service,No internet service,No internet service,No internet service,Month-to-month,Yes,Bank transfer (automatic),80.4,4582.8,No
49922369,Female,0,No,Yes,23,Yes,No,No,No internet service,No internet service,No internet service,No internet service,No internet service,No internet service,Month-to-month,No,Electronic check,117.64,2799.83,Yes
92474715,Male,0,Yes,Yes,18,Yes,No,Fiber optic,No,Yes,Yes,Yes,No,Yes,Month-to-month,No,Credit card (automatic),70.72,1343.68,No
89211057,Male,0,No,No,16,Yes,No,DSL,Yes,Yes,No,No,Yes,No,Month-to-month,Yes,Bank transfer (automatic),77.97,1325.49,Yes
21375216,Male,1,No,Yes,68,Yes,No,Fiber optic,No,No,Yes,No,No,Yes,Month-to-month,No,Electronic check,49.55,3418.95,No
27978165,Female,0,No,No,60,Yes,Yes,No,No internet service,No internet service,No internet service,No internet service,No internet service,No internet service,One year,Yes,Credit card (automatic),53.07,3237.27,No
52035079,Female,0,Yes,No,3,Yes,Yes,Fiber optic,Yes,No,Yes,No,No,Yes,Month-to-month,No,Electronic check,103.63,414.52,No
25819123,Male,0,No,No,21,Yes,No,No,No internet service,No internet service,No internet service,No internet service,No internet service,No internet service,Month-to-month,No,Bank transfer (automatic),26.34,579.48,Yes
42020689,Male,0,Yes,Yes,5,No,No phone service,Fiber optic,Yes,Yes,No,No,Yes,No,Month-to-month,Yes,Mailed check,47.13,282.78,No
50987410,Male,0,No,No,29,Yes,No,No,No internet service,No internet service,No internet service,No internet service,No internet service,No internet service,One year,No,Credit card (automatic),62.82,1887.74,No
25696616,Female,0,No,No,10,Yes,No,DSL,No,No,No,No,Yes,Yes,One year,No,Electronic check,73.27,805.97,No
34567819,Male,0,Yes,No,47,Yes,No,Fiber optic,Yes,No,No,Yes,No,No,Month-to-month,Yes,Electronic check,67.3,3230.4,No
60104292,Female,0,No,No,45,Yes,Yes,Fiber optic,No,Yes,No,No,Yes,Yes,One year,No,Mailed check,93.72,4311.12,No
28972822,Male,0,Yes,Yes,26,Yes,No,No,No internet service,No internet service,No internet service,No internet service,No internet service,No internet service,One year,No,Bank transfer (automatic),158.69,4284.63,No
78561753,Male,0,No,Yes,18,Yes,No,Fiber optic,No,Yes,No,Yes,No,Yes,Month-to-month,Yes,Bank transfer (automatic),38.29,727.51,Yes
62138657,Male,0,Yes,No,58,Yes,No,DSL,No,Yes,Yes,No,Yes,No,One year,Yes,Credit card (automatic),78.18,4612.62,No
66135102,Female,0,Yes,Yes,67,Yes,No,No,No internet service,No internet service,No internet service,No internet service,No internet service,No internet service,Month-to-month,Yes,Bank transfer (automatic),49.85,3389.8,No
90050918,Male,1,Yes,No,53,Yes,No,Fiber optic,No,No,No,Yes,No,No,Month-to-month,Yes,Electronic check,97.86,5284.44,No
28504235,Female,1,Yes,No,16,Yes,Yes,DSL,No,No,No,No,No,Yes,Two year,Yes,Mailed check,125.24,2129.08,No
87149161,Female,0,No,No,49,Yes,Yes,Fiber optic,No,No,No,Yes,No,No,One year,Yes,Electronic check,68.33,3416.5,No
61500679,Female,0,No,No,39,Yes,No,Fiber optic,No,Yes,No,No,No,No,Month-to-month,Yes,Electronic check,100.11,4004.4,No
66779304,Male,1,No,No,10,Yes,No,Fiber optic,No,Yes,No,Yes,Yes,No,Two year,Yes,Mailed check,40.98,450.78,No
34931439,Female,1,Yes,No,13,Yes,No,No,No internet service,No internet service,No internet service,No internet service,No internet service,No internet service,Month-to-month,Yes,Credit card (automatic),108.02,1512.28,No
75319770,Female,0,Yes,No,12,Yes,No,Fiber optic,No,No,No,No,No,No,Month-to-month,No,Electronic check,121.75,1582.75,Yes
95295586,Male,0,No,No,27,Yes,Yes,Fiber optic,No,Yes,Yes,No,No,No,Two year,Yes,Credit card (automatic),66.07,1849.96,No
82125824,Female,1,Yes,No,43,Yes,No,DSL,Yes,No,Yes,Yes,No,No,Month-to-month,No,Mailed check,90.12,3965.28,Yes
96605343,Male,0,No,No,62,Yes,No,Fiber optic,No,Yes,No,Yes,Yes,No,One year,No,Electronic check,32.59,2221.925,No
33251181,Female,0,No,No,60,Yes,No,DSL,Yes,Yes,Yes,No,Yes,Yes,Two year,Yes,Electronic check,51.4,3125.12,Yes
84479105,Female,1,Yes,No,16,Yes,No,DSL,Yes,Yes,Yes,Yes,No,Yes,Month-to-month,No,Bank transfer (automatic),86.33,1467.61,No
32396311,Male,0,No,Yes,49,Yes,No,DSL,No,No,No,No,Yes,No,Two year,Yes,Electronic check,141.2,7060.0,No
75718640,Female,1,No,Yes,25,Yes,No,DSL,Yes,Yes,No,No,Yes,No,Month-to-month,Yes,Credit card (automatic),18.0,468.0,Yes
48766747,Female,0,No,Yes,6,Yes,Yes,DSL,No,Yes,Yes,Yes,Yes,Yes,Two year,Yes,Mailed check,75.82,530.74,No
28830282,Male,1,Yes,Yes,15,Yes,Yes,Fiber optic,Yes,No,No,Yes,No,Yes,Month-to-month,No,Electronic check,107.91,1726.56,No
35111946,Male,0,Yes,No,16,Yes,Yes,DSL,No,Yes,No,No,No,Yes,Month-to-month,Yes,Credit card (automatic),124.9,2123.3,Yes
52222214,Male,1,Yes,Yes,34,Yes,No,DSL,No,No,No,No,No,Yes,Two year,No,Electronic check,63.99,2239.65,No
70532325,Female,0,Yes,No,22,No,No phone service,No,No internet service,No internet service,No internet service,No internet service,No internet service,No internet service,Month-to-month,Yes,Credit card (automatic),108.87,2504.01,No
93135800,Female,0,Yes,No,68,Yes,Yes,Fiber optic,Yes,No,Yes,Yes,No,No,Month-to-month,Yes,Electronic check,92.21,6344.05,No
17195581,Male,0,No,Yes,8,Yes,No,Fiber optic,No,No,No,Yes,No,Yes,Month-to-month,No,Credit card (automatic),123.3,1109.7,No
58189421,Male,0,No,Yes,17,Yes,No,DSL,Yes,Yes,Yes,No,Yes,No,Two year,No,Mailed check,64.07,1153.26,No
11286267,Male,0,No,No,47,Yes,No,Fiber optic,Yes,No,No,No,Yes,No,Month-to-month,No,Bank transfer (automatic),72.93,3500.64,Yes
75043108,Male,0,Yes,No,71,Yes,No,Fiber optic,No,No,Yes,Yes,Yes,Yes,Month-to-month,No,Electronic check,51.43,3705.53,No
28325379,Male,0,No,No,65,Yes,Yes,Fiber optic,Yes,No,No,Yes,Yes,Yes,Two year,No,Electronic check,61.17,4037.22,No
36189702,Female,0,Yes,No,22,Yes,No,Fiber optic,No,No,Yes,No,No,No,Month-to-month,No,Electronic check,60.99,1402.77,Yes
61532114,Female,0,No,No,9,Yes,No,Fiber optic,Yes,Yes,No,No,No,No,One year,Yes,Electronic check,45.56,2221.925,No
85374270,Male,1,No,No,37,Yes,Yes,No,No internet service,No internet service,No internet service,No internet service,No internet service,No internet service,One year,Yes,Electronic check,123.9,4708.2,No
77838742,Female,0,No,Yes,58,No,No phone service,No,No internet service,No internet service,No internet service,No internet service,No internet service,No internet service,One year,No,Credit card (automatic),71.9,4245.7,No
97653539,Female,0,No,No,67,Yes,Yes,DSL,Yes,No,No,Yes,Yes,No,Month-to-month,No,Bank transfer (automatic),55.59,3780.12,No
76433728,Male,0,No,Yes,42,Yes,Yes,Fiber optic,Yes,Yes,Yes,Yes,No,Yes,Two year,Yes,Electronic check,57.98,2493.14,No
64913082,Male,0,Yes,No,11,Yes,No,DSL,Yes,Yes,No,No,No,Yes,Month-to-month,Yes,Mailed check,23.59,283.08,No
75998330,Female,0,Yes,No,52,Yes,Yes,Fiber optic,No,No,No,Yes,No,No,Two year,No,Bank transfer (automatic),88.34,4682.02,No
65784972,Female,0,Yes,No,13,Yes,No,Fiber optic,Yes,No,No,No,Yes,No,Month-to-month,Yes,Credit card (automatic),44.08,617.12,No
69572772,Female,1,Yes,Yes,51,Yes,No,Fiber optic,No,No,No,No,Yes,Yes,Month-to-month,Yes,Mailed check,51.61,2683.72,No
75592138,Male,0,No,No,71,Yes,Yes,Fiber optic,No,No,No,No,No,No,One year,Yes,Bank transfer (automatic),104.12,7501.85,No
32448383,Male,0,Yes,No,60,Yes,No,Fiber optic,No,Yes,No,Yes,Yes,Yes,Two year,Yes,Bank transfer (automatic),53.9,3287.9,No
21095863,Female,0,No,No,40,No,No phone service,Fiber optic,No,Yes,Yes,No,No,Yes,Month-to-month,Yes,Credit card (automatic),83.79,3435.39,No
85886408,Female,0,Yes,Yes,20,Yes,Yes,DSL,No,Yes,No,No,Yes,No,Month-to-month,Yes,Bank transfer (automatic),53.46,1122.66,No
14142053,Male,0,Yes,No,47,Yes,Yes,Fiber optic,No,No,Yes,Yes,No,No,Month-to-month,Yes,Bank transfer (automatic),54.73,2627.04,Yes
39598969,Female,0,No,No,55,Yes,Yes,No,No internet service,No internet service,No internet service,No internet service,No internet service,No internet service,Two year,No,Credit card (automatic),51.12,2862.72,No
49203644,Male,0,Yes,No,34,Yes,No,DSL,Yes,Yes,Yes,Yes,Yes,Yes,Month-to-month,Yes,Electronic check,64.52,2258.2,No
14388260,Male,0,No,No,43,Yes,No,DSL,No,Yes,Yes,Yes,No,No,Month-to-month,Yes,Mailed check,28.33,1246.52,No
46890134,Female,0,No,No,38,Yes,Yes,Fiber optic,Yes,Yes,No,Yes,No,No,Month-to-month,Yes,Mailed check,92.87,3621.93,No
40177972,Male,1,Yes,Yes,14,Yes,Yes,Fiber optic,Yes,No,Yes,No,No,No,Month-to-month,Yes,Electronic check,154.27,2314.05,No
82156607,Female,0,No,Yes,11,Yes,No,Fiber optic,No,Yes,Yes,No,No,Yes,Month-to-month,Yes,Mailed check,87.86,1054.32,No
48744673,Female,0,Yes,No,7,Yes,No,Fiber optic,No,Yes,Yes,No,No,No,Two year,Yes,Bank transfer (automatic),42.32,338.56,No
32576626,Male,0,No,No,66,Yes,Yes,No,No internet service,No internet service,No internet service,No internet service,No internet service,No internet service,One year,Yes,Electronic check,90.27,6048.09,No
71380637,Female,0,No,Yes,0,Yes,No,No,No internet service,No internet service,No internet service,No internet service,No internet service,No internet service,Month-to-month,No,Mailed check,23.69,23.69,No
85920319,Male,1,Yes,No,41,Yes,No,DSL,Yes,Yes,Yes,No,Yes,Yes,Two year,Yes,Electronic check,46.94,1962.09,No
76479831,Male,0,No,No,30,No,No phone service,Fiber optic,Yes,No,No,No,Yes,No,One year,Yes,Electronic check,56.86,1762.66,Yes
83782999,Female,0,Yes,Yes,29,Yes,Yes,Fiber optic,No,No,No,Yes,Yes,No,One year,Yes,Mailed check,101.36,3040.8,No
78559218,Female,1,No,No,42,Yes,Yes,DSL,No,Yes,No,Yes,Yes,No,One year,No,Bank transfer (automatic),90.95,3910.85,No
25194922,Female,0,No,Yes,25,Yes,Yes,Fiber optic,No,No,Yes,Yes,No,Yes,Two year,Yes,Mailed check,27.17,706.42,No
86868379,Female,0,No,Yes,11,Yes,No,Fiber optic,No,Yes,No,Yes,Yes,Yes,Two year,No,Bank transfer (automatic),94.43,1133.16,Yes
25328557,Female,0,No,No,58,Yes,Yes,No,No internet service,No internet service,No internet service,No internet service,No internet service,No internet service,Month-to-month,Yes,Mailed check,53.34,3147.06,Yes
45955440,Female,0,Yes,No,68,Yes,No,No,No internet service,No internet service,No internet service,No internet service,No internet service,No internet service,Month-to-month,No,Bank transfer (automatic),88.24,6088.56,Yes
82894477,Female,0,No,Yes,72,Yes,No,DSL,No,No,No,No,Yes,Yes,Month-to-month,No,Mailed check,47.23,3447.79,No
59239353,Male,0,Yes,No,10,Yes,No,Fiber optic,No,No,Yes,No,No,Yes,Month-to-month,Yes,Mailed check,66.82,735.02,No
82751830,Male,0,No,Yes,46,Yes,Yes,Fiber optic,Yes,No,No,Yes,No,Yes,Month-to-month,No,Electronic check,45.25,2126.75,No
15584869,Male,0,Yes,Yes,22,Yes,No,DSL,No,Yes,No,No,Yes,Yes,Month-to-month,Yes,Credit card (automatic),66.92,1539.16,No
69239219,Female,0,No,Yes,42,Yes,No,Fiber optic,No,No,No,No,Yes,No,Two year,Yes,Credit card (automatic),34.41,1481.35,Yes
83330295,Female,0,No,Yes,38,Yes,No,No,No internet service,No internet service,No internet service,No internet service,No internet service,No internet service,Month-to-month,Yes,Mailed check,44.4,1731.6,No
39332201,Male,0,No,Yes,72,Yes,No,Fiber optic,No,Yes,Yes,Yes,No,Yes,Month-to-month,No,Mailed check,50.93,3717.89,No
67063296,Female,0,Yes,No,54,Yes,No,No,No internet service,No internet service,No internet service,No internet service,No internet service,No internet service,Month-to-month,Yes,Credit card (automatic),40.89,2248.95,No
23746101,Female,1,No,No,17,Yes,No,Fiber optic,No,No,No,Yes,No,Yes,Month-to-month,No,Electronic check,58.63,1055.34,No
97734330,Male,1,No,Yes,41,Yes,No,Fiber optic,Yes,No,Yes,No,No,Yes,One year,No,Electronic check,72.51,3045.42,No
43223132,Male,1,No,Yes,25,Yes,Yes,DSL,No,No,No,No,Yes,No,Month-to-month,Yes,Electronic check,109.8,2854.8,No
49957816,Male,1,Yes,Yes,17,Yes,No,DSL,No,No,No,No,Yes,Yes,One year,No,Electronic check,36.42,655.56,No
14325890,Female,0,No,No,40,Yes,No,Fiber optic,Yes,Yes,Yes,Yes,Yes,Yes,Month-to-month,Yes,Electronic check,38.87,1593.67,Yes
70362053,Male,0,Yes,No,41,Yes,No,Fiber optic,Yes,No,Yes,No,No,No,Two year,No,Credit card (automatic),71.0,2967.8,No
45274462,Male,0,Yes,Yes,32,Yes,No,Fiber optic,No,No,Yes,Yes,Yes,Yes,Month-to-month,No,Electronic check,20.93,690.69,Yes
56785209,Male,0,Yes,No,42,No,No phone service,Fiber optic,Yes,No,No,No,No,Yes,One year,Yes,Bank transfer (automatic),77.33,3309.72,No
21674661,Male,0,Yes,No,13,Yes,No,No,No internet service,No internet service,No internet service,No internet service,No internet service,No internet service,Month-to-month,Yes,Bank transfer (automatic),70.47,986.58,No
68930964,Male,0,Yes,Yes,54,Yes,Yes,DSL,No,No,No,No,No,Yes,Two year,Yes,Electronic check,86.35,4749.25,No
25755285,Male,0,Yes,No,57,Yes,No,Fiber optic,No,No,No,No,No,Yes,Two year,No,Bank transfer (automatic),137.13,7953.54,No
41802361,Female,1,Yes,No,9,Yes,Yes,Fiber optic,No,No,No,No,Yes,No,Month-to-month,No,Electronic check,71.76,717.6,No
38169370,Male,0,No,Yes,27,Yes,No,DSL,No,Yes,No,No,Yes,Yes,Two year,No,Mailed check,53.79,1506.12,No
88909809,Male,0,No,No,13,Yes,Yes,No,No internet service,No internet service,No internet service,No internet service,No internet service,No internet service,Month-to-month,Yes,Mailed check,98.87,1384.18,No
57060874,Male,1,Yes,No,25,Yes,No,Fiber optic,No,Yes,No,No,Yes,No,Two year,Yes,Credit card (automatic),69.63,1813.86,No
91907952,Female,0,No,No,16,No,No phone service,DSL,Yes,No,Yes,No,Yes,No,Month-to-month,No,Credit card (automatic),65.08,1109.61,Yes
94929036,Female,0,No,No,33,Yes,No,No,No internet service,No internet service,No internet service,No internet service,No internet service,No internet service,Month-to-month,Yes,Mailed check,123.62,4203.08,Yes
67467610,Male,0,No,No,13,Yes,Yes,No,No internet service,No internet service,No internet service,No internet service,No internet service,No internet service,Two year,Yes,Electronic check,92.52,1295.28,No
32277675,Male,0,Yes,No,25,Yes,Yes,Fiber optic,No,No,Yes,No,No,No,Month-to-month,Yes,Bank transfer (automatic),41.45,1077.7,No
92698414,Male,0,Yes,No,33,Yes,No,Fiber optic,Yes,No,No,No,No,No,One year,No,Electronic check,42.35,1439.9,No
28687800,Male,0,No,No,23,No,No phone service,No,No internet service,No internet service,No internet service,No internet service,No internet service,No internet service,One year,No,Mailed check,29.94,718.56,No
37732020,Male,0,Yes,Yes,69,Yes,Yes,DSL,Yes,Yes,No,Yes,No,Yes,Two year,Yes,Bank transfer (automatic),36.99,2581.9,No
37775381,Male,0,Yes,No,19,Yes,No,Fiber optic,No,No,No,No,No,No,Two year,Yes,Credit card (automatic),103.85,2077.0,No
17966873,Male,1,Yes,No,38,Yes,No,DSL,No,Yes,No,No,No,Yes,Month-to-month,No,Mailed check,54.75,2135.25,No
86514083,Male,1,Yes,No,44,No,No phone service,Fiber optic,No,No,No,Yes,No,No,One year,Yes,Mailed check,18.0,810.0,No
57085656,Male,0,No,No,33,Yes,No,No,No internet service,No internet service,No internet service,No internet service,No internet service,No internet service,Month-to-month,Yes,Electronic check,83.73,2846.82,No
81441519,Female,0,Yes,No,21,Yes,No,Fiber optic,No,Yes,No,No,No,Yes,Month-to-month,Yes,Bank transfer (automatic),75.08,1651.76,No
47726592,Female,1,No,Yes,70,Yes,No,Fiber optic,Yes,Yes,Yes,Yes,No,Yes,One year,Yes,Electronic check,56.55,4015.05,No
90108882,Male,1,No,No,32,Yes,Yes,Fiber optic,Yes,No,No,Yes,Yes,Yes,Month-to-month,Yes,Bank transfer (automatic),50.9,1679.7,No
82312290,Female,1,No,No,5,Yes,No,No,No internet service,No internet service,No internet service,No internet service,No internet service,No internet service,Month-to-month,Yes,Electronic check,70.53,423.18,No
32599227,Female,1,Yes,No,15,Yes,No,Fiber optic,Yes,No,Yes,No,Yes,Yes,Month-to-month,Yes,Credit card (automatic),72.2,1155.2,No
53440052,Female,0,Yes,No,71,Yes,No,DSL,Yes,No,Yes,No,No,No,Month-to-month,No,Electronic check,82.05,5891.19,Yes
49276764,Female,0,No,No,22,No,No phone service,Fiber optic,No,Yes,No,No,Yes,Yes,One year,Yes,Credit card (automatic),18.0,414.0,No
48833650,Female,0,Yes,No,17,Yes,Yes,Fiber optic,Yes,No,No,No,Yes,Yes,Month-to-month,No,Bank transfer (automatic),37.05,666.9,Yes
86871268,Female,0,No,No,13,Yes,No,DSL,No,No,No,No,Yes,Yes,Two year,No,Credit card (automatic),56.57,780.67,No
45882178,Male,0,Yes,Yes,49,Yes,Yes,No,No internet service,No internet service,No internet service,No internet service,No internet service,No internet service,Month-to-month,No,Mailed check,29.98,1500.5,No
79043610,Male,0,No,Yes,60,No,No phone service,Fiber optic,No,Yes,No,Yes,No,Yes,Month-to-month,Yes,Electronic check,84.32,5147.74,Yes
22780905,Female,0,No,No,35,Yes,Yes,No,No internet service,No internet service,No internet service,No internet service,No internet service,No internet service,Month-to-month,Yes,Electronic check,90.25,3249.0,No
28198434,Female,0,No,No,14,Yes,No,Fiber optic,No,No,Yes,No,No,Yes,One year,Yes,Mailed check,51.8,766.64,No
65243509,Male,0,No,No,4,No,No phone service,DSL,No,Yes,No,No,No,Yes,One year,No,Credit card (automatic),89.9,449.5,No
17957216,Female,0,Yes,Yes,52,No,No phone service,DSL,No,No,No,Yes,Yes,No,Month-to-month,No,Credit card (automatic),76.81,4070.93,No
47221734,Male,0,Yes,No,47,Yes,Yes,No,No internet service,No internet service,No internet service,No internet service,No internet service,No internet service,Month-to-month,Yes,Bank transfer (automatic),76.99,3695.52,Yes
98032908,Male,0,Yes,Yes,10,No,No phone service,DSL,Yes,Yes,Yes,Yes,No,Yes,Two year,No,Mailed check,18.0,198.0,Yes
27030641,Male,0,Yes,No,1,Yes,No,Fiber optic,No,No,No,Yes,No,No,Month-to-month,Yes,Mailed check,64.15,128.3,No
27809465,Female,1,No,No,23,Yes,No,DSL,Yes,Yes,Yes,No,Yes,No,Month-to-month,No,Bank transfer (automatic),52.04,1248.96,No
43511112,Male,0,Yes,Yes,67,Yes,Yes,Fiber optic,Yes,Yes,No,Yes,No,Yes,One year,No,Bank transfer (automatic),65.76,4471.68,No
29628462,Female,0,Yes,Yes,11,Yes,No,DSL,Yes,Yes,No,Yes,No,No,Month-to-month,Yes,Mailed check,57.23,689.62,No
53231088,Male,0,No,Yes,58,Yes,No,DSL,Yes,No,No,No,Yes,No,Month-to-month,No,Credit card (automatic),34.04,2001.55,No
43226234,Male,0,Yes,Yes,66,Yes,Yes,Fiber optic,No,Yes,No,No,Yes,No,Two year,No,Mailed check,59.96,4020.32,No
62707402,Female,0,No,No,31,Yes,No,DSL,Yes,Yes,Yes,Yes,Yes,No,Two year,Yes,Mailed check,57.56,1841.92,No
75694038,Female,0,Yes,Yes,35,Yes,Yes,Fiber optic,No,Yes,No,Yes,No,No,Month-to-month,Yes,Bank transfer (automatic),97.06,3494.16,No
29081953,Female,0,Yes,No,20,Yes,No,Fiber optic,No,No,Yes,Yes,No,No,Month-to-month,No,Credit card (automatic),65.78,1384.67,No
87500742,Male,0,No,No,69,Yes,No,Fiber optic,No,No,No,Yes,Yes,No,Two year,Yes,Bank transfer (automatic),52.86,3700.2,No
94879557,Female,0,No,No,65,No,No phone service,DSL,No,No,Yes,Yes,Yes,Yes,One year,Yes,Credit card (automatic),32.6,2151.6,No
46066605,Male,1,Yes,Yes,8,Yes,No,Fiber optic,No,No,No,Yes,No,Yes,One year,No,Credit card (automatic),151.81,1335.93,Yes
94263610,Female,0,Yes,No,43,Yes,No,No,No internet service,No internet service,No internet service,No internet service,No internet service,No internet service,One year,Yes,Credit card (automatic),99.85,4393.4,No
65596350,Male,0,Yes,No,58,Yes,No,Fiber optic,Yes,Yes,Yes,No,Yes,Yes,One year,No,Mailed check,74.95,4422.05,No
60354777,Male,0,Yes,No,23,No,No phone service,Fiber optic,No,No,No,No,No,No,Two year,No,Bank transfer (automatic),27.43,658.32,No
70665302,Male,0,Yes,No,62,Yes,Yes,No,No internet service,No internet service,No internet service,No internet service,No internet service,No internet service,Two year,No,Mailed check,24.46,1540.98,No
20135622,Male,0,No,Yes,40,No,No phone service,No,No internet service,No internet service,No internet service,No internet service,No internet service,No internet service,Two year,No,Electronic check,120.13,4925.33,No
95044078,Female,0,Yes,Yes,1,Yes,No,Fiber optic,Yes,No,No,No,Yes,No,Month-to-month,Yes,Bank transfer (automatic),118.34,213.01,No
22494970,Female,0,Yes,No,27,Yes,Yes,No,No internet service,No internet service,No internet service,No internet service,No internet service,No internet service,Month-to-month,No,Credit card (automatic),78.25,2191.0,No
64069715,Male,0,No,No,15,Yes,Yes,DSL,No,Yes,Yes,No,No,Yes,Month-to-month,Yes,Mailed check,45.7,731.2,No
79204468,Female,0,Yes,No,58,Yes,No,No,No internet service,No internet service,No internet service,No internet service,No internet service,No internet service,Two year,Yes,Electronic check,53.53,3147.56,No
47342819,Female,0,Yes,No,0,Yes,No,DSL,No,No,No,No,No,No,Month-to-month,No,Mailed check,43.93,43.93,No
59535894,Female,1,No,No,0,Yes,No,Fiber optic,No,No,No,No,Yes,Yes,Two year,Yes,Electronic check,132.34,132.34,No
71028216,Female,0,Yes,No,30,Yes,Yes,No,No internet service,No internet service,No internet service,No internet service,No internet service,No internet service,Month-to-month,No,Bank transfer (automatic),63.88,1980.28,No
75504221,Female,0,No,Yes,21,Yes,No,DSL,Yes,No,No,Yes,Yes,Yes,One year,Yes,Bank transfer (automatic),94.36,2075.92,No
53928023,Male,0,Yes,No,58,Yes,No,DSL,No,No,No,Yes,No,Yes,Month-to-month,No,Bank transfer (automatic),98.6,5817.4,No
88108751,Female,0,Yes,Yes,27,Yes,No,Fiber optic,Yes,No,Yes,No,No,No,Two year,Yes,Mailed check,31.46,880.88,No
10331931,Male,0,Yes,No,26,Yes,No,Fiber optic,No,Yes,No,No,No,Yes,Month-to-month,Yes,Mailed check,72.37,1953.99,No
22501261,Female,0,Yes,No,0,Yes,Yes,DSL,No,No,Yes,No,No,No,Two year,No,Electronic check,61.57,61.57,No
71532017,Male,0,Yes,No,1,Yes,No,Fiber optic,No,Yes,No,No,Yes,No,One year,No,Credit card (automatic),108.64,217.28,Yes
95206855,Female,0,Yes,No,65,Yes,No,Fiber optic,No,Yes,No,No,Yes,Yes,One year,Yes,Mailed check,88.1,5814.6,No
99139874,Male,1,No,No,48,Yes,No,DSL,Yes,No,Yes,Yes,No,Yes,Month-to-month,Yes,Bank transfer (automatic),68.38,3350.62,No
58079840,Male,0,No,No,18,Yes,Yes,Fiber optic,No,No,No,No,No,Yes,One year,Yes,Mailed check,74.42,1413.98,No
18500100,Female,0,Yes,No,27,Yes,Yes,DSL,No,Yes,Yes,No,No,No,Month-to-month,No,Bank transfer (automatic),49.42,1383.76,Yes
81729237,Male,0,No,No,69,Yes,No,DSL,No,No,Yes,No,Yes,Yes,Month-to-month,Yes,Credit card (automatic),41.53,2907.1,Yes
63380520,Male,0,No,No,38,Yes,Yes,Fiber optic,No,Yes,Yes,No,No,Yes,Two year,No,Bank transfer (automatic),47.31,1845.09,No
39236638,Male,0,No,No,18,Yes,Yes,No,No internet service,No internet service,No internet service,No internet service,No internet service,No internet service,Month-to-month,No,Mailed check,84.86,1612.34,Yes
67665720,Male,0,Yes,Yes,63,Yes,No,Fiber optic,Yes,No,No,No,Yes,Yes,Month-to-month,No,Bank transfer (automatic),97.56,6243.84,No
38434222,Female,0,No,Yes,57,Yes,Yes,DSL,No,No,Yes,Yes,Yes,Yes,Month-to-month,Yes,Electronic check,88.95,5159.1,No
76399516,Male,1,Yes,Yes,16,Yes,Yes,Fiber optic,No,No,Yes,No,Yes,No,One year,No,Credit card (automatic),23.01,391.17,No
46042404,Female,1,Yes,No,69,No,No phone service,No,No internet service,No internet service,No internet service,No internet service,No internet service,No internet service,Month-to-month,Yes,Electronic check,79.71,5579.7,No
53334226,Female,0,No,No,40,Yes,Yes,Fiber optic,No,Yes,Yes,Yes,Yes,No,One year,Yes,Bank transfer (automatic),88.4,3624.4,No
48063218,Male,0,No,No,4,Yes,No,Fiber optic,Yes,No,Yes,Yes,No,No,Month-to-month,Yes,Mailed check,121.13,605.65,Yes
55332729,Female,0,No,No,22,Yes,Yes,No,No internet service,No internet service,No internet service,No internet service,No internet service,No internet service,Month-to-month,No,Credit card (automatic),29.92,688.16,No
83458776,Male,0,No,No,68,Yes,No,Fiber optic,No,Yes,No,No,Yes,No,Month-to-month,Yes,Credit card (automatic),102.21,7052.49,Yes
87568940,Male,0,Yes,Yes,9,Yes,No,No,No internet service,No internet service,No internet service,No internet service,No internet service,No internet service,Month-to-month,Yes,Electronic check,117.81,1178.1,Yes
27528063,Male,1,No,Yes,67,No,No phone service,Fiber optic,Yes,No,Yes,Yes,No,No,Month-to-month,Yes,Electronic check,37.14,2525.52,Yes
85986307,Male,0,Yes,No,11,Yes,No,DSL,Yes,Yes,Yes,No,Yes,Yes,Month-to-month,Yes,Credit card (automatic),89.5,1074.0,Yes
75140950,Female,1,Yes,No,9,Yes,Yes,DSL,No,No,Yes,Yes,Yes,No,Month-to-month,Yes,Mailed check,19.17,191.7,No
56135950,Female,0,No,Yes,59,Yes,No,Fiber optic,No,Yes,No,Yes,No,Yes,Month-to-month,Yes,Bank transfer (automatic),69.23,4157.26,No
16497381,Female,1,Yes,No,29,Yes,No,Fiber optic,No,No,Yes,Yes,No,No,Month-to-month,Yes,Mailed check,38.84,1165.2,No
16166355,Female,0,No,No,23,Yes,Yes,Fiber optic,No,Yes,No,No,Yes,Yes,Two year,No,Bank transfer (automatic),90.46,2152.95,Yes
23364695,Female,0,Yes,No,68,No,No phone service,DSL,No,No,Yes,Yes,No,No,One year,No,Electronic check,68.51,4727.19,No
94044392,Female,0,No,Yes,12,Yes,No,No,No internet service,No internet service,No internet service,No internet service,No internet service,No internet service,Month-to-month,No,Bank transfer (automatic),59.52,773.76,Yes
71684020,Male,0,Yes,No,8,Yes,Yes,No,No internet service,No internet service,No internet service,No internet service,No internet service,No internet service,Month-to-month,Yes,Mailed check,88.31,794.79,No
12185246,Male,0,Yes,Yes,17,Yes,No,Fiber optic,No,No,No,No,No,No,Month-to-month,Yes,Bank transfer (automatic),44.42,790.68,No
26674831,Female,0,No,No,34,No,No phone service,Fiber optic,Yes,No,Yes,No,No,No,Month-to-month,No,Bank transfer (automatic),70.6,2474.53,No
31204188,Male,0,Yes,No,3,Yes,No,DSL,No,Yes,No,Yes,No,No,Two year,Yes,Electronic check,90.87,363.48,No
69228397,Female,0,No,No,40,Yes,No,Fiber optic,Yes,Yes,No,Yes,No,Yes,Month-to-month,Yes,Electronic check,60.04,2464.64,Yes
71272827,Female,1,No,No,25,Yes,No,Fiber optic,No,No,No,Yes,No,No,Month-to-month,Yes,Electronic check,73.94,1922.44,Yes
10090721,Male,1,No,Yes,43,Yes,No,Fiber optic,Yes,No,No,Yes,Yes,No,One year,Yes,Mailed check,62.36,2743.84,No
67418250,Male,0,No,Yes,41,Yes,No,Fiber optic,No,No,Yes,Yes,No,Yes,Two year,Yes,Electronic check,112.92,4720.06,No
37154689,Male,0,Yes,No,9,No,No phone service,Fiber optic,No,No,Yes,No,No,Yes,One year,No,Electronic check,112.36,1129.22,No
27705074,Female,0,No,No,72,Yes,No,DSL,No,No,Yes,No,No,Yes,Month-to-month,No,Bank transfer (automatic),67.53,4929.69,No
97241147,Male,0,Yes,Yes,0,Yes,No,DSL,No,Yes,No,No,Yes,Yes,Two year,Yes,Bank transfer (automatic),66.5,66.5,No
50515702,Male,0,Yes,No,53,Yes,No,No,No internet service,No internet service,No internet service,No internet service,No internet service,No internet service,Two year,Yes,Bank transfer (automatic),39.68,2134.78,No
31337593,Male,0,Yes,Yes,15,Yes,No,DSL,No,No,Yes,No,Yes,No,Month-to-month,Yes,Electronic check,137.71,2203.36,Yes
46778269,Male,0,No,Yes,45,Yes,No,DSL,Yes,Yes,No,No,Yes,No,Month-to-month,No,Bank transfer (automatic),93.48,4300.08,No
22527880,Male,1,No,No,12,Yes,No,Fiber optic,No,No,No,Yes,No,Yes,One year,No,Mailed check,97.03,1261.39,No
97857309,Male,0,No,No,63,Yes,No,DSL,Yes,No,No,No,No,No,Month-to-month,Yes,Electronic check,112.79,7218.56,No
58376818,Male,0,No,No,54,Yes,Yes,Fiber optic,No,No,No,Yes,Yes,No,Month-to-month,No,Credit card (automatic),68.56,3770.8,No
43606680,Male,0,No,No,62,Yes,No,Fiber optic,Yes,Yes,Yes,No,No,No,Month-to-month,No,Bank transfer (automatic),61.96,3903.48,Yes
21062296,Male,0,No,No,17,Yes,No,DSL,No,No,No,No,No,No,One year,Yes,Electronic check,114.74,2065.32,No
59908025,Female,0,Yes,No,60,Yes,No,DSL,Yes,No,Yes,Yes,Yes,No,Month-to-month,No,Electronic check,53.76,3279.36,No
99188862,Male,0,No,No,19,Yes,Yes,DSL,No,Yes,No,No,Yes,Yes,Month-to-month,Yes,Credit card (automatic),64.56,1278.29,No
97095388,Female,0,No,No,64,Yes,No,Fiber optic,Yes,Yes,No,Yes,No,No,Two year,No,Electronic check,79.34,5157.1,No
32216400,Female,0,Yes,Yes,63,Yes,No,No,No internet service,No internet service,No internet service,No internet service,No internet service,No internet service,One year,Yes,Electronic check,37.52,2401.28,Yes
16950770,Male,0,No,No,63,Yes,Yes,DSL,Yes,No,No,No,No,Yes,Two year,No,Credit card (automatic),94.05,6019.2,No
63196064,Male,0,Yes,No,12,Yes,No,Fiber optic,No,Yes,Yes,No,No,Yes,Month-to-month,Yes,Bank transfer (automatic),86.49,1107.07,No
93967184,Male,0,No,No,67,Yes,No,Fiber optic,Yes,Yes,Yes,Yes,No,No,One year,No,Bank transfer (automatic),53.77,3656.36,No
51004756,Female,0,No,Yes,69,Yes,No,DSL,Yes,No,No,Yes,Yes,No,Month-to-month,Yes,Bank transfer (automatic),104.95,7346.5,No
41426254,Male,0,No,Yes,56,Yes,No,Fiber optic,No,Yes,No,No,Yes,No,Month-to-month,No,Bank transfer (automatic),34.82,1984.74,No
67610401,Female,1,No,Yes,44,Yes,No,Fiber optic,No,Yes,Yes,Yes,Yes,No,Month-to-month,Yes,Credit card (automatic),58.9,2650.5,Yes
97977738,Male,0,No,No,37,No,No phone service,Fiber optic,Yes,No,No,No,Yes,No,Month-to-month,Yes,Credit card (automatic),114.82,4363.16,No
22240547,Male,1,No,No,53,Yes,No,No,No internet service,No internet service,No internet service,No internet service,No internet service,No internet service,Month-to-month,Yes,Electronic check,66.04,3566.16,No
22775337,Male,0,Yes,No,35,Yes,No,Fiber optic,Yes,Yes,Yes,Yes,No,No,Month-to-month,Yes,Bank transfer (automatic),25.5,918.0,No
10145801,Male,0,Yes,No,66,Yes,No,DSL,No,Yes,No,Yes,Yes,Yes,Month-to-month,Yes,Bank transfer (automatic),77.28,5177.76,No
38644905,Male,0,No,No,10,Yes,Yes,Fiber optic,No,Yes,No,Yes,Yes,No,Month-to-month,Yes,Credit card (automatic),61.56,677.16,No
73995913,Male,0,No,No,26,Yes,No,DSL,Yes,Yes,No,No,Yes,Yes,Month-to-month,Yes,Credit card (automatic),85.72,2314.44,Yes
20460758,Female,0,No,Yes,16,Yes,No,DSL,Yes,Yes,Yes,Yes,No,No,One year,No,Electronic check,102.9,1749.3,No
27810664,Female,0,Yes,Yes,32,Yes,Yes,No,No internet service,No internet service,No internet service,No internet service,No internet service,No internet service,Month-to-month,No,Electronic check,67.99,2243.67,No
89682313,Male,0,No,No,4,Yes,No,Fiber optic,Yes,Yes,No,Yes,No,Yes,One year,Yes,Electronic check,18.0,86.4,No
40358823,Male,0,No,Yes,61,No,No phone service,Fiber optic,No,Yes,Yes,Yes,No,No,Two year,Yes,Bank transfer (automatic),86.77,5384.08,No
79718627,Female,0,Yes,No,64,Yes,No,DSL,Yes,No,Yes,No,Yes,Yes,Month-to-month,No,Credit card (automatic),39.7,2572.56,No
69735865,Male,0,No,No,70,Yes,No,DSL,Yes,No,Yes,No,Yes,No,One year,Yes,Bank transfer (automatic),85.3,6056.3,No
11246473,Female,0,No,Yes,66,Yes,Yes,DSL,No,No,Yes,Yes,No,No,One year,Yes,Bank transfer (automatic),95.97,6429.99,No
11082139,Male,0,No,No,43,Yes,No,No,No internet service,No internet service,No internet service,No internet service,No internet service,No internet service,Month-to-month,Yes,Credit card (automatic),101.88,4482.72,Yes
56113741,Male,0,No,No,13,Yes,Yes,No,No internet service,No internet service,No internet service,No internet service,No internet service,No internet service,Month-to-month,Yes,Credit card (automatic),95.46,1336.44,Yes
26185823,Male,0,Yes,Yes,56,Yes,No,Fiber optic,No,No,Yes,Yes,No,No,Month-to-month,No,Credit card (automatic),60.74,3462.18,Yes
66682016,Male,0,No,No,47,Yes,Yes,DSL,Yes,No,No,Yes,Yes,Yes,Month-to-month,Yes,Bank transfer (automatic),66.48,3177.74,Yes
27740248,Female,0,No,No,16,Yes,Yes,Fiber optic,No,No,No,No,No,No,One year,Yes,Credit card (automatic),82.82,1412.08,No
74115841,Female,0,No,No,43,Yes,No,No,No internet service,No internet service,No internet service,No internet service,No internet service,No internet service,Month-to-month,Yes,Bank transfer (automatic),94.44,4155.36,No
19506414,Male,0,No,No,3,Yes,No,No,No internet service,No internet service,No internet service,No internet service,No internet service,No internet service,Two year,Yes,Bank transfer (automatic),40.32,161.28,No
40728728,Male,0,No,No,29,Yes,No,Fiber optic,No,Yes,No,Yes,No,No,One year,No,Electronic check,97.64,2929.2,No
61414775,Female,0,Yes,No,54,Yes,Yes,Fiber optic,Yes,Yes,No,No,Yes,No,One year,No,Electronic check,18.0,990.0,No
21989814,Male,0,Yes,Yes,29,Yes,No,Fiber optic,No,No,No,No,No,Yes,Two year,Yes,Bank transfer (automatic),18.0,536.4,No
23747542,Female,0,Yes,No,17,Yes,Yes,DSL,No,Yes,Yes,No,Yes,Yes,Month-to-month,No,Bank transfer (automatic),20.45,368.1,No
23851475,Male,0,No,No,72,Yes,Yes,Fiber optic,No,Yes,Yes,No,No,No,Month-to-month,Yes,Electronic check,85.62,6250.26,No
52057323,Male,0,No,No,43,Yes,Yes,Fiber optic,No,No,No,Yes,No,No,Two year,Yes,Credit card (automatic),88.66,3901.04,No
59333294,Female,0,Yes,No,61,Yes,Yes,Fiber optic,Yes,No,No,No,No,No,Two year,Yes,Credit card (automatic),76.06,4719.52,No
50165370,Female,0,Yes,Yes,30,Yes,No,Fiber optic,No,Yes,Yes,No,Yes,No,Month-to-month,No,Credit card (automatic),53.09,1645.79,Yes
28405182,Male,0,Yes,No,15,Yes,Yes,Fiber optic,No,Yes,No,Yes,No,Yes,One year,No,Bank transfer (automatic),84.2,1351.41,No
61367949,Male,0,No,No,22,Yes,No,Fiber optic,No,Yes,No,Yes,No,Yes,Month-to-month,Yes,Electronic check,49.88,1147.24,No
27870584,Male,0,No,No,13,Yes,No,DSL,Yes,Yes,No,No,No,Yes,Month-to-month,No,Credit card (automatic),60.23,843.22,Yes
96110892,Male,0,No,No,1,Yes,Yes,No,No internet service,No internet service,No internet service,No internet service,No internet service,No internet service,One year,Yes,Bank transfer (automatic),44.9,80.82,Yes
29173414,Male,0,No,No,11,Yes,No,Fiber optic,No,Yes,No,No,No,Yes,Month-to-month,No,Electronic check,89.41,1072.92,No
19182050,Male,0,No,No,57,Yes,No,Fiber optic,Yes,No,No,No,No,Yes,Two year,No,Mailed check,52.58,3039.12,No
81203615,Male,0,Yes,No,55,Yes,No,DSL,No,No,No,No,No,No,Month-to-month,No,Credit card (automatic),81.62,4554.4,No
85603667,Female,0,No,No,23,Yes,No,No,No internet service,No internet service,No internet service,No internet service,No internet service,No internet service,Two year,Yes,Bank transfer (automatic),72.64,1743.36,No
11137460,Female,1,No,No,36,No,No phone service,Fiber optic,No,No,Yes,No,No,No,Month-to-month,No,Electronic check,118.02,4366.74,Yes
91915661,Female,0,No,No,28,Yes,No,Fiber optic,No,Yes,No,Yes,No,No,Two year,Yes,Electronic check,72.08,2090.32,No
97244236,Male,0,No,No,41,Yes,No,No,No internet service,No internet service,No internet service,No internet service,No internet service,No internet service,Month-to-month,No,Electronic check,107.31,4507.02,No
32027350,Female,0,No,Yes,17,Yes,Yes,No,No internet service,No internet service,No internet service,No internet service,No internet service,No internet service,One year,No,Bank transfer (automatic),94.26,1696.68,No
69069144,Male,0,No,No,2,Yes,Yes,Fiber optic,No,Yes,No,No,No,No,One year,No,Electronic check,36.31,108.93,No
57135617,Male,0,No,No,12,Yes,No,DSL,Yes,No,Yes,Yes,No,Yes,Month-to-month,Yes,Electronic check,53.3,692.9,No
38595818,Male,1,No,No,28,Yes,No,No,No internet service,No internet service,No internet service,No internet service,No internet service,No internet service,Two year,Yes,Electronic check,61.83,2221.925,No
94299475,Female,0,No,No,65,No,No phone service,No,No internet service,No internet service,No internet service,No internet service,No internet service,No internet service,Month-to-month,No,Mailed check,86.35,5699.1,No
30317091,Female,0,Yes,Yes,58,Yes,No,DSL,Yes,Yes,No,Yes,No,No,One year,Yes,Mailed check,93.28,5503.52,No
65258766,Female,0,Yes,Yes,47,Yes,No,Fiber optic,No,No,Yes,No,No,Yes,One year,No,Credit card (automatic),89.61,4301.28,No
92688322,Female,1,No,No,3,No,No phone service,Fiber optic,Yes,Yes,No,No,No,No,Month-to-month,Yes,Bank transfer (automatic),46.15,184.6,No
69375757,Female,0,Yes,No,50,Yes,Yes,DSL,Yes,Yes,Yes,No,No,No,Two year,Yes,Credit card (automatic),69.45,3541.95,No
39158087,Male,0,Yes,Yes,4,Yes,Yes,DSL,No,No,Yes,Yes,Yes,Yes,Month-to-month,No,Electronic check,57.45,287.25,Yes
21635070,Male,0,Yes,No,38,Yes,Yes,Fiber optic,No,Yes,Yes,No,Yes,No,Month-to-month,Yes,Mailed check,81.07,3161.73,Yes
23484199,Male,0,No,No,40,Yes,No,No,No internet service,No internet service,No internet service,No internet service,No internet service,No internet service,Month-to-month,Yes,Mailed check,21.2,869.2,No
28792245,Male,0,No,No,4,Yes,Yes,DSL,No,No,Yes,Yes,No,No,Month-to-month,Yes,Electronic check,69.28,346.4,Yes
26529882,Female,0,Yes,Yes,7,Yes,No,No,No internet service,No internet service,No internet service,No internet service,No internet service,No internet service,One year,No,Credit card (automatic),18.0,140.4,No
89131271,Male,0,Yes,Yes,55,Yes,No,No,No internet service,No internet service,No internet service,No internet service,No internet service,No internet service,Month-to-month,Yes,Credit card (automatic),37.46,2097.76,No
61543890,Male,0,No,No,24,Yes,Yes,No,No internet service,No internet service,No internet service,No internet service,No internet service,No internet service,Month-to-month,No,Bank transfer (automatic),118.97,2974.25,No
57182314,Female,0,Yes,Yes,51,Yes,No,Fiber optic,Yes,No,No,No,Yes,No,Two year,Yes,Electronic check,120.82,6258.48,No
67631581,Male,0,Yes,No,51,Yes,No,Fiber optic,Yes,No,Yes,Yes,No,Yes,Two year,No,Electronic check,50.48,2624.96,No
52211967,Female,0,No,Yes,6,Yes,No,Fiber optic,No,No,Yes,No,Yes,Yes,One year,No,Credit card (automatic),84.78,593.46,No
28767690,Male,1,No,No,60,Yes,No,No,No internet service,No internet service,No internet service,No internet service,No internet service,No internet service,Month-to-month,Yes,Electronic check,84.45,5134.56,No
43257324,Male,0,Yes,No,46,Yes,Yes,Fiber optic,No,Yes,No,Yes,No,No,Month-to-month,No,Mailed check,110.97,5215.59,Yes
47173969,Female,1,No,No,65,Yes,No,DSL,No,Yes,No,Yes,No,No,One year,Yes,Mailed check,77.38,5107.08,No
96519508,Male,1,Yes,Yes,58,Yes,No,DSL,No,Yes,No,No,Yes,No,Two year,Yes,Electronic check,38.56,2275.04,No
21307671,Male,0,No,No,4,Yes,No,Fiber optic,Yes,No,No,No,No,No,Month-to-month,Yes,Bank transfer (automatic),45.4,217.92,Yes
43308414,Male,0,Yes,No,43,Yes,No,No,No internet service,No internet service,No internet service,No internet service,No internet service,No internet service,Month-to-month,Yes,Bank transfer (automatic),81.89,3603.16,No
84275638,Female,0,Yes,Yes,41,Yes,No,Fiber optic,Yes,No,No,No,No,No,Month-to-month,Yes,Credit card (automatic),18.0,752.4,No
90664728,Male,0,No,No,60,Yes,No,Fiber optic,Yes,No,Yes,Yes,No,No,Month-to-month,No,Electronic check,18.54,1130.94,No
90531692,Female,0,No,No,62,Yes,Yes,DSL,Yes,Yes,No,No,No,Yes,Month-to-month,Yes,Electronic check,95.36,6007.68,No
91549765,Female,0,Yes,No,49,Yes,No,No,No internet service,No internet service,No internet service,No internet service,No internet service,No internet service,One year,Yes,Mailed check,149.27,7463.5,No
48241423,Female,0,Yes,Yes,37,No,No phone service,Fiber optic,No,No,No,Yes,Yes,No,Two year,Yes,Mailed check,51.28,1948.64,No
13600310,Male,0,No,Yes,53,Yes,No,No,No internet service,No internet service,No internet service,No internet service,No internet service,No internet service,Two year,Yes,Credit card (automatic),65.17,3519.18,No
98369672,Male,0,No,Yes,43,Yes,No,Fiber optic,Yes,No,Yes,No,No,Yes,Two year,Yes,Bank transfer (automatic),67.57,2973.08,No
50486688,Male,1,Yes,No,23,Yes,No,Fiber optic,Yes,Yes,Yes,Yes,No,No,Two year,No,Mailed check,77.33,1855.92,Yes
37574457,Male,0,No,No,62,Yes,No,Fiber optic,No,No,No,Yes,Yes,No,Month-to-month,No,Electronic check,44.34,2793.42,No
79491111,Female,1,Yes,No,38,Yes,No,DSL,No,No,Yes,No,Yes,No,One year,No,Bank transfer (automatic),66.92,2613.23,No
91460345,Female,0,No,No,11,Yes,Yes,DSL,Yes,Yes,Yes,Yes,No,Yes,Month-to-month,Yes,Bank transfer (automatic),93.94,1127.28,No
78386961,Female,1,Yes,Yes,62,No,No phone service,DSL,Yes,No,No,No,No,No,Month-to-month,Yes,Mailed check,52.65,3316.95,No
35319707,Female,0,Yes,No,8,Yes,Yes,Fiber optic,No,No,Yes,Yes,No,No,Two year,No,Credit card (automatic),70.32,632.88,No
62579931,Female,0,Yes,Yes,21,Yes,No,Fiber optic,No,No,No,No,Yes,No,Month-to-month,No,Mailed check,101.06,2223.32,No
49666982,Female,0,Yes,Yes,35,Yes,Yes,DSL,No,No,No,Yes,Yes,No,Month-to-month,Yes,Electronic check,69.03,2485.08,No
96727439,Female,0,Yes,Yes,27,Yes,No,Fiber optic,Yes,Yes,Yes,No,No,No,Month-to-month,No,Electronic check,23.9,669.2,No
17324144,Female,1,Yes,Yes,55,Yes,No,Fiber optic,No,Yes,Yes,Yes,Yes,No,Month-to-month,Yes,Credit card (automatic),18.0,1008.0,No
42123815,Female,0,Yes,No,28,Yes,Yes,Fiber optic,No,Yes,No,Yes,Yes,No,Month-to-month,No,Credit card (automatic),35.74,1038.25,Yes
76422705,Female,1,Yes,No,4,Yes,No,DSL,Yes,No,Yes,Yes,No,No,One year,Yes,Bank transfer (automatic),105.49,527.45,No
61792685,Male,0,No,Yes,3,Yes,No,Fiber optic,No,Yes,Yes,No,Yes,No,Two year,No,Bank transfer (automatic),62.18,236.28,No
25132198,Male,0,Yes,No,50,Yes,Yes,Fiber optic,No,No,No,Yes,No,No,Two year,No,Mailed check,80.42,4101.42,No
42357445,Male,1,No,No,14,Yes,Yes,DSL,Yes,Yes,Yes,Yes,No,Yes,One year,Yes,Credit card (automatic),108.9,1638.95,No
77052833,Female,0,Yes,Yes,59,Yes,No,Fiber optic,Yes,Yes,Yes,Yes,Yes,Yes,Two year,No,Electronic check,32.62,1958.83,No
95641960,Female,0,Yes,Yes,25,Yes,No,DSL,No,Yes,Yes,Yes,No,No,Month-to-month,Yes,Electronic check,149.92,3897.92,Yes
89715904,Male,1,No,No,22,Yes,No,No,No internet service,No internet service,No internet service,No internet service,No internet service,No internet service,Two year,No,Electronic check,66.86,1524.41,No
19531069,Female,1,No,No,28,Yes,No,No,No internet service,No internet service,No internet service,No internet service,No internet service,No internet service,Month-to-month,No,Credit card (automatic),86.07,2496.03,No
80905413,Female,1,Yes,No,56,Yes,No,Fiber optic,Yes,No,No,Yes,No,No,Month-to-month,Yes,Mailed check,48.84,2783.88,Yes
11619606,Female,1,Yes,No,61,Yes,Yes,DSL,Yes,Yes,No,Yes,Yes,No,One year,No,Credit card (automatic),41.03,2543.86,Yes
58465780,Female,0,No,No,58,No,No phone service,Fiber optic,No,No,No,Yes,No,No,Two year,Yes,Mailed check,70.76,4174.84,No
52476240,Female,0,No,No,47,Yes,No,Fiber optic,No,No,No,No,Yes,Yes,Month-to-month,Yes,Credit card (automatic),51.7,2481.6,No
27714442,Female,0,No,No,34,Yes,No,Fiber optic,No,Yes,Yes,Yes,Yes,No,Month-to-month,Yes,Mailed check,72.74,2545.9,Yes
61920550,Male,1,No,No,45,Yes,Yes,DSL,Yes,No,No,Yes,Yes,Yes,One year,Yes,Bank transfer (automatic),18.0,828.0,No
86286724,Female,0,Yes,No,32,Yes,Yes,DSL,No,No,No,No,No,Yes,One year,No,Electronic check,28.78,949.74,No
66487347,Female,0,No,No,70,Yes,No,DSL,No,No,Yes,No,No,Yes,Two year,No,Bank transfer (automatic),54.48,3868.08,No
59044830,Male,0,No,Yes,9,Yes,No,Fiber optic,Yes,Yes,No,Yes,Yes,Yes,Month-to-month,No,Electronic check,35.86,358.6,No
83330690,Female,0,No,No,47,Yes,No,No,No internet service,No internet service,No internet service,No internet service,No internet service,No internet service,One year,Yes,Bank transfer (automatic),161.19,7704.88,No
33188838,Female,0,No,No,43,Yes,No,Fiber optic,Yes,No,No,No,No,No,Month-to-month,No,Electronic check,75.48,3324.89,No
73218512,Male,1,No,No,69,No,No phone service,DSL,Yes,Yes,No,No,Yes,Yes,Two year,Yes,Mailed check,78.01,5464.6,No
19796799,Female,0,No,Yes,62,Yes,No,DSL,Yes,No,No,No,Yes,No,Month-to-month,Yes,Bank transfer (automatic),37.24,2347.98,Yes
12240013,Female,0,Yes,No,48,Yes,Yes,Fiber optic,No,Yes,Yes,Yes,Yes,Yes,Month-to-month,Yes,Electronic check,49.08,2404.92,Yes
88834594,Female,0,No,No,71,Yes,No,DSL,Yes,No,No,No,Yes,No,One year,No,Electronic check,54.89,3952.08,No
19064068,Female,0,Yes,No,40,Yes,Yes,DSL,Yes,No,Yes,No,No,No,Month-to-month,Yes,Mailed check,104.41,4280.81,Yes
11851322,Male,0,Yes,No,38,Yes,No,DSL,No,No,No,Yes,No,Yes,Month-to-month,Yes,Bank transfer (automatic),27.45,1070.55,Yes
45189912,Male,0,Yes,No,22,Yes,No,Fiber optic,No,No,No,Yes,No,Yes,Month-to-month,Yes,Electronic check,59.72,1373.56,Yes
38956527,Female,1,Yes,No,12,Yes,No,Fiber optic,Yes,No,No,No,Yes,Yes,Month-to-month,Yes,Mailed check,83.24,1082.12,Yes
15345470,Male,0,No,No,52,Yes,No,No,No internet service,No internet service,No internet service,No internet service,No internet service,No internet service,Month-to-month,Yes,Electronic check,18.0,954.0,No
18115992,Male,0,No,No,69,Yes,Yes,Fiber optic,No,Yes,No,Yes,Yes,No,Two year,Yes,Bank transfer (automatic),20.14,1409.8,No
63415303,Female,0,Yes,Yes,56,Yes,No,DSL,Yes,Yes,Yes,Yes,No,Yes,Month-to-month,No,Credit card (automatic),27.88,1583.58,No
77996124,Male,0,No,Yes,66,Yes,No,Fiber optic,Yes,No,No,Yes,Yes,Yes,Month-to-month,Yes,Credit card (automatic),64.45,4318.15,No
48451741,Female,0,Yes,No,47,Yes,Yes,DSL,Yes,No,Yes,Yes,Yes,Yes,Month-to-month,No,Bank transfer (automatic),56.33,2703.84,No
94365330,Female,0,Yes,No,19,Yes,Yes,Fiber optic,Yes,Yes,Yes,Yes,Yes,Yes,Two year,No,Mailed check,97.9,1938.42,No
77249653,Female,0,No,No,61,Yes,No,DSL,Yes,Yes,No,No,Yes,No,Month-to-month,No,Electronic check,18.0,1116.0,Yes
65758338,Female,0,No,No,44,Yes,No,DSL,No,Yes,No,No,No,Yes,One year,No,Bank transfer (automatic),57.56,2590.2,No
66851305,Female,1,Yes,No,62,Yes,No,Fiber optic,Yes,No,Yes,No,Yes,No,Month-to-month,No,Bank transfer (automatic),105.26,6631.38,Yes
63992760,Male,0,No,Yes,7,Yes,No,DSL,Yes,Yes,No,Yes,No,Yes,Two year,Yes,Mailed check,22.77,182.16,No
21063273,Female,0,Yes,No,25,Yes,No,DSL,No,No,No,No,Yes,Yes,One year,No,Bank transfer (automatic),66.53,1729.78,No
95971459,Female,0,No,Yes,37,Yes,No,DSL,Yes,No,No,No,Yes,Yes,Month-to-month,No,Credit card (automatic),92.52,3515.76,No
82016510,Female,1,Yes,Yes,40,Yes,Yes,Fiber optic,Yes,No,Yes,Yes,No,Yes,Month-to-month,Yes,Electronic check,112.22,4601.02,No
82162880,Male,0,Yes,No,1,Yes,No,DSL,Yes,Yes,No,No,No,No,Month-to-month,No,Credit card (automatic),32.38,58.28,Yes
92684436,Male,1,No,Yes,6,Yes,Yes,Fiber optic,No,Yes,No,No,No,Yes,Two year,No,Bank transfer (automatic),81.17,568.19,No
30492422,Male,0,No,No,24,Yes,Yes,Fiber optic,Yes,Yes,No,No,Yes,Yes,Month-to-month,Yes,Credit card (automatic),71.23,1766.5,No
47241089,Male,0,Yes,No,50,Yes,No,DSL,No,No,No,Yes,Yes,No,Month-to-month,Yes,Credit card (automatic),38.85,1981.35,Yes
21220209,Male,0,No,No,49,No,No phone service,No,No internet service,No internet service,No internet service,No internet service,No internet service,No internet service,Month-to-month,No,Credit card (automatic),33.03,1651.5,No
51594998,Female,0,Yes,Yes,63,Yes,Yes,No,No internet service,No internet service,No internet service,No internet service,No internet service,No internet service,Two year,Yes,Mailed check,32.06,2051.84,No
20606094,Male,0,No,No,11,Yes,No,No,No internet service,No internet service,No internet service,No internet service,No internet service,No internet service,Two year,Yes,Mailed check,181.38,2176.56,No
78626154,Male,0,Yes,No,52,Yes,No,Fiber optic,Yes,Yes,No,Yes,No,Yes,Month-to-month,No,Bank transfer (automatic),105.39,5590.94,Yes
37272705,Male,1,No,No,9,Yes,Yes,Fiber optic,No,No,No,Yes,No,No,Month-to-month,No,Bank transfer (automatic),72.06,720.6,No
30854365,Male,1,No,No,60,Yes,No,Fiber optic,No,No,No,Yes,Yes,Yes,One year,No,Electronic check,44.67,2724.87,No
81993070,Female,0,Yes,No,54,Yes,No,DSL,No,No,No,No,Yes,No,Month-to-month,No,Credit card (automatic),86.85,4781.09,No
53855682,Female,0,No,No,67,Yes,No,DSL,Yes,No,Yes,Yes,Yes,No,Month-to-month,Yes,Credit card (automatic),33.49,2277.32,No
62443094,Female,0,No,No,41,No,No phone service,DSL,No,No,Yes,No,No,No,Month-to-month,No,Electronic check,79.76,3349.92,No
88710263,Male,0,No,No,65,Yes,No,Fiber optic,No,No,No,No,No,No,Month-to-month,Yes,Credit card (automatic),95.1,6276.6,Yes
95133532,Male,0,Yes,No,43,Yes,No,DSL,Yes,No,Yes,Yes,No,Yes,Month-to-month,Yes,Credit card (automatic),65.17,2867.48,No
97219985,Female,1,No,No,27,Yes,Yes,Fiber optic,No,Yes,Yes,No,No,Yes,Month-to-month,Yes,Mailed check,52.0,1445.6,No
96322745,Male,1,No,No,57,Yes,Yes,DSL,No,No,No,No,No,No,Month-to-month,Yes,Credit card (automatic),54.55,3163.9,Yes
18873816,Female,0,No,Yes,1,Yes,No,Fiber optic,Yes,No,No,No,No,Yes,Month-to-month,Yes,Electronic check,99.08,178.34,No
51630244,Male,0,No,No,54,No,No phone service,Fiber optic,No,No,Yes,Yes,Yes,No,One year,Yes,Electronic check,68.57,3771.35,No
68718382,Female,0,Yes,Yes,33,Yes,No,DSL,No,Yes,No,Yes,Yes,No,Month-to-month,No,Credit card (automatic),119.64,4067.76,Yes
42029368,Female,0,No,No,19,No,No phone service,DSL,No,Yes,No,No,No,No,Month-to-month,Yes,Bank transfer (automatic),18.0,360.0,No
17772004,Female,0,No,Yes,46,Yes,No,DSL,Yes,No,No,Yes,Yes,Yes,Month-to-month,No,Electronic check,31.96,1502.12,Yes
42813517,Male,0,Yes,No,25,Yes,No,DSL,Yes,No,Yes,No,No,No,Month-to-month,Yes,Credit card (automatic),72.51,1885.26,No
21571285,Female,0,No,No,0,Yes,Yes,Fiber optic,No,No,No,Yes,Yes,Yes,Month-to-month,Yes,Mailed check,83.56,87.74,No
68315400,Female,0,No,No,64,Yes,Yes,No,No internet service,No internet service,No internet service,No internet service,No internet service,No internet service,One year,No,Electronic check,67.98,4405.1,No
25567455,Male,0,No,Yes,14,Yes,No,Fiber optic,No,Yes,No,No,Yes,Yes,Month-to-month,Yes,Mailed check,112.07,1681.05,Yes
70850538,Female,0,Yes,No,13,Yes,No,No,No internet service,No internet service,No internet service,No internet service,No internet service,No internet service,One year,No,Mailed check,41.66,583.24,Yes
92181084,Male,1,No,Yes,54,Yes,Yes,No,No internet service,No internet service,No internet service,No internet service,No internet service,No internet service,Month-to-month,No,Credit card (automatic),70.5,3877.5,No
91716102,Male,0,Yes,No,0,Yes,No,Fiber optic,Yes,No,No,Yes,Yes,No,Two year,No,Mailed check,102.52,82.02,Yes
17385816,Female,0,No,No,32,Yes,No,DSL,No,No,Yes,No,Yes,Yes,Month-to-month,Yes,Bank transfer (automatic),123.46,4074.18,Yes
51512209,Male,0,No,No,69,Yes,No,No,No internet service,No internet service,No internet service,No internet service,No internet service,No internet service,Month-to-month,Yes,Mailed check,63.87,4470.9,No
99399687,Female,0,No,Yes,55,Yes,No,Fiber optic,No,Yes,No,Yes,Yes,No,Two year,Yes,Electronic check,150.54,8430.24,No
98322292,Male,0,Yes,No,22,Yes,No,No,No internet service,No internet service,No internet service,No internet service,No internet service,No internet service,One year,Yes,Electronic check,72.77,1659.16,No
33574794,Female,1,No,No,53,Yes,Yes,Fiber optic,Yes,No,No,No,Yes,Yes,Month-to-month,Yes,Electronic check,120.92,6529.68,No
26031369,Male,0,No,No,2,Yes,Yes,Fiber optic,Yes,Yes,No,Yes,Yes,Yes,Month-to-month,No,Bank transfer (automatic),59.67,179.01,No
11699863,Female,1,Yes,Yes,45,Yes,Yes,No,No internet service,No internet service,No internet service,No internet service,No internet service,No internet service,Month-to-month,Yes,Electronic check,65.38,3007.48,No
28416255,Male,0,No,No,5,No,No phone service,Fiber optic,No,No,No,No,Yes,No,One year,Yes,Electronic check,105.13,630.78,No
11523452,Female,0,No,Yes,24,Yes,Yes,Fiber optic,No,No,Yes,Yes,No,No,Two year,Yes,Electronic check,94.56,2364.0,No
31989243,Female,1,No,No,16,Yes,No,Fiber optic,No,No,Yes,Yes,Yes,No,One year,No,Mailed check,69.48,1167.26,No
76627415,Female,1,Yes,Yes,27,Yes,Yes,No,No internet service,No internet service,No internet service,No internet service,No internet service,No internet service,Two year,No,Bank transfer (automatic),38.7,1083.6,No
56533974,Female,1,Yes,No,31,Yes,No,Fiber optic,Yes,Yes,No,No,Yes,No,Month-to-month,Yes,Bank transfer (automatic),148.78,4760.96,Yes
80196591,Male,0,No,Yes,22,Yes,No,Fiber optic,No,No,No,No,No,Yes,One year,No,Bank transfer (automatic),61.8,1421.4,No
79420474,Female,1,Yes,No,15,Yes,No,Fiber optic,No,No,Yes,No,No,No,Month-to-month,No,Credit card (automatic),72.13,1154.08,Yes
44795538,Male,0,Yes,No,25,No,No phone service,Fiber optic,No,No,Yes,No,Yes,Yes,Two year,Yes,Mailed check,18.0,468.0,No
32409388,Male,1,No,No,32,No,No phone service,DSL,No,Yes,Yes,Yes,Yes,Yes,Month-to-month,No,Credit card (automatic),53.21,1755.93,No
59911470,Male,0,Yes,No,57,Yes,No,DSL,Yes,No,Yes,Yes,No,No,Month-to-month,Yes,Electronic check,96.66,5606.28,No
27036337,Female,0,No,Yes,47,Yes,No,DSL,Yes,Yes,Yes,Yes,Yes,Yes,Two year,Yes,Bank transfer (automatic),65.67,3152.16,No
46072958,Female,1,No,Yes,54,Yes,No,No,No internet service,No internet service,No internet service,No internet service,No internet service,No internet service,One year,Yes,Credit card (automatic),149.56,8225.8,No
25845304,Male,0,No,Yes,40,Yes,No,DSL,Yes,Yes,No,Yes,No,No,One year,Yes,Credit card (automatic),78.73,3227.93,No
13940129,Female,0,No,No,61,Yes,Yes,Fiber optic,Yes,Yes,No,Yes,No,Yes,Month-to-month,No,Electronic check,52.24,3238.88,No
54964418,Female,0,Yes,No,16,Yes,Yes,No,No internet service,No internet service,No internet service,No internet service,No internet service,No internet service,Month-to-month,Yes,Electronic check,121.35,2069.02,Yes
67622968,Male,0,Yes,No,58,Yes,No,DSL,Yes,No,No,No,No,Yes,One year,Yes,Mailed check,143.62,8473.58,No
46504617,Male,0,No,Yes,13,Yes,No,DSL,No,Yes,No,Yes,No,No,Two year,No,Electronic check,110.43,1546.02,No
80310522,Male,0,Yes,No,20,Yes,No,No,No internet service,No internet service,No internet service,No internet service,No internet service,No internet service,Month-to-month,No,Bank transfer (automatic),74.05,1555.05,No
18572753,Female,1,No,No,62,Yes,No,Fiber optic,Yes,No,No,No,Yes,No,Month-to-month,Yes,Credit card (automatic),64.5,4063.5,No
45292504,Male,0,No,No,45,Yes,No,DSL,Yes,No,No,Yes,Yes,Yes,Month-to-month,Yes,Electronic check,20.79,956.34,No
87396877,Female,0,Yes,No,54,Yes,No,No,No internet service,No internet service,No internet service,No internet service,No internet service,No internet service,Two year,No,Mailed check,80.66,4436.3,No
94226031,Female,0,No,No,61,Yes,No,Fiber optic,No,No,No,Yes,Yes,No,Two year,No,Bank transfer (automatic),81.88,5076.56,No
20344164,Male,0,Yes,No,38,Yes,Yes,No,No internet service,No internet service,No internet service,No internet service,No internet service,No internet service,Month-to-month,No,Bank transfer (automatic),35.8,1397.99,No
76591799,Female,0,Yes,Yes,41,Yes,No,DSL,No,No,Yes,No,No,No,Month-to-month,Yes,Electronic check,72.32,3041.06,No
71095611,Female,0,No,No,47,Yes,No,Fiber optic,Yes,No,Yes,No,No,Yes,Month-to-month,Yes,Bank transfer (automatic),103.61,4973.28,No
78555983,Female,0,No,No,27,Yes,No,Fiber optic,Yes,No,Yes,No,Yes,No,Month-to-month,No,Credit card (automatic),61.54,1723.12,No
58335011,Male,1,No,Yes,5,Yes,No,Fiber optic,No,Yes,Yes,Yes,Yes,No,One year,Yes,Bank transfer (automatic),79.76,478.56,No
17440911,Male,0,Yes,Yes,58,Yes,No,DSL,Yes,Yes,Yes,Yes,No,No,Month-to-month,No,Electronic check,18.0,1062.0,No
77056519,Male,0,Yes,Yes,69,Yes,No,DSL,No,No,Yes,Yes,Yes,No,One year,Yes,Mailed check,124.66,8726.2,No
86086168,Male,0,Yes,No,38,Yes,Yes,Fiber optic,No,No,Yes,Yes,Yes,Yes,One year,No,Electronic check,49.91,1946.49,No
32398441,Female,0,Yes,Yes,56,Yes,No,Fiber optic,No,No,No,Yes,No,No,One year,No,Bank transfer (automatic),61.11,3483.27,No
59350218,Female,0,Yes,No,53,Yes,No,DSL,No,Yes,No,No,No,Yes,Month-to-month,Yes,Credit card (automatic),77.79,4200.66,No
31113788,Female,1,No,Yes,59,Yes,Yes,Fiber optic,No,No,No,Yes,No,No,One year,No,Electronic check,64.11,3849.81,No
44241100,Female,0,No,No,16,Yes,No,Fiber optic,No,No,Yes,Yes,Yes,No,Month-to-month,Yes,Mailed check,98.83,1680.11,No
23811663,Female,0,Yes,No,39,Yes,No,DSL,No,Yes,Yes,Yes,Yes,Yes,Month-to-month,Yes,Bank transfer (automatic),58.9,2356.0,Yes
87029205,Male,0,Yes,No,65,Yes,Yes,Fiber optic,No,Yes,Yes,No,No,Yes,Two year,No,Mailed check,52.61,3461.74,No
25479814,Female,0,No,Yes,53,Yes,No,Fiber optic,No,No,No,Yes,Yes,No,One year,No,Credit card (automatic),98.0,5292.0,No
40655922,Female,1,No,No,70,Yes,No,Fiber optic,Yes,Yes,No,Yes,Yes,No,Two year,No,Electronic check,18.0,1278.9,No
78293320,Female,0,No,No,43,Yes,No,DSL,Yes,Yes,Yes,No,No,No,Month-to-month,Yes,Credit card (automatic),31.74,1396.56,Yes
10344739,Female,0,Yes,No,66,No,No phone service,DSL,Yes,Yes,Yes,No,No,No,One year,No,Credit card (automatic),77.28,5177.76,Yes
15910667,Male,0,Yes,Yes,56,Yes,No,Fiber optic,Yes,No,Yes,Yes,No,No,Month-to-month,Yes,Mailed check,95.14,5422.98,Yes
11649277,Female,0,No,Yes,35,Yes,No,No,No internet service,No internet service,No internet service,No internet service,No internet service,No internet service,Month-to-month,Yes,Electronic check,95.4,3434.4,No
42823140,Female,0,No,No,56,Yes,Yes,DSL,No,No,Yes,No,Yes,No,Month-to-month,Yes,Credit card (automatic),18.0,1026.9,No
16171536,Male,0,No,Yes,42,No,No phone service,Fiber optic,Yes,Yes,Yes,No,No,No,Month-to-month,No,Mailed check,55.48,2385.64,No
73319171,Female,0,No,Yes,43,Yes,Yes,DSL,Yes,No,Yes,No,No,Yes,One year,No,Mailed check,95.81,4215.64,No
58852098,Female,0,Yes,No,61,No,No phone service,DSL,Yes,No,Yes,Yes,Yes,No,One year,No,Electronic check,39.19,2429.78,No
61402634,Female,0,Yes,No,60,Yes,No,DSL,No,No,No,Yes,Yes,No,Month-to-month,Yes,Electronic check,63.0,3843.0,No
30144023,Male,0,No,No,10,Yes,No,No,No internet service,No internet service,No internet service,No internet service,No internet service,No internet service,Month-to-month,Yes,Electronic check,83.53,902.12,No
34019729,Male,1,Yes,No,32,Yes,Yes,DSL,No,No,No,No,No,Yes,Month-to-month,No,Electronic check,71.96,2378.28,No
14746418,Male,0,No,No,65,Yes,Yes,DSL,No,Yes,No,Yes,Yes,No,Month-to-month,No,Credit card (automatic),84.67,5588.22,Yes
84204255,Female,1,Yes,No,22,Yes,No,Fiber optic,No,No,No,Yes,Yes,No,Month-to-month,Yes,Credit card (automatic),64.81,1490.63,No
98007006,Male,0,Yes,No,48,Yes,Yes,DSL,No,Yes,Yes,No,Yes,No,One year,No,Mailed check,87.09,4249.99,No
66286795,Female,1,Yes,No,19,Yes,No,DSL,No,No,Yes,Yes,No,No,Month-to-month,Yes,Electronic check,87.79,1755.8,No
40133935,Female,0,Yes,Yes,14,Yes,No,DSL,Yes,No,Yes,Yes,No,No,Month-to-month,Yes,Electronic check,95.62,1434.3,No
53191535,Female,0,Yes,Yes,65,Yes,No,No,No internet service,No internet service,No internet service,No internet service,No internet service,No internet service,Month-to-month,Yes,Mailed check,93.91,6198.06,No
43321320,Female,0,No,No,29,Yes,No,DSL,No,Yes,No,No,Yes,Yes,One year,No,Credit card (automatic),99.55,2986.5,No
65869014,Male,0,No,No,3,Yes,Yes,No,No internet service,No internet service,No internet service,No internet service,No internet service,No internet service,Month-to-month,Yes,Credit card (automatic),55.51,222.04,No
52940967,Male,0,Yes,No,63,Yes,No,DSL,No,No,No,No,Yes,No,One year,Yes,Credit card (automatic),57.18,3659.52,No
46407626,Male,0,Yes,No,64,Yes,Yes,DSL,No,Yes,Yes,No,No,Yes,Month-to-month,Yes,Electronic check,76.06,4943.9,Yes
20453825,Male,1,No,Yes,7,Yes,No,No,No internet service,No internet service,No internet service,No internet service,No internet service,No internet service,Month-to-month,Yes,Electronic check,128.77,1030.16,No
86710258,Male,0,Yes,Yes,51,Yes,No,Fiber optic,No,Yes,Yes,No,No,No,Month-to-month,Yes,Electronic check,76.84,3995.68,No
60037465,Female,0,Yes,Yes,13,No,No phone service,Fiber optic,No,No,No,Yes,Yes,No,Two year,Yes,Electronic check,120.33,1684.62,No
26025721,Female,0,Yes,No,57,Yes,No,Fiber optic,No,No,Yes,No,No,No,Month-to-month,Yes,Electronic check,114.41,6641.5,Yes
77382794,Male,0,No,No,10,Yes,No,DSL,No,Yes,No,No,No,Yes,Two year,No,Electronic check,114.62,1260.82,No
17069536,Female,0,Yes,No,58,Yes,Yes,Fiber optic,No,Yes,No,No,No,No,Month-to-month,Yes,Mailed check,112.37,6629.83,No
34071191,Male,0,No,No,23,Yes,No,Fiber optic,Yes,Yes,Yes,Yes,Yes,Yes,One year,Yes,Electronic check,41.54,996.96,Yes
39955391,Female,0,Yes,No,31,Yes,No,DSL,Yes,Yes,No,No,Yes,Yes,One year,No,Electronic check,37.64,1204.48,No
79226031,Female,0,Yes,No,45,Yes,No,No,No internet service,No internet service,No internet service,No internet service,No internet service,No internet service,Two year,No,Mailed check,44.18,2032.28,No
16164431,Female,1,Yes,No,27,Yes,Yes,Fiber optic,No,No,Yes,No,No,No,Month-to-month,No,Electronic check,103.56,2899.68,No
63811222,Female,0,No,No,15,Yes,No,DSL,No,Yes,Yes,No,Yes,No,Month-to-month,Yes,Electronic check,61.71,987.36,No
19251149,Female,1,No,No,41,Yes,No,DSL,Yes,Yes,No,Yes,No,No,Month-to-month,Yes,Bank transfer (automatic),51.96,2182.32,No
72423883,Male,0,Yes,No,15,Yes,No,No,No internet service,No internet service,No internet service,No internet service,No internet service,No internet service,Month-to-month,No,Electronic check,57.48,919.68,No
47890586,Female,0,Yes,No,11,Yes,No,Fiber optic,No,No,Yes,No,No,No,Month-to-month,Yes,Bank transfer (automatic),84.35,1016.42,Yes
51701149,Male,0,No,No,61,Yes,No,Fiber optic,No,Yes,Yes,No,No,Yes,Month-to-month,Yes,Credit card (automatic),49.1,3034.38,No
53929586,Female,0,No,No,33,Yes,No,No,No internet service,No internet service,No internet service,No internet service,No internet service,No internet service,Month-to-month,Yes,Credit card (automatic),54.98,1869.32,Yes
21594468,Female,0,Yes,No,37,Yes,Yes,Fiber optic,No,No,Yes,Yes,Yes,No,Month-to-month,Yes,Electronic check,60.87,2313.06,No
84234670,Female,0,No,No,46,Yes,No,Fiber optic,No,No,Yes,No,No,No,One year,Yes,Bank transfer (automatic),97.53,4583.91,No
71303434,Male,0,Yes,Yes,21,Yes,No,DSL,Yes,Yes,Yes,Yes,Yes,Yes,Month-to-month,Yes,Electronic check,20.23,445.06,No
11069604,Female,0,Yes,No,2,Yes,Yes,Fiber optic,No,Yes,Yes,Yes,No,Yes,One year,Yes,Mailed check,70.27,210.81,No
59515518,Male,1,Yes,No,0,Yes,No,Fiber optic,No,No,No,Yes,No,Yes,One year,Yes,Mailed check,59.29,59.29,No
36933626,Female,0,No,Yes,52,Yes,No,No,No internet service,No internet service,No internet service,No internet service,No internet service,No internet service,Month-to-month,Yes,Electronic check,88.24,4659.07,No
49137230,Male,0,Yes,No,63,Yes,No,DSL,No,Yes,Yes,No,Yes,No,Month-to-month,No,Credit card (automatic),66.57,2221.925,No
85672859,Female,0,No,No,43,Yes,No,DSL,No,Yes,No,Yes,No,No,Month-to-month,No,Credit card (automatic),42.46,1870.36,No
50790016,Male,0,No,No,46,Yes,No,DSL,Yes,No,Yes,No,Yes,No,Month-to-month,No,Electronic check,134.48,6320.56,No
93579731,Male,0,No,No,37,Yes,No,Fiber optic,Yes,Yes,No,No,Yes,Yes,One year,No,Electronic check,116.34,4420.92,No
42559072,Male,0,Yes,No,62,Yes,No,DSL,Yes,No,Yes,Yes,Yes,Yes,Month-to-month,Yes,Electronic check,77.37,4874.31,No
72267186,Female,0,Yes,No,40,Yes,No,No,No internet service,No internet service,No internet service,No internet service,No internet service,No internet service,Month-to-month,Yes,Bank transfer (automatic),87.76,3598.16,No
59428849,Female,1,No,Yes,20,Yes,No,No,No internet service,No internet service,No internet service,No internet service,No internet service,No internet service,One year,No,Electronic check,47.65,1000.65,No
89415412,Female,0,No,No,44,Yes,No,Fiber optic,Yes,No,Yes,Yes,No,No,Two year,Yes,Electronic check,76.26,3431.7,No
76217748,Male,0,No,No,12,Yes,No,DSL,No,No,Yes,Yes,No,No,Two year,No,Electronic check,149.66,1945.58,Yes
36229153,Male,0,Yes,No,65,Yes,No,DSL,No,No,No,Yes,Yes,Yes,Two year,No,Bank transfer (automatic),107.2,7075.2,No
83357939,Male,0,Yes,Yes,65,Yes,No,No,No internet service,No internet service,No internet service,No internet service,No internet service,No internet service,Two year,Yes,Electronic check,38.32,2529.12,No
42900372,Female,0,No,No,42,Yes,No,DSL,Yes,No,Yes,No,Yes,Yes,Month-to-month,No,Credit card (automatic),82.13,3531.59,No
30208677,Female,0,Yes,No,61,Yes,No,Fiber optic,No,No,Yes,No,No,Yes,Two year,Yes,Mailed check,72.45,4491.9,No
10856024,Female,0,No,No,47,Yes,No,Fiber optic,Yes,Yes,Yes,No,No,Yes,Month-to-month,No,Mailed check,85.62,4114.04,No
65034115,Male,0,Yes,No,25,Yes,No,No,No internet service,No internet service,No internet service,No internet service,No internet service,No internet service,Two year,Yes,Electronic check,123.46,3185.27,No
13209180,Male,0,Yes,No,60,Yes,Yes,DSL,No,Yes,No,Yes,Yes,No,One year,No,Bank transfer (automatic),42.71,2605.31,No
41272427,Male,0,Yes,Yes,61,Yes,No,DSL,Yes,Yes,No,No,No,No,Two year,No,Credit card (automatic),63.94,3964.28,Yes
82684966,Female,0,Yes,No,13,Yes,No,Fiber optic,No,Yes,Yes,No,Yes,No,Two year,No,Electronic check,36.29,508.06,No
56496201,Male,0,Yes,No,53,Yes,Yes,DSL,Yes,No,No,No,No,No,Two year,Yes,Bank transfer (automatic),76.44,4127.76,No
95354668,Male,0,No,Yes,40,Yes,No,Fiber optic,Yes,Yes,No,Yes,Yes,No,Two year,Yes,Electronic check,73.23,3002.43,Yes
11287794,Female,0,Yes,No,59,Yes,No,DSL,No,No,No,Yes,No,No,Month-to-month,No,Credit card (automatic),132.49,7949.4,Yes
54965270,Male,1,Yes,No,8,Yes,Yes,Fiber optic,No,Yes,No,No,No,No,Two year,No,Bank transfer (automatic),44.46,400.14,No
10196231,Male,1,No,No,43,Yes,Yes,Fiber optic,Yes,Yes,Yes,No,No,No,Month-to-month,Yes,Mailed check,97.18,4275.92,No
98221829,Male,0,Yes,No,55,Yes,Yes,Fiber optic,Yes,No,Yes,No,No,No,Month-to-month,Yes,Bank transfer (automatic),18.0,1008.0,Yes
60502752,Male,0,Yes,Yes,2,Yes,Yes,No,No internet service,No internet service,No internet service,No internet service,No internet service,No internet service,Month-to-month,Yes,Bank transfer (automatic),127.99,383.97,Yes
51273379,Female,0,No,No,58,Yes,No,No,No internet service,No internet service,No internet service,No internet service,No internet service,No internet service,Month-to-month,No,Bank transfer (automatic),70.87,4181.33,Yes
23951801,Female,0,No,No,72,Yes,No,Fiber optic,Yes,No,No,No,No,No,One year,No,Electronic check,74.18,5415.14,Yes
37540722,Male,0,Yes,No,12,Yes,No,Fiber optic,No,No,No,Yes,Yes,No,Month-to-month,No,Credit card (automatic),63.32,810.5,No
81110496,Female,0,Yes,No,29,Yes,No,Fiber optic,No,No,Yes,No,Yes,No,Month-to-month,Yes,Mailed check,84.21,2526.3,No
41966313,Male,0,No,Yes,52,Yes,No,DSL,No,Yes,No,No,Yes,Yes,One year,No,Mailed check,52.16,2764.48,No
66346728,Male,0,Yes,Yes,50,Yes,No,Fiber optic,Yes,No,No,Yes,Yes,No,One year,Yes,Electronic check,74.32,3790.32,No
76038997,Male,0,No,No,41,Yes,No,DSL,No,Yes,Yes,Yes,No,No,Month-to-month,No,Credit card (automatic),110.46,4617.23,Yes
18038980,Male,0,No,No,25,Yes,No,DSL,Yes,No,No,Yes,Yes,No,Month-to-month,No,Bank transfer (automatic),58.3,1515.8,No
29109045,Female,0,No,Yes,58,Yes,No,Fiber optic,No,No,No,No,No,No,Month-to-month,No,Mailed check,60.9,3593.1,No
47557512,Female,0,Yes,No,68,Yes,Yes,Fiber optic,No,Yes,Yes,No,No,No,Two year,No,Credit card (automatic),61.57,4251.41,No
22485824,Female,0,Yes,No,2,Yes,No,DSL,No,Yes,No,No,No,No,Two year,Yes,Mailed check,98.74,301.16,No
15892193,Female,0,No,Yes,40,Yes,Yes,Fiber optic,No,No,Yes,Yes,Yes,Yes,One year,No,Electronic check,65.45,2683.45,No
41067722,Female,0,Yes,Yes,0,Yes,No,No,No internet service,No internet service,No internet service,No internet service,No internet service,No internet service,Month-to-month,Yes,Electronic check,56.64,56.64,Yes
79760901,Female,0,Yes,Yes,64,Yes,Yes,Fiber optic,Yes,No,Yes,No,Yes,Yes,Month-to-month,No,Bank transfer (automatic),75.38,4899.7,Yes
65439545,Male,0,No,No,69,Yes,No,Fiber optic,Yes,Yes,No,No,Yes,No,Two year,Yes,Electronic check,101.89,7132.3,Yes
59995026,Male,0,Yes,No,49,Yes,No,DSL,Yes,No,No,Yes,No,Yes,Two year,No,Electronic check,30.89,1544.5,No
71533194,Female,0,Yes,No,58,Yes,No,No,No internet service,No internet service,No internet service,No internet service,No internet service,No internet service,Month-to-month,No,Mailed check,92.44,5453.96,No
21395409,Female,0,No,No,62,Yes,Yes,DSL,No,Yes,No,Yes,No,No,One year,No,Mailed check,80.58,5076.54,No
87949714,Male,0,Yes,No,24,No,No phone service,No,No internet service,No internet service,No internet service,No internet service,No internet service,No internet service,Two year,Yes,Mailed check,81.9,2047.5,No
22828128,Female,0,Yes,Yes,9,Yes,Yes,No,No internet service,No internet service,No internet service,No internet service,No internet service,No internet service,Month-to-month,Yes,Electronic check,70.56,705.6,Yes
77837366,Female,0,Yes,No,0,Yes,No,Fiber optic,No,No,Yes,No,Yes,Yes,One year,No,Electronic check,70.94,70.94,No
27919925,Female,0,No,Yes,13,Yes,Yes,No,No internet service,No internet service,No internet service,No internet service,No internet service,No internet service,Two year,Yes,Credit card (automatic),91.12,1275.68,No
95525640,Male,0,Yes,No,20,Yes,No,Fiber optic,Yes,Yes,Yes,Yes,No,No,Two year,No,Bank transfer (automatic),23.51,493.71,No
62928934,Female,0,Yes,No,57,Yes,No,No,No internet service,No internet service,No internet service,No internet service,No internet service,No internet service,Month-to-month,No,Electronic check,45.75,2653.5,No
20043577,Male,0,No,Yes,37,Yes,Yes,Fiber optic,Yes,No,Yes,Yes,Yes,No,Two year,Yes,Electronic check,19.35,735.3,No
89442904,Female,0,No,No,0,Yes,Yes,DSL,No,Yes,No,No,No,No,Month-to-month,No,Credit card (automatic),124.35,124.35,No
86211608,Male,0,Yes,No,4,Yes,No,DSL,Yes,Yes,No,Yes,No,No,Month-to-month,No,Electronic check,107.78,517.34,Yes
18359464,Female,0,No,No,43,Yes,No,Fiber optic,Yes,Yes,Yes,No,Yes,No,Month-to-month,Yes,Bank transfer (automatic),18.0,792.0,Yes
68382413,Female,0,Yes,Yes,64,No,No phone service,No,No internet service,No internet service,No internet service,No internet service,No internet service,No internet service,Month-to-month,No,Bank transfer (automatic),80.86,5255.9,No
98911718,Male,0,No,Yes,56,Yes,Yes,No,No internet service,No internet service,No internet service,No internet service,No internet service,No internet service,Two year,No,Credit card (automatic),63.42,3602.26,No
27543369,Male,1,Yes,No,44,Yes,No,No,No internet service,No internet service,No internet service,No internet service,No internet service,No internet service,Month-to-month,Yes,Electronic check,87.83,3952.35,No
41778964,Male,0,Yes,No,59,No,No phone service,DSL,Yes,No,Yes,No,No,Yes,Two year,No,Electronic check,80.04,4802.4,No
49148093,Male,1,No,Yes,65,Yes,No,Fiber optic,Yes,No,No,Yes,No,No,Two year,No,Credit card (automatic),65.73,4325.03,No
45029610,Male,0,Yes,No,46,Yes,No,Fiber optic,Yes,No,No,Yes,No,No,Month-to-month,Yes,Bank transfer (automatic),68.16,3203.52,No
52279780,Male,0,Yes,No,25,Yes,No,Fiber optic,No,Yes,No,No,Yes,Yes,Month-to-month,No,Mailed check,100.53,2613.78,Yes
62741214,Male,0,Yes,No,8,Yes,Yes,DSL,Yes,Yes,No,Yes,No,No,One year,Yes,Electronic check,52.15,458.92,No
53788744,Female,0,No,Yes,50,Yes,Yes,Fiber optic,No,No,No,No,Yes,No,One year,No,Electronic check,58.47,2981.97,Yes
52688984,Female,0,Yes,No,7,Yes,No,Fiber optic,No,No,Yes,No,No,Yes,Month-to-month,No,Electronic check,89.42,715.36,No
70768130,Female,0,Yes,Yes,4,Yes,No,Fiber optic,No,No,Yes,Yes,Yes,No,Month-to-month,No,Credit card (automatic),95.67,478.35,No
46501299,Male,0,Yes,No,38,Yes,No,Fiber optic,Yes,No,No,No,No,Yes,One year,Yes,Electronic check,78.79,3072.81,No
41354768,Female,0,Yes,No,67,Yes,No,Fiber optic,Yes,Yes,No,No,No,No,One year,Yes,Electronic check,55.57,3778.76,No
20024377,Female,0,Yes,Yes,39,Yes,No,DSL,Yes,Yes,No,Yes,Yes,Yes,Two year,Yes,Electronic check,19.87,794.8,No
37207628,Male,0,Yes,No,35,Yes,No,No,No internet service,No internet service,No internet service,No internet service,No internet service,No internet service,Month-to-month,Yes,Credit card (automatic),21.09,759.24,No
28268622,Male,0,Yes,Yes,20,Yes,No,DSL,No,Yes,Yes,No,No,No,Month-to-month,No,Mailed check,63.88,1341.48,No
88478184,Male,0,Yes,No,25,Yes,No,Fiber optic,Yes,No,Yes,Yes,Yes,No,Two year,No,Electronic check,74.98,1949.48,No
24626086,Female,0,No,Yes,55,Yes,Yes,DSL,No,No,No,Yes,Yes,No,Two year,No,Mailed check,59.42,3327.52,No
30858851,Male,0,No,Yes,56,Yes,No,Fiber optic,No,No,No,No,Yes,Yes,Month-to-month,No,Electronic check,38.46,2192.22,No
24181143,Female,0,No,No,58,Yes,Yes,No,No internet service,No internet service,No internet service,No internet service,No internet service,No internet service,One year,Yes,Mailed check,33.82,1995.38,No
32062036,Female,0,Yes,No,6,Yes,No,DSL,No,Yes,Yes,No,No,No,Month-to-month,No,Credit card (automatic),74.88,524.16,Yes
70339827,Female,0,No,Yes,41,Yes,No,No,No internet service,No internet service,No internet service,No internet service,No internet service,No internet service,Month-to-month,No,Electronic check,110.71,4649.82,No
72552858,Female,0,Yes,Yes,12,Yes,No,DSL,Yes,No,No,Yes,Yes,No,Month-to-month,No,Electronic check,47.65,619.45,Yes
52148834,Female,0,No,Yes,33,Yes,No,DSL,Yes,Yes,No,No,No,Yes,Month-to-month,Yes,Credit card (automatic),69.26,2354.84,Yes
64561191,Male,0,Yes,No,52,Yes,Yes,No,No internet service,No internet service,No internet service,No internet service,No internet service,No internet service,One year,Yes,Credit card (automatic),48.68,2580.04,No
26205010,Female,1,Yes,No,45,Yes,No,Fiber optic,No,No,No,No,Yes,Yes,Month-to-month,Yes,Electronic check,88.05,4050.3,No
81930575,Male,1,Yes,No,56,No,No phone service,DSL,Yes,Yes,No,Yes,No,No,Two year,Yes,Electronic check,66.24,3775.68,No
58088526,Male,0,Yes,No,60,Yes,Yes,No,No internet service,No internet service,No internet service,No internet service,No internet service,No internet service,Month-to-month,Yes,Credit card (automatic),99.64,6078.04,No
37868462,Female,0,No,Yes,55,No,No phone service,Fiber optic,Yes,No,No,No,No,No,Month-to-month,Yes,Electronic check,73.53,4117.68,Yes
70655283,Male,0,No,No,28,Yes,Yes,DSL,Yes,No,No,Yes,Yes,Yes,Month-to-month,No,Mailed check,73.6,2134.4,Yes
51380361,Female,0,No,Yes,13,Yes,No,No,No internet service,No internet service,No internet service,No internet service,No internet service,No internet service,Month-to-month,Yes,Electronic check,44.41,612.86,No
72189327,Male,0,No,No,67,No,No phone service,Fiber optic,No,No,Yes,No,No,No,Month-to-month,Yes,Electronic check,44.92,3054.56,No
45568761,Female,0,Yes,No,70,Yes,Yes,DSL,No,Yes,No,No,Yes,No,Two year,No,Electronic check,83.8,5949.8,No
26094525,Female,0,Yes,No,12,Yes,Yes,No,No internet service,No internet service,No internet service,No internet service,No internet service,No internet service,One year,Yes,Electronic check,76.9,984.32,No
22136086,Female,0,No,Yes,16,Yes,Yes,Fiber optic,Yes,Yes,Yes,Yes,No,Yes,Month-to-month,Yes,Mailed check,130.42,2217.14,No
31154777,Male,0,No,Yes,28,Yes,No,Fiber optic,No,Yes,Yes,No,Yes,No,Month-to-month,Yes,Credit card (automatic),37.09,1077.46,Yes
50831043,Male,0,No,No,72,Yes,No,No,No internet service,No internet service,No internet service,No internet service,No internet service,No internet service,Two year,Yes,Bank transfer (automatic),99.73,7280.29,No
90973889,Female,0,Yes,No,1,Yes,Yes,No,No internet service,No internet service,No internet service,No internet service,No internet service,No internet service,Two year,Yes,Credit card (automatic),73.91,147.82,No
15412975,Male,1,No,Yes,61,Yes,No,DSL,No,No,Yes,No,Yes,Yes,Month-to-month,No,Electronic check,40.78,2528.36,No
38859601,Male,0,No,Yes,19,No,No phone service,No,No internet service,No internet service,No internet service,No internet service,No internet service,No internet service,One year,Yes,Electronic check,18.0,360.0,No
53995720,Male,0,Yes,No,55,Yes,No,Fiber optic,No,Yes,No,No,No,Yes,Month-to-month,Yes,Electronic check,50.93,2852.08,No
29907683,Male,0,Yes,No,51,Yes,No,Fiber optic,Yes,Yes,No,No,No,Yes,Month-to-month,Yes,Mailed check,54.72,2845.44,No
22242388,Male,0,Yes,No,24,Yes,No,No,No internet service,No internet service,No internet service,No internet service,No internet service,No internet service,Month-to-month,No,Credit card (automatic),54.65,1366.25,No
43315361,Male,0,No,Yes,61,Yes,No,Fiber optic,No,No,No,No,No,No,One year,Yes,Electronic check,97.05,6017.1,Yes
57746984,Male,1,Yes,No,16,Yes,No,DSL,Yes,Yes,Yes,No,Yes,No,Two year,Yes,Bank transfer (automatic),56.26,956.42,No
63183031,Female,0,Yes,Yes,38,Yes,No,Fiber optic,Yes,No,No,No,Yes,No,Two year,Yes,Credit card (automatic),78.19,3049.41,No
78915391,Female,0,Yes,No,9,Yes,Yes,Fiber optic,No,Yes,Yes,No,No,Yes,One year,No,Mailed check,28.18,281.8,No
16570040,Female,0,No,Yes,58,Yes,Yes,DSL,Yes,No,No,No,No,Yes,Two year,Yes,Mailed check,81.66,4817.94,No
50109721,Male,0,Yes,Yes,24,Yes,No,No,No internet service,No internet service,No internet service,No internet service,No internet service,No internet service,Month-to-month,No,Bank transfer (automatic),31.02,775.5,Yes
44918995,Male,1,Yes,Yes,27,Yes,No,No,No internet service,No internet service,No internet service,No internet service,No internet service,No internet service,Month-to-month,Yes,Electronic check,90.28,2527.84,No
33336132,Female,1,No,No,60,Yes,No,Fiber optic,No,Yes,Yes,Yes,Yes,No,Month-to-month,Yes,Mailed check,99.01,6039.61,No
14171767,Male,0,No,No,57,Yes,No,Fiber optic,Yes,No,Yes,Yes,Yes,No,Two year,Yes,Credit card (automatic),25.02,1451.16,No
64276605,Female,0,Yes,No,43,Yes,No,DSL,No,No,No,No,No,Yes,Month-to-month,Yes,Mailed check,127.7,5618.8,No
70693413,Female,0,No,No,22,Yes,No,No,No internet service,No internet service,No internet service,No internet service,No internet service,No internet service,Two year,No,Mailed check,56.36,1285.01,No
84618850,Male,0,No,No,16,Yes,Yes,Fiber optic,No,No,No,Yes,No,No,Month-to-month,No,Electronic check,80.87,1374.79,No
83835976,Female,0,Yes,No,37,Yes,No,DSL,No,Yes,Yes,Yes,Yes,No,Month-to-month,Yes,Mailed check,92.94,3531.72,Yes
43534652,Female,0,Yes,No,29,No,No phone service,No,No internet service,No internet service,No internet service,No internet service,No internet service,No internet service,Month-to-month,No,Electronic check,49.78,1493.4,Yes
22713811,Male,1,No,No,18,Yes,No,No,No internet service,No internet service,No internet service,No internet service,No internet service,No internet service,Two year,Yes,Electronic check,48.97,930.43,No
72014395,Male,0,Yes,Yes,31,Yes,No,Fiber optic,No,No,Yes,No,No,Yes,Month-to-month,Yes,Credit card (automatic),57.28,1832.96,Yes
23677772,Female,1,Yes,No,19,Yes,No,DSL,Yes,Yes,No,No,Yes,No,One year,No,Credit card (automatic),83.73,1674.6,No
28762704,Male,0,No,Yes,63,Yes,Yes,DSL,Yes,Yes,Yes,No,No,Yes,Month-to-month,No,Bank transfer (automatic),87.52,5601.28,No
26301180,Male,0,No,No,35,Yes,No,Fiber optic,No,Yes,Yes,No,Yes,No,Two year,No,Bank transfer (automatic),111.87,4027.32,Yes
11604831,Female,1,No,No,64,Yes,Yes,Fiber optic,No,No,Yes,No,No,No,Month-to-month,No,Electronic check,107.3,6974.5,Yes
18277097,Female,0,Yes,No,42,Yes,No,Fiber optic,No,Yes,No,Yes,No,Yes,Month-to-month,No,Electronic check,106.93,4597.99,No
39835008,Male,1,No,No,25,Yes,No,Fiber optic,No,No,No,Yes,Yes,No,Month-to-month,Yes,Bank transfer (automatic),96.22,2501.72,No
27544302,Female,0,Yes,Yes,6,Yes,No,Fiber optic,No,Yes,No,No,No,No,One year,Yes,Credit card (automatic),93.92,657.44,No
36592965,Male,0,No,No,33,Yes,No,Fiber optic,No,No,No,No,Yes,No,Month-to-month,No,Credit card (automatic),57.9,1968.6,Yes
63765180,Male,1,No,No,35,Yes,No,No,No internet service,No internet service,No internet service,No internet service,No internet service,No internet service,Two year,Yes,Bank transfer (automatic),53.38,1921.68,No
59961172,Male,0,No,Yes,5,Yes,No,Fiber optic,No,Yes,No,No,Yes,Yes,Two year,Yes,Credit card (automatic),23.71,142.26,No
94597104,Female,1,Yes,No,36,Yes,Yes,No,No internet service,No internet service,No internet service,No internet service,No internet service,No internet service,Month-to-month,Yes,Electronic check,111.96,4148.12,No
96528158,Male,1,No,Yes,61,Yes,No,No,No internet service,No internet service,No internet service,No internet service,No internet service,No internet service,Two year,Yes,Credit card (automatic),71.43,4428.66,Yes
21279580,Female,0,No,No,72,Yes,No,DSL,Yes,Yes,No,Yes,Yes,Yes,Two year,No,Electronic check,80.02,5825.46,No
88158177,Female,0,No,No,59,Yes,No,No,No internet service,No internet service,No internet service,No internet service,No internet service,No internet service,Month-to-month,Yes,Credit card (automatic),18.0,1080.0,No
88667527,Female,0,Yes,No,63,Yes,Yes,DSL,No,Yes,No,No,No,Yes,Two year,No,Electronic check,50.25,3205.95,No
44738319,Female,0,No,Yes,49,No,No phone service,No,No internet service,No internet service,No internet service,No internet service,No internet service,No internet service,Month-to-month,Yes,Mailed check,99.21,4960.5,Yes
20064609,Male,0,Yes,Yes,51,Yes,No,Fiber optic,No,Yes,No,No,No,No,One year,No,Mailed check,79.92,4139.86,No
12925970,Female,0,No,Yes,16,Yes,No,Fiber optic,Yes,Yes,No,Yes,No,No,Month-to-month,Yes,Electronic check,50.15,852.55,Yes
18653290,Female,0,No,Yes,59,Yes,No,DSL,No,No,No,No,No,Yes,Two year,No,Electronic check,66.48,3988.8,No
36541600,Male,0,Yes,No,53,Yes,Yes,DSL,Yes,No,Yes,Yes,No,Yes,Month-to-month,Yes,Mailed check,129.37,6985.98,No
96702893,Female,0,Yes,No,9,Yes,Yes,DSL,Yes,No,No,Yes,Yes,Yes,Month-to-month,Yes,Credit card (automatic),62.93,629.3,Yes
69516344,Male,0,Yes,No,24,Yes,No,No,No internet service,No internet service,No internet service,No internet service,No internet service,No internet service,Month-to-month,No,Credit card (automatic),73.63,1840.75,No
27286109,Female,0,No,No,17,Yes,No,Fiber optic,Yes,No,No,No,No,No,One year,No,Mailed check,69.8,1256.4,No
22345163,Male,1,Yes,Yes,63,Yes,No,Fiber optic,No,No,No,Yes,Yes,No,Month-to-month,No,Electronic check,76.24,4879.36,No
54499873,Male,0,Yes,No,58,Yes,Yes,No,No internet service,No internet service,No internet service,No internet service,No internet service,No internet service,One year,No,Electronic check,106.12,6239.86,No
26445384,Female,0,No,Yes,26,Yes,Yes,DSL,Yes,Yes,No,Yes,No,No,Month-to-month,Yes,Credit card (automatic),144.47,3907.91,Yes
15730602,Female,0,Yes,No,57,Yes,No,Fiber optic,No,No,No,Yes,No,Yes,One year,Yes,Credit card (automatic),114.3,6635.12,Yes
71873691,Female,0,Yes,Yes,60,Yes,Yes,Fiber optic,No,Yes,No,No,No,No,One year,No,Electronic check,77.0,4697.0,No
16796477,Male,1,No,No,70,No,No phone service,DSL,No,No,No,Yes,Yes,Yes,Month-to-month,No,Bank transfer (automatic),105.78,7515.67,No
32547129,Female,0,Yes,Yes,42,No,No phone service,No,No internet service,No internet service,No internet service,No internet service,No internet service,No internet service,One year,No,Credit card (automatic),25.17,1082.31,No
87025433,Female,0,Yes,No,10,Yes,No,Fiber optic,No,No,No,No,Yes,No,One year,No,Bank transfer (automatic),69.46,764.06,No
68137264,Female,0,Yes,No,4,Yes,No,DSL,Yes,No,Yes,No,No,No,Month-to-month,Yes,Electronic check,49.0,245.0,No
63015826,Female,0,No,No,57,Yes,No,Fiber optic,Yes,No,No,No,Yes,Yes,Month-to-month,No,Mailed check,52.92,3069.36,Yes
76588957,Female,0,No,No,38,Yes,No,No,No internet service,No internet service,No internet service,No internet service,No internet service,No internet service,Month-to-month,Yes,Electronic check,98.82,3853.98,Yes
13957046,Male,0,Yes,No,47,Yes,Yes,DSL,No,No,No,No,Yes,Yes,Month-to-month,No,Bank transfer (automatic),111.0,5328.0,Yes
61369075,Female,0,Yes,No,19,Yes,No,Fiber optic,No,No,No,Yes,Yes,Yes,Two year,Yes,Credit card (automatic),30.08,601.6,No
67265875,Female,0,Yes,No,18,Yes,No,No,No internet service,No internet service,No internet service,No internet service,No internet service,No internet service,One year,Yes,Bank transfer (automatic),64.72,1229.68,No
33193791,Male,1,No,Yes,59,Yes,No,No,No internet service,No internet service,No internet service,No internet service,No internet service,No internet service,Month-to-month,Yes,Mailed check,50.45,3027.0,No
57505459,Male,0,Yes,No,25,No,No phone service,Fiber optic,No,Yes,Yes,No,No,No,One year,Yes,Credit card (automatic),90.04,2341.04,No
38818707,Female,0,No,No,24,Yes,No,DSL,Yes,No,Yes,Yes,No,Yes,Two year,Yes,Electronic check,103.35,2583.75,No
35118997,Female,0,Yes,No,14,Yes,Yes,Fiber optic,Yes,No,No,No,Yes,No,Two year,Yes,Electronic check,137.99,2069.85,No
46907428,Female,0,No,No,20,Yes,No,Fiber optic,No,Yes,No,No,Yes,No,Two year,Yes,Mailed check,105.92,2224.32,No
47561442,Male,1,No,No,46,Yes,Yes,DSL,No,No,No,No,No,Yes,Two year,No,Bank transfer (automatic),104.37,4905.39,No
69862640,Female,0,No,Yes,34,No,No phone service,Fiber optic,Yes,No,No,No,Yes,No,Month-to-month,No,Credit card (automatic),39.96,1398.6,Yes
29948970,Male,0,Yes,Yes,43,Yes,No,Fiber optic,No,Yes,No,Yes,Yes,No,One year,Yes,Bank transfer (automatic),49.73,2188.12,No
14650569,Male,0,No,No,5,Yes,No,No,No internet service,No internet service,No internet service,No internet service,No internet service,No internet service,One year,No,Mailed check,71.68,430.08,No
92423989,Male,0,Yes,No,22,Yes,No,DSL,No,No,Yes,Yes,No,Yes,Month-to-month,Yes,Bank transfer (automatic),147.04,3381.92,Yes
93104469,Female,0,Yes,Yes,38,Yes,Yes,DSL,Yes,Yes,No,Yes,No,No,Two year,No,Credit card (automatic),72.29,2819.31,No
92809273,Female,0,Yes,Yes,72,Yes,Yes,Fiber optic,No,No,Yes,No,No,No,Month-to-month,Yes,Bank transfer (automatic),112.94,8244.62,No
42988674,Female,0,No,No,17,Yes,No,Fiber optic,No,No,Yes,No,No,No,Two year,No,Mailed check,57.43,1022.25,No
96876236,Female,0,No,Yes,39,Yes,Yes,Fiber optic,No,No,No,Yes,No,Yes,Two year,Yes,Bank transfer (automatic),69.29,2771.6,No
49608344,Male,0,No,No,35,Yes,No,DSL,No,Yes,No,Yes,Yes,Yes,Two year,Yes,Mailed check,69.36,2496.96,No
76960098,Male,0,No,Yes,27,Yes,No,DSL,No,No,Yes,No,Yes,No,One year,Yes,Bank transfer (automatic),55.21,1545.88,No
65296657,Male,1,Yes,Yes,63,Yes,No,Fiber optic,No,No,No,Yes,Yes,No,Month-to-month,Yes,Credit card (automatic),90.62,5799.68,No
83912181,Male,0,No,No,57,Yes,Yes,No,No internet service,No internet service,No internet service,No internet service,No internet service,No internet service,Two year,No,Mailed check,31.18,1808.44,No
74294443,Female,0,No,No,37,Yes,Yes,Fiber optic,Yes,No,Yes,Yes,No,No,Two year,Yes,Electronic check,18.0,684.0,No
18184472,Female,0,No,No,43,Yes,No,Fiber optic,Yes,No,Yes,No,Yes,No,Month-to-month,Yes,Bank transfer (automatic),62.13,2733.72,No
21773787,Female,0,Yes,No,1,Yes,No,No,No internet service,No internet service,No internet service,No internet service,No internet service,No internet service,Month-to-month,Yes,Bank transfer (automatic),86.51,173.02,Yes
47550897,Male,0,No,Yes,72,Yes,No,Fiber optic,No,No,Yes,Yes,No,Yes,Month-to-month,No,Mailed check,47.2,3445.6,Yes
61407440,Male,0,No,No,34,No,No phone service,Fiber optic,No,No,Yes,Yes,No,Yes,Month-to-month,Yes,Electronic check,139.78,4892.3,No
28419506,Male,0,No,No,0,Yes,No,DSL,No,No,Yes,Yes,No,No,Two year,Yes,Mailed check,69.93,69.93,No
66268745,Female,0,Yes,No,45,No,No phone service,No,No internet service,No internet service,No internet service,No internet service,No internet service,No internet service,One year,No,Electronic check,72.31,3326.26,No
36770773,Female,0,No,No,59,Yes,No,Fiber optic,No,Yes,Yes,No,Yes,Yes,One year,No,Electronic check,39.94,2396.4,Yes
96255361,Male,0,No,No,62,Yes,Yes,Fiber optic,Yes,Yes,Yes,Yes,No,No,Month-to-month,Yes,Credit card (automatic),88.87,5598.81,No
80573568,Female,0,Yes,No,44,Yes,No,DSL,Yes,No,No,No,Yes,Yes,Two year,Yes,Credit card (automatic),100.76,4534.2,No
43440045,Male,0,Yes,No,56,Yes,No,Fiber optic,No,Yes,Yes,No,Yes,No,Month-to-month,Yes,Mailed check,75.96,4314.53,No
94658420,Male,0,Yes,No,36,Yes,No,DSL,Yes,No,No,No,Yes,Yes,One year,No,Credit card (automatic),79.41,2938.17,No
82968364,Male,0,No,No,6,Yes,No,DSL,No,Yes,No,No,No,No,Two year,Yes,Electronic check,77.29,541.03,No
12621269,Female,0,Yes,Yes,15,Yes,Yes,No,No internet service,No internet service,No internet service,No internet service,No internet service,No internet service,One year,Yes,Electronic check,42.92,686.72,No
61338023,Female,0,Yes,No,49,Yes,No,DSL,Yes,No,No,Yes,No,No,One year,No,Bank transfer (automatic),113.24,5662.0,No
58199211,Female,0,No,Yes,13,Yes,Yes,Fiber optic,No,No,No,No,No,Yes,Two year,No,Bank transfer (automatic),60.65,849.1,No
74382155,Female,1,No,Yes,5,No,No phone service,DSL,Yes,No,Yes,No,No,Yes,Month-to-month,Yes,Electronic check,121.81,730.86,No
83083942,Female,0,Yes,No,60,Yes,No,Fiber optic,Yes,No,Yes,Yes,No,No,Two year,Yes,Credit card (automatic),33.8,2061.8,Yes
75052579,Male,0,Yes,No,20,No,No phone service,Fiber optic,No,No,No,No,Yes,No,Month-to-month,Yes,Bank transfer (automatic),97.2,2041.2,No
56175477,Male,0,No,No,9,Yes,Yes,DSL,No,No,No,Yes,No,No,Month-to-month,Yes,Credit card (automatic),75.59,755.9,No
85920407,Female,0,No,No,31,Yes,No,No,No internet service,No internet service,No internet service,No internet service,No internet service,No internet service,Two year,Yes,Electronic check,72.76,2328.32,No
77430081,Female,1,Yes,No,5,No,No phone service,Fiber optic,Yes,Yes,No,No,Yes,No,Month-to-month,Yes,Bank transfer (automatic),52.27,313.62,No
53165014,Female,1,No,Yes,1,Yes,No,No,No internet service,No internet service,No internet service,No internet service,No internet service,No internet service,Month-to-month,Yes,Electronic check,90.1,180.2,No
62127652,Female,0,Yes,Yes,38,Yes,No,DSL,No,No,No,Yes,Yes,Yes,Month-to-month,No,Credit card (automatic),86.08,3357.12,No
46297263,Male,0,No,No,48,Yes,Yes,Fiber optic,Yes,Yes,No,Yes,Yes,No,Month-to-month,Yes,Electronic check,123.6,6056.4,Yes
34134478,Female,0,Yes,No,26,Yes,No,No,No internet service,No internet service,No internet service,No internet service,No internet service,No internet service,Two year,Yes,Credit card (automatic),90.08,2432.16,No
13498112,Female,0,Yes,No,55,Yes,No,No,No internet service,No internet service,No internet service,No internet service,No internet service,No internet service,One year,No,Electronic check,57.75,3236.89,No
52799022,Female,0,Yes,Yes,13,Yes,No,No,No internet service,No internet service,No internet service,No internet service,No internet service,No internet service,Two year,Yes,Credit card (automatic),57.08,799.12,No
90143600,Male,0,Yes,Yes,22,No,No phone service,Fiber optic,No,Yes,No,No,No,No,Two year,Yes,Mailed check,79.72,1833.56,No
39396392,Male,0,No,Yes,50,Yes,No,Fiber optic,Yes,No,No,Yes,No,No,Two year,Yes,Electronic check,114.57,5820.16,Yes
13933043,Female,0,No,No,24,Yes,No,No,No internet service,No internet service,No internet service,No internet service,No internet service,No internet service,Two year,Yes,Credit card (automatic),81.62,2044.58,No
47706144,Male,0,No,Yes,52,Yes,No,DSL,No,No,Yes,Yes,No,Yes,One year,Yes,Mailed check,100.68,5336.04,No
17863981,Male,0,Yes,No,10,No,No phone service,Fiber optic,Yes,No,No,No,Yes,No,Month-to-month,No,Electronic check,78.88,867.68,No
73308406,Male,0,Yes,No,34,Yes,Yes,No,No internet service,No internet service,No internet service,No internet service,No internet service,No internet service,One year,Yes,Electronic check,18.0,630.0,No
81059199,Female,0,Yes,No,54,No,No phone service,DSL,Yes,No,No,Yes,No,Yes,Two year,Yes,Electronic check,83.63,4599.65,No
57973830,Male,0,Yes,Yes,57,Yes,No,DSL,Yes,No,No,Yes,No,No,Two year,Yes,Bank transfer (automatic),64.22,3724.76,Yes
88381665,Male,0,No,Yes,67,Yes,Yes,DSL,Yes,No,Yes,Yes,No,No,One year,No,Mailed check,106.87,7267.16,No
41240803,Male,1,Yes,No,36,Yes,No,No,No internet service,No internet service,No internet service,No internet service,No internet service,No internet service,One year,Yes,Mailed check,119.56,4423.72,No
31424479,Male,1,No,No,8,Yes,No,Fiber optic,No,Yes,No,No,Yes,No,Month-to-month,Yes,Electronic check,124.11,1116.99,Yes
23439803,Male,0,No,No,27,Yes,Yes,Fiber optic,No,No,No,Yes,Yes,Yes,Month-to-month,Yes,Bank transfer (automatic),64.84,1815.52,Yes
43266810,Female,0,Yes,No,54,Yes,No,No,No internet service,No internet service,No internet service,No internet service,No internet service,No internet service,One year,Yes,Mailed check,55.83,3070.65,No
98162850,Male,0,No,No,45,Yes,No,Fiber optic,Yes,Yes,Yes,No,Yes,No,Month-to-month,Yes,Electronic check,60.41,2778.86,No
42366980,Male,0,Yes,Yes,69,Yes,No,No,No internet service,No internet service,No internet service,No internet service,No internet service,No internet service,Month-to-month,Yes,Bank transfer (automatic),66.5,4655.0,Yes
45772648,Male,0,Yes,Yes,26,Yes,Yes,DSL,No,Yes,Yes,Yes,No,Yes,Month-to-month,Yes,Credit card (automatic),74.97,2024.19,Yes
81630600,Female,1,No,No,9,Yes,Yes,Fiber optic,No,Yes,No,Yes,No,Yes,Two year,Yes,Electronic check,42.36,2221.925,No
17503932,Male,0,Yes,No,22,Yes,No,DSL,No,Yes,Yes,No,No,Yes,Two year,Yes,Electronic check,70.63,1628.02,No
39448924,Male,0,Yes,Yes,20,Yes,No,DSL,No,No,Yes,No,Yes,No,Month-to-month,No,Electronic check,18.0,378.9,No
87268086,Female,0,No,No,44,Yes,No,DSL,Yes,No,No,No,Yes,No,Month-to-month,No,Credit card (automatic),134.54,6054.3,No
62133188,Male,0,Yes,No,2,Yes,No,Fiber optic,Yes,Yes,Yes,Yes,No,No,Month-to-month,Yes,Credit card (automatic),63.09,189.27,Yes
57621071,Male,0,No,No,58,Yes,No,No,No internet service,No internet service,No internet service,No internet service,No internet service,No internet service,Month-to-month,Yes,Bank transfer (automatic),57.23,3376.57,No
33315234,Male,0,Yes,Yes,42,Yes,No,Fiber optic,Yes,Yes,Yes,Yes,Yes,No,Two year,Yes,Electronic check,86.35,3713.05,No
33635791,Female,0,Yes,Yes,6,Yes,No,DSL,No,Yes,Yes,Yes,No,No,Month-to-month,No,Credit card (automatic),95.16,666.12,No
41749355,Female,0,No,No,26,Yes,No,No,No internet service,No internet service,No internet service,No internet service,No internet service,No internet service,Two year,No,Credit card (automatic),18.0,482.4,No
89526622,Male,0,No,No,61,Yes,No,DSL,No,Yes,No,No,No,No,One year,Yes,Credit card (automatic),49.41,3063.42,No
52681823,Female,0,Yes,No,41,No,No phone service,No,No internet service,No internet service,No internet service,No internet service,No internet service,No internet service,Month-to-month,No,Credit card (automatic),112.65,4708.77,No
58155056,Male,1,Yes,No,3,Yes,Yes,No,No internet service,No internet service,No internet service,No internet service,No internet service,No internet service,Two year,Yes,Mailed check,96.23,384.92,No
89398174,Female,0,No,No,61,Yes,No,Fiber optic,No,Yes,Yes,No,Yes,No,Two year,Yes,Mailed check,34.86,2161.32,No
13785821,Male,1,Yes,No,7,Yes,No,DSL,No,Yes,No,No,Yes,No,Month-to-month,Yes,Mailed check,105.6,844.8,No
57201978,Female,0,No,Yes,16,Yes,No,Fiber optic,Yes,No,Yes,Yes,No,Yes,Month-to-month,Yes,Mailed check,92.71,1576.07,Yes
86188876,Male,0,No,No,4,Yes,No,No,No internet service,No internet service,No internet service,No internet service,No internet service,No internet service,Month-to-month,Yes,Mailed check,45.74,228.7,No
85645982,Female,0,No,No,62,Yes,No,Fiber optic,No,No,Yes,No,Yes,Yes,Month-to-month,No,Electronic check,69.86,4401.18,No
29072646,Female,0,No,No,8,No,No phone service,DSL,Yes,Yes,Yes,No,No,Yes,Month-to-month,No,Credit card (automatic),18.98,167.02,Yes
85579195,Female,1,No,No,7,Yes,No,No,No internet service,No internet service,No internet service,No internet service,No internet service,No internet service,Month-to-month,No,Electronic check,94.34,754.72,No
35264294,Female,1,No,No,6,Yes,No,Fiber optic,No,Yes,No,Yes,No,Yes,One year,No,Electronic check,116.23,813.61,No
76065552,Male,0,No,No,36,Yes,No,DSL,Yes,No,Yes,Yes,Yes,No,Month-to-month,No,Electronic check,59.79,2212.23,No
82762732,Male,0,No,Yes,54,Yes,No,No,No internet service,No internet service,No internet service,No internet service,No internet service,No internet service,Two year,Yes,Credit card (automatic),69.83,3826.68,No
51480401,Female,0,Yes,Yes,66,Yes,No,No,No internet service,No internet service,No internet service,No internet service,No internet service,No internet service,Two year,Yes,Credit card (automatic),82.67,5538.89,No
33562830,Male,1,Yes,Yes,7,Yes,Yes,Fiber optic,Yes,No,No,No,No,No,Two year,Yes,Electronic check,63.2,492.96,No
75825262,Female,0,No,Yes,68,Yes,No,DSL,No,Yes,No,No,Yes,Yes,Month-to-month,Yes,Electronic check,18.0,1242.0,No
15095407,Male,0,No,No,4,Yes,Yes,Fiber optic,Yes,No,No,No,Yes,Yes,Month-to-month,No,Electronic check,102.34,511.7,No
22114140,Male,0,Yes,No,16,Yes,No,DSL,No,Yes,No,Yes,No,No,Month-to-month,Yes,Credit card (automatic),106.18,1805.06,No
17538738,Male,0,Yes,No,57,Yes,Yes,DSL,No,No,Yes,Yes,Yes,No,Two year,No,Mailed check,90.57,2221.925,No
41222178,Female,1,No,No,62,Yes,Yes,No,No internet service,No internet service,No internet service,No internet service,No internet service,No internet service,Month-to-month,Yes,Mailed check,111.91,7027.95,No
90753812,Male,0,No,No,26,Yes,No,No,No internet service,No internet service,No internet service,No internet service,No internet service,No internet service,One year,Yes,Mailed check,66.05,1783.35,No
39368039,Female,0,Yes,No,67,Yes,No,Fiber optic,Yes,Yes,No,No,No,Yes,Month-to-month,No,Credit card (automatic),83.29,5663.72,No
12674689,Male,0,No,Yes,27,No,No phone service,Fiber optic,Yes,No,No,No,No,Yes,Month-to-month,No,Credit card (automatic),48.99,1371.72,No
80658723,Female,0,No,No,57,Yes,Yes,DSL,Yes,Yes,No,No,No,Yes,Month-to-month,Yes,Credit card (automatic),43.74,2536.92,Yes
74154596,Male,0,No,Yes,49,Yes,Yes,Fiber optic,Yes,No,No,No,Yes,No,Two year,Yes,Mailed check,30.93,1546.5,No
10091737,Male,0,No,No,66,Yes,No,DSL,Yes,Yes,No,No,No,No,One year,Yes,Electronic check,80.34,5386.8,No
54524582,Male,1,Yes,No,30,No,No phone service,DSL,No,Yes,Yes,Yes,Yes,Yes,Two year,Yes,Bank transfer (automatic),72.64,2251.84,No
92427773,Female,0,No,No,11,Yes,Yes,Fiber optic,Yes,No,No,Yes,No,Yes,One year,No,Electronic check,102.96,1240.67,No
37040091,Male,0,No,Yes,54,Yes,No,No,No internet service,No internet service,No internet service,No internet service,No internet service,No internet service,Two year,Yes,Electronic check,18.0,990.0,No
27514010,Female,0,No,Yes,3,Yes,No,Fiber optic,No,No,Yes,Yes,No,Yes,Month-to-month,Yes,Credit card (automatic),77.91,311.64,Yes
55735904,Male,0,Yes,No,41,No,No phone service,Fiber optic,Yes,No,Yes,Yes,No,No,Month-to-month,No,Credit card (automatic),121.79,5115.18,No
33818260,Female,1,Yes,No,53,Yes,No,DSL,No,No,No,No,Yes,No,Month-to-month,No,Mailed check,73.54,3971.16,Yes
53431355,Female,0,Yes,Yes,21,Yes,Yes,Fiber optic,No,No,Yes,Yes,Yes,No,Month-to-month,No,Electronic check,97.03,2139.51,No
17993466,Male,0,Yes,No,0,No,No phone service,Fiber optic,Yes,No,Yes,No,No,No,Month-to-month,No,Bank transfer (automatic),140.31,112.25,No
12941099,Female,0,No,Yes,47,No,No phone service,DSL,No,Yes,Yes,Yes,No,No,Two year,No,Credit card (automatic),110.95,5325.6,No
29825571,Female,0,No,No,42,Yes,Yes,DSL,Yes,Yes,No,Yes,No,Yes,Month-to-month,Yes,Electronic check,27.23,1170.89,No
88733350,Female,0,No,No,19,Yes,No,DSL,Yes,Yes,No,Yes,No,Yes,One year,Yes,Credit card (automatic),60.64,1200.67,No
29012298,Female,1,No,No,17,Yes,No,Fiber optic,Yes,No,No,Yes,No,Yes,Month-to-month,Yes,Electronic check,80.8,1454.4,No
24887509,Male,0,Yes,No,69,Yes,Yes,DSL,No,No,Yes,Yes,Yes,Yes,One year,Yes,Bank transfer (automatic),68.07,4751.29,No
80638102,Male,0,No,Yes,48,Yes,Yes,No,No internet service,No internet service,No internet service,No internet service,No internet service,No internet service,Month-to-month,Yes,Bank transfer (automatic),109.39,5360.11,Yes
58974686,Female,0,No,Yes,16,Yes,No,No,No internet service,No internet service,No internet service,No internet service,No internet service,No internet service,Month-to-month,Yes,Electronic check,69.41,1166.09,Yes
19735027,Female,0,No,No,52,Yes,Yes,DSL,Yes,No,No,Yes,No,No,Month-to-month,Yes,Bank transfer (automatic),67.89,3584.59,No
60142505,Female,0,No,Yes,21,No,No phone service,Fiber optic,Yes,No,No,No,No,No,Month-to-month,Yes,Credit card (automatic),102.54,2255.88,No
98870866,Female,1,No,No,9,Yes,Yes,Fiber optic,No,No,Yes,Yes,No,Yes,One year,Yes,Electronic check,27.74,277.4,No
63095937,Male,0,No,No,23,Yes,No,No,No internet service,No internet service,No internet service,No internet service,No internet service,No internet service,Month-to-month,No,Credit card (automatic),84.66,2031.84,No
88653825,Male,0,Yes,No,11,No,No phone service,DSL,No,No,No,No,Yes,No,Month-to-month,No,Electronic check,51.05,612.6,No
23560308,Female,0,No,No,3,No,No phone service,Fiber optic,No,No,No,No,No,Yes,Two year,Yes,Bank transfer (automatic),93.27,373.08,Yes
55172462,Female,1,No,No,41,Yes,No,DSL,Yes,No,No,No,No,No,Two year,Yes,Electronic check,59.03,2482.21,No
50502233,Female,0,Yes,No,4,No,No phone service,Fiber optic,No,Yes,No,Yes,No,Yes,Month-to-month,Yes,Credit card (automatic),85.39,426.95,Yes
53299069,Male,1,No,No,25,Yes,No,DSL,Yes,No,No,Yes,No,Yes,Two year,Yes,Electronic check,53.61,1383.14,No
28314232,Male,0,No,No,58,Yes,No,DSL,Yes,Yes,No,No,Yes,No,Two year,Yes,Electronic check,18.0,1062.0,No
31139813,Female,1,No,No,61,Yes,No,DSL,No,Yes,Yes,No,Yes,No,One year,No,Credit card (automatic),80.83,5015.5,No
68635481,Female,0,No,No,4,Yes,Yes,DSL,No,Yes,No,No,No,Yes,Month-to-month,Yes,Bank transfer (automatic),31.04,155.2,Yes
95800828,Male,0,No,No,25,Yes,No,DSL,Yes,No,Yes,Yes,No,Yes,One year,Yes,Electronic check,114.9,2987.4,No
75390879,Male,0,Yes,No,5,Yes,No,Fiber optic,No,No,No,Yes,Yes,Yes,One year,No,Credit card (automatic),86.91,521.46,No
97131500,Female,0,Yes,No,23,Yes,No,Fiber optic,No,No,Yes,No,Yes,No,Two year,Yes,Credit card (automatic),91.76,2183.89,No
52585056,Female,0,No,No,52,No,No phone service,Fiber optic,Yes,Yes,Yes,No,Yes,Yes,One year,Yes,Electronic check,61.51,3260.03,No
33381086,Female,0,No,No,6,Yes,No,DSL,Yes,No,No,No,Yes,No,One year,No,Bank transfer (automatic),69.43,486.01,No
85427317,Male,0,No,No,9,Yes,Yes,DSL,Yes,No,No,Yes,No,No,Month-to-month,Yes,Mailed check,18.0,180.0,No
92370625,Female,0,Yes,No,38,Yes,No,No,No internet service,No internet service,No internet service,No internet service,No internet service,No internet service,One year,No,Bank transfer (automatic),81.79,3189.81,No
57892314,Female,1,Yes,No,27,Yes,No,DSL,No,Yes,No,Yes,No,Yes,Month-to-month,Yes,Credit card (automatic),35.75,1001.0,No
39962391,Male,0,No,No,41,Yes,Yes,No,No internet service,No internet service,No internet service,No internet service,No internet service,No internet service,One year,Yes,Bank transfer (automatic),79.48,3338.16,No
99326148,Female,1,Yes,Yes,61,Yes,No,No,No internet service,No internet service,No internet service,No internet service,No internet service,No internet service,One year,Yes,Electronic check,37.12,2301.44,No
89047551,Male,0,No,No,51,Yes,No,DSL,No,Yes,No,No,No,Yes,Two year,No,Bank transfer (automatic),88.45,4581.71,No
33535297,Female,0,No,Yes,21,No,No phone service,No,No internet service,No internet service,No internet service,No internet service,No internet service,No internet service,Month-to-month,No,Electronic check,75.46,1660.12,No
60785855,Female,0,No,No,56,Yes,No,Fiber optic,Yes,No,Yes,No,Yes,No,Month-to-month,Yes,Mailed check,30.56,1741.92,Yes
51181116,Male,0,Yes,No,10,Yes,No,Fiber optic,No,No,Yes,No,Yes,No,Month-to-month,Yes,Mailed check,110.53,1221.36,No
49529438,Female,1,No,No,13,Yes,No,No,No internet service,No internet service,No internet service,No internet service,No internet service,No internet service,Month-to-month,No,Electronic check,64.11,897.54,No
27092408,Male,0,No,No,30,Yes,No,Fiber optic,No,No,No,Yes,Yes,No,Two year,Yes,Electronic check,43.55,1350.05,No
33851602,Male,1,Yes,Yes,3,Yes,No,Fiber optic,Yes,No,Yes,Yes,Yes,Yes,Month-to-month,Yes,Credit card (automatic),101.08,404.32,No
10241310,Female,1,Yes,No,21,Yes,No,Fiber optic,No,No,No,Yes,Yes,No,Month-to-month,Yes,Bank transfer (automatic),53.5,1177.0,Yes
86884584,Male,0,Yes,No,63,Yes,Yes,Fiber optic,No,No,No,No,No,Yes,Month-to-month,Yes,Credit card (automatic),64.91,4157.49,Yes
62559853,Female,1,Yes,Yes,60,Yes,No,Fiber optic,Yes,No,Yes,No,No,Yes,Month-to-month,No,Credit card (automatic),115.92,7071.12,No
86166246,Male,0,No,No,5,Yes,No,DSL,No,No,No,Yes,Yes,No,Two year,Yes,Electronic check,81.94,491.64,No
14346338,Female,1,No,No,67,Yes,No,DSL,Yes,No,No,No,Yes,No,Month-to-month,Yes,Credit card (automatic),88.54,6020.72,Yes
34438599,Male,0,No,Yes,5,Yes,No,No,No internet service,No internet service,No internet service,No internet service,No internet service,No internet service,Month-to-month,No,Electronic check,66.63,399.78,No
90851238,Female,0,No,No,65,Yes,Yes,DSL,Yes,No,Yes,No,Yes,No,Month-to-month,Yes,Electronic check,50.12,3310.43,Yes
52710350,Female,1,No,No,35,Yes,No,Fiber optic,No,No,Yes,Yes,No,No,Month-to-month,Yes,Mailed check,60.1,2163.6,No
92058189,Male,0,Yes,Yes,14,Yes,No,Fiber optic,No,Yes,No,No,No,No,Month-to-month,Yes,Electronic check,18.0,270.0,No
39648058,Male,0,No,No,39,Yes,No,DSL,No,No,Yes,Yes,No,No,Two year,No,Mailed check,90.15,3606.0,Yes
95851936,Female,0,No,No,40,Yes,Yes,DSL,Yes,No,No,No,No,Yes,Two year,Yes,Bank transfer (automatic),87.76,3598.16,No
85906869,Female,0,No,No,6,Yes,No,DSL,Yes,Yes,No,No,Yes,Yes,Two year,Yes,Electronic check,25.4,177.8,Yes
23973438,Male,0,No,No,21,Yes,Yes,Fiber optic,No,No,Yes,Yes,Yes,Yes,Month-to-month,No,Bank transfer (automatic),81.37,1790.14,No
76596831,Male,0,No,Yes,71,Yes,No,No,No internet service,No internet service,No internet service,No internet service,No internet service,No internet service,Month-to-month,Yes,Bank transfer (automatic),18.0,1296.0,Yes
28876833,Female,0,No,No,10,Yes,No,Fiber optic,No,Yes,No,No,Yes,No,Month-to-month,No,Bank transfer (automatic),134.07,1447.96,Yes
54448673,Female,0,No,Yes,1,Yes,Yes,Fiber optic,Yes,No,Yes,Yes,Yes,Yes,Month-to-month,No,Credit card (automatic),52.85,105.7,No
20443030,Female,0,Yes,No,29,Yes,Yes,Fiber optic,No,No,No,Yes,No,Yes,Two year,Yes,Bank transfer (automatic),54.56,1636.8,No
41943272,Male,0,No,No,67,Yes,Yes,No,No internet service,No internet service,No internet service,No internet service,No internet service,No internet service,Month-to-month,Yes,Electronic check,92.35,6279.8,No
56548066,Female,0,No,No,52,Yes,Yes,Fiber optic,Yes,Yes,No,No,Yes,No,Month-to-month,Yes,Electronic check,84.0,4452.0,No
52885071,Female,0,Yes,No,20,Yes,Yes,DSL,Yes,Yes,No,Yes,No,Yes,Month-to-month,No,Mailed check,24.09,505.89,No
32533467,Male,1,Yes,No,24,Yes,Yes,Fiber optic,Yes,No,No,No,No,No,Month-to-month,No,Bank transfer (automatic),71.4,1785.0,No
95387542,Female,0,No,No,72,Yes,No,No,No internet service,No internet service,No internet service,No internet service,No internet service,No internet service,Month-to-month,Yes,Bank transfer (automatic),82.81,6045.13,No
21908603,Male,0,Yes,No,71,Yes,No,Fiber optic,No,No,Yes,No,No,Yes,Two year,Yes,Bank transfer (automatic),44.93,3234.96,No
99929175,Female,1,Yes,No,4,Yes,No,No,No internet service,No internet service,No internet service,No internet service,No internet service,No internet service,One year,Yes,Mailed check,93.68,468.4,No
95778910,Female,0,No,No,65,Yes,No,DSL,Yes,Yes,No,No,Yes,No,Two year,Yes,Credit card (automatic),31.78,2097.48,No
55063530,Female,0,No,No,48,Yes,No,No,No internet service,No internet service,No internet service,No internet service,No internet service,No internet service,Month-to-month,Yes,Bank transfer (automatic),88.03,4295.86,No
69945655,Male,0,No,No,7,Yes,No,DSL,Yes,Yes,No,Yes,Yes,No,One year,No,Electronic check,25.18,201.44,No
11529494,Female,1,Yes,Yes,26,Yes,No,DSL,Yes,No,No,No,Yes,No,Month-to-month,Yes,Electronic check,57.27,1549.15,No
45596211,Male,0,Yes,Yes,1,Yes,Yes,Fiber optic,No,No,Yes,No,No,Yes,Month-to-month,Yes,Bank transfer (automatic),21.12,42.24,No
38143348,Male,0,Yes,No,27,Yes,Yes,DSL,No,Yes,No,Yes,Yes,No,One year,No,Bank transfer (automatic),94.03,2632.84,No
43492807,Male,0,Yes,No,10,Yes,Yes,Fiber optic,No,Yes,Yes,No,Yes,Yes,Month-to-month,Yes,Electronic check,107.5,1182.5,No
19099261,Female,0,Yes,No,45,Yes,No,No,No internet service,No internet service,No internet service,No internet service,No internet service,No internet service,Month-to-month,Yes,Mailed check,121.18,5574.28,No
57040785,Female,0,No,No,20,Yes,No,No,No internet service,No internet service,No internet service,No internet service,No internet service,No internet service,Two year,Yes,Credit card (automatic),57.6,1209.6,No
44448045,Female,0,No,Yes,41,Yes,No,Fiber optic,Yes,Yes,Yes,Yes,No,Yes,Month-to-month,No,Mailed check,46.82,1966.44,No
24500158,Female,0,Yes,Yes,31,No,No phone service,Fiber optic,Yes,No,No,Yes,Yes,No,Two year,Yes,Credit card (automatic),100.42,3213.44,No
10171954,Female,0,Yes,No,31,No,No phone service,No,No internet service,No internet service,No internet service,No internet service,No internet service,No internet service,Month-to-month,Yes,Electronic check,71.83,2298.56,No
16462242,Male,0,No,No,70,Yes,Yes,Fiber optic,Yes,Yes,No,Yes,Yes,No,Two year,Yes,Mailed check,50.82,3608.22,Yes
61799600,Female,0,No,No,21,No,No phone service,No,No internet service,No internet service,No internet service,No internet service,No internet service,No internet service,Month-to-month,No,Mailed check,50.47,1110.34,No
68816911,Female,0,Yes,No,20,Yes,No,No,No internet service,No internet service,No internet service,No internet service,No internet service,No internet service,Month-to-month,No,Electronic check,70.88,1488.48,No
66324902,Female,1,No,Yes,21,Yes,Yes,DSL,No,Yes,Yes,Yes,Yes,Yes,Two year,No,Mailed check,106.64,2324.75,No
32325567,Male,0,Yes,No,33,Yes,Yes,DSL,Yes,Yes,Yes,Yes,Yes,Yes,Two year,Yes,Mailed check,38.34,1303.56,No
65568711,Female,0,Yes,No,9,No,No phone service,Fiber optic,No,No,Yes,Yes,No,Yes,Two year,No,Bank transfer (automatic),109.54,1073.49,No
76180344,Male,1,Yes,No,64,Yes,No,No,No internet service,No internet service,No internet service,No internet service,No internet service,No internet service,One year,Yes,Bank transfer (automatic),64.59,4198.35,No
60829941,Female,0,No,Yes,64,Yes,Yes,No,No internet service,No internet service,No internet service,No internet service,No internet service,No internet service,Month-to-month,Yes,Mailed check,106.5,6922.5,No
57141449,Male,0,Yes,Yes,66,Yes,No,Fiber optic,Yes,No,No,Yes,No,Yes,One year,No,Electronic check,63.79,4273.93,Yes
83286096,Male,0,Yes,Yes,42,Yes,No,DSL,No,No,Yes,Yes,Yes,Yes,Month-to-month,No,Mailed check,95.14,4091.02,Yes
60378298,Female,0,Yes,No,40,No,No phone service,DSL,Yes,No,No,No,No,No,Month-to-month,Yes,Credit card (automatic),45.09,1848.69,No
23613510,Female,1,No,Yes,12,Yes,No,No,No internet service,No internet service,No internet service,No internet service,No internet service,No internet service,Month-to-month,Yes,Electronic check,82.7,1058.56,No
74355957,Female,0,Yes,Yes,3,Yes,Yes,Fiber optic,No,No,Yes,No,No,Yes,Month-to-month,No,Mailed check,89.56,358.24,No
87585294,Female,0,Yes,No,22,Yes,No,Fiber optic,No,No,No,No,Yes,Yes,Month-to-month,Yes,Credit card (automatic),18.0,414.0,No
97371655,Male,0,Yes,No,69,No,No phone service,No,No internet service,No internet service,No internet service,No internet service,No internet service,No internet service,One year,No,Mailed check,119.1,8337.0,No
40277201,Male,0,Yes,No,33,Yes,No,No,No internet service,No internet service,No internet service,No internet service,No internet service,No internet service,One year,No,Electronic check,26.41,897.94,No
31831387,Male,0,No,No,40,Yes,No,Fiber optic,Yes,Yes,Yes,No,No,Yes,Month-to-month,Yes,Bank transfer (automatic),102.5,4202.5,No
70570772,Male,0,Yes,No,17,Yes,No,Fiber optic,No,No,No,No,No,No,Two year,Yes,Credit card (automatic),55.18,993.24,No
19893106,Female,0,Yes,No,32,Yes,Yes,Fiber optic,No,No,No,No,Yes,No,One year,Yes,Bank transfer (automatic),93.06,3070.98,No
14484588,Female,0,No,No,24,Yes,No,DSL,Yes,No,No,No,No,Yes,Two year,Yes,Credit card (automatic),82.76,2073.14,No
49581964,Male,1,Yes,Yes,51,Yes,Yes,Fiber optic,No,Yes,No,No,No,No,Month-to-month,No,Electronic check,59.62,3100.24,No
12694823,Female,0,Yes,No,16,Yes,No,DSL,Yes,Yes,Yes,Yes,Yes,No,Month-to-month,Yes,Electronic check,43.43,729.62,No
52777459,Male,0,Yes,No,50,Yes,No,No,No internet service,No internet service,No internet service,No internet service,No internet service,No internet service,Two year,Yes,Bank transfer (automatic),62.63,3181.6,No
45047967,Female,0,No,No,2,Yes,Yes,No,No internet service,No internet service,No internet service,No internet service,No internet service,No internet service,One year,Yes,Electronic check,55.58,166.74,No
24055958,Female,0,No,No,54,Yes,No,No,No internet service,No internet service,No internet service,No internet service,No internet service,No internet service,Month-to-month,Yes,Credit card (automatic),81.04,4440.99,Yes
19959009,Male,0,No,No,55,No,No phone service,Fiber optic,No,No,No,No,No,Yes,One year,Yes,Electronic check,72.57,4063.92,Yes
55876720,Female,0,No,Yes,34,Yes,No,Fiber optic,Yes,No,No,Yes,No,No,Two year,Yes,Electronic check,46.13,1614.55,No
32831133,Male,0,No,No,67,Yes,No,DSL,Yes,No,No,No,No,Yes,Month-to-month,Yes,Electronic check,33.18,2256.24,No
60393104,Male,0,No,No,58,Yes,No,DSL,No,No,Yes,No,No,No,Month-to-month,Yes,Mailed check,57.6,3398.4,No
31596235,Male,1,No,No,58,Yes,No,Fiber optic,Yes,Yes,Yes,No,No,Yes,One year,No,Electronic check,67.57,3986.63,No
20066654,Male,0,Yes,Yes,12,Yes,No,Fiber optic,Yes,Yes,Yes,No,No,Yes,Two year,No,Electronic check,47.41,616.33,No
83423305,Male,0,Yes,No,61,Yes,No,DSL,No,Yes,No,Yes,No,No,One year,Yes,Electronic check,81.39,5046.18,No
22496299,Male,0,No,Yes,46,Yes,No,Fiber optic,No,Yes,Yes,No,Yes,No,One year,Yes,Mailed check,63.36,2977.92,Yes
55358959,Female,0,No,No,2,Yes,No,Fiber optic,Yes,No,Yes,No,No,Yes,Month-to-month,Yes,Electronic check,99.49,298.47,Yes
89729429,Female,0,Yes,Yes,20,Yes,Yes,DSL,No,Yes,No,No,Yes,No,Month-to-month,Yes,Credit card (automatic),81.23,1705.83,Yes
92362000,Male,1,No,Yes,64,No,No phone service,DSL,Yes,Yes,No,No,Yes,Yes,Two year,No,Electronic check,87.9,5713.5,No
74791834,Female,0,No,No,17,Yes,No,Fiber optic,No,Yes,No,Yes,No,No,Two year,No,Mailed check,52.85,940.73,No
14159837,Female,0,Yes,No,12,Yes,No,Fiber optic,No,Yes,No,Yes,No,No,Two year,Yes,Mailed check,108.5,1410.5,No
67891237,Female,0,Yes,No,70,Yes,No,Fiber optic,No,Yes,Yes,Yes,Yes,No,Month-to-month,No,Bank transfer (automatic),77.69,5515.99,Yes
97729428,Male,1,No,No,44,Yes,No,Fiber optic,Yes,Yes,No,No,Yes,Yes,Month-to-month,No,Credit card (automatic),109.51,4927.95,Yes
32145548,Male,0,Yes,No,61,Yes,Yes,DSL,No,Yes,Yes,No,Yes,Yes,Two year,Yes,Bank transfer (automatic),96.26,5948.87,No
91512791,Female,0,No,No,29,Yes,No,DSL,No,Yes,Yes,No,No,Yes,Two year,No,Credit card (automatic),63.86,1915.8,No
68277389,Male,0,No,No,13,No,No phone service,DSL,No,Yes,No,No,No,Yes,One year,No,Electronic check,51.83,725.62,No
31086112,Male,0,No,No,52,Yes,No,DSL,No,No,No,Yes,Yes,Yes,Month-to-month,Yes,Credit card (automatic),73.07,3872.71,Yes
17188130,Male,0,Yes,No,9,Yes,No,No,No internet service,No internet service,No internet service,No internet service,No internet service,No internet service,Month-to-month,No,Bank transfer (automatic),61.41,614.1,No
23590593,Male,0,No,No,71,Yes,No,DSL,No,Yes,No,No,No,Yes,Month-to-month,Yes,Electronic check,48.87,3518.64,No
54438762,Male,0,Yes,No,30,Yes,Yes,DSL,Yes,Yes,No,No,No,Yes,One year,Yes,Credit card (automatic),38.24,1185.44,No
37588517,Female,0,Yes,No,5,Yes,No,DSL,No,Yes,Yes,Yes,No,Yes,Month-to-month,No,Bank transfer (automatic),127.74,766.44,No
35499255,Male,1,No,No,18,Yes,No,Fiber optic,Yes,No,No,No,No,No,Month-to-month,No,Mailed check,29.38,559.69,Yes
64932613,Female,0,Yes,No,11,Yes,Yes,DSL,Yes,Yes,No,Yes,Yes,No,One year,Yes,Bank transfer (automatic),18.0,212.4,No
84371711,Male,1,Yes,No,63,Yes,Yes,DSL,No,No,Yes,No,No,Yes,Two year,Yes,Electronic check,81.57,5220.48,Yes
82494408,Male,0,Yes,No,54,Yes,Yes,DSL,Yes,Yes,Yes,Yes,No,No,One year,Yes,Electronic check,48.34,2658.7,No
45603234,Female,0,No,No,66,Yes,No,No,No internet service,No internet service,No internet service,No internet service,No internet service,No internet service,Month-to-month,Yes,Credit card (automatic),61.06,4091.02,No
98663948,Female,0,Yes,No,8,Yes,No,No,No internet service,No internet service,No internet service,No internet service,No internet service,No internet service,One year,Yes,Credit card (automatic),28.9,260.1,No
47785387,Male,0,No,No,5,Yes,Yes,Fiber optic,Yes,Yes,No,Yes,No,No,Month-to-month,Yes,Credit card (automatic),82.21,493.26,No
49916439,Female,0,No,Yes,0,Yes,No,DSL,No,Yes,Yes,No,No,Yes,One year,No,Bank transfer (automatic),78.5,78.5,No
41883191,Male,0,No,Yes,41,No,No phone service,DSL,No,Yes,No,No,Yes,Yes,Two year,Yes,Mailed check,98.53,4138.26,No
22873617,Female,0,No,No,54,Yes,Yes,Fiber optic,No,No,Yes,No,No,No,Month-to-month,Yes,Electronic check,86.55,4760.25,No
16661956,Female,0,Yes,No,48,Yes,No,DSL,No,Yes,No,Yes,Yes,No,Month-to-month,No,Electronic check,61.31,3004.19,No
62734442,Male,0,Yes,Yes,29,Yes,No,Fiber optic,Yes,No,No,Yes,Yes,Yes,One year,Yes,Credit card (automatic),21.65,649.5,No
86741644,Male,0,Yes,No,34,Yes,No,Fiber optic,No,No,No,No,Yes,Yes,Month-to-month,Yes,Electronic check,46.08,1612.8,No
83774469,Male,0,Yes,No,62,Yes,Yes,Fiber optic,No,No,No,No,No,No,Month-to-month,No,Electronic check,44.5,2803.5,Yes
75893962,Female,0,No,No,21,Yes,No,Fiber optic,Yes,No,No,No,No,Yes,One year,Yes,Bank transfer (automatic),36.92,812.24,No
30614492,Male,0,Yes,No,42,Yes,Yes,DSL,No,No,No,No,Yes,Yes,Month-to-month,Yes,Credit card (automatic),108.84,4658.35,No
17315517,Male,1,Yes,No,27,Yes,No,Fiber optic,Yes,Yes,No,Yes,No,Yes,Two year,Yes,Mailed check,111.72,3128.16,No
58429638,Male,1,No,No,17,Yes,Yes,Fiber optic,Yes,Yes,No,No,Yes,Yes,Month-to-month,Yes,Electronic check,54.61,982.98,No
10512117,Male,0,No,Yes,31,No,No phone service,Fiber optic,Yes,Yes,Yes,Yes,No,No,One year,Yes,Mailed check,94.27,2997.79,No
67392300,Male,0,No,No,68,Yes,No,Fiber optic,No,Yes,Yes,Yes,No,Yes,Month-to-month,No,Credit card (automatic),77.77,5366.13,No
21761279,Female,0,No,Yes,53,Yes,No,Fiber optic,Yes,Yes,Yes,No,No,No,Month-to-month,No,Credit card (automatic),52.49,2823.96,Yes
49533757,Female,0,No,No,33,Yes,No,No,No internet service,No internet service,No internet service,No internet service,No internet service,No internet service,Month-to-month,Yes,Bank transfer (automatic),72.86,2477.24,Yes
98854850,Male,0,No,No,30,Yes,No,Fiber optic,Yes,No,No,Yes,No,No,Two year,No,Bank transfer (automatic),18.0,2221.925,No
93898287,Female,0,Yes,No,3,Yes,No,Fiber optic,No,No,No,No,No,No,Month-to-month,Yes,Electronic check,22.84,91.36,Yes
90559564,Male,0,No,No,13,Yes,Yes,Fiber optic,Yes,Yes,Yes,No,Yes,Yes,Month-to-month,Yes,Electronic check,82.68,1157.52,Yes
74468586,Female,0,No,No,14,Yes,No,Fiber optic,Yes,Yes,Yes,Yes,No,Yes,Month-to-month,Yes,Bank transfer (automatic),98.27,1474.05,Yes
36799898,Male,0,Yes,Yes,59,Yes,No,No,No internet service,No internet service,No internet service,No internet service,No internet service,No internet service,Month-to-month,No,Bank transfer (automatic),97.15,5809.57,Yes
23017361,Male,0,Yes,Yes,19,Yes,No,Fiber optic,Yes,Yes,No,Yes,No,No,Month-to-month,Yes,Bank transfer (automatic),38.41,768.2,Yes
13454186,Female,0,No,No,19,Yes,No,Fiber optic,Yes,Yes,Yes,No,Yes,Yes,Month-to-month,No,Credit card (automatic),96.46,1909.91,No
37776759,Female,0,No,Yes,48,Yes,No,Fiber optic,Yes,Yes,Yes,No,No,No,Two year,No,Bank transfer (automatic),89.86,4385.17,No
32928708,Female,1,Yes,Yes,67,Yes,No,DSL,No,Yes,Yes,Yes,No,No,Month-to-month,No,Mailed check,83.75,5699.19,Yes
95656500,Male,0,Yes,No,17,Yes,No,Fiber optic,Yes,Yes,No,No,No,No,Month-to-month,No,Credit card (automatic),65.78,1170.88,No
49166271,Male,0,No,No,23,Yes,Yes,DSL,No,Yes,Yes,No,Yes,No,Month-to-month,No,Electronic check,54.29,1302.96,No
20997276,Female,0,No,No,26,Yes,No,Fiber optic,No,Yes,No,No,Yes,No,Month-to-month,Yes,Electronic check,92.03,2484.81,No
73561576,Male,0,Yes,No,32,Yes,Yes,Fiber optic,No,Yes,No,Yes,No,No,Month-to-month,Yes,Bank transfer (automatic),93.92,3099.36,Yes
25503345,Female,0,Yes,No,63,Yes,No,Fiber optic,No,Yes,Yes,Yes,No,Yes,One year,Yes,Electronic check,63.75,4080.0,No
51386492,Female,0,No,No,24,Yes,Yes,DSL,No,Yes,No,No,No,No,Month-to-month,Yes,Mailed check,82.85,2071.25,No
63347164,Male,0,Yes,No,68,Yes,Yes,Fiber optic,No,Yes,No,No,Yes,Yes,Month-to-month,Yes,Bank transfer (automatic),83.92,5790.48,Yes
73209094,Female,1,No,No,17,Yes,Yes,DSL,No,No,Yes,No,Yes,No,Two year,Yes,Electronic check,66.91,1204.38,No
75645462,Female,0,Yes,No,44,Yes,No,Fiber optic,Yes,No,No,No,No,No,Month-to-month,No,Electronic check,49.19,2213.55,Yes
98723294,Female,1,Yes,No,19,No,No phone service,Fiber optic,No,Yes,Yes,No,No,Yes,Two year,No,Bank transfer (automatic),72.11,1427.78,No
45568288,Female,0,Yes,No,34,Yes,Yes,No,No internet service,No internet service,No internet service,No internet service,No internet service,No internet service,Two year,No,Credit card (automatic),95.97,3358.95,No
22232184,Female,1,Yes,No,5,Yes,No,DSL,No,Yes,Yes,Yes,No,No,Month-to-month,No,Bank transfer (automatic),44.0,264.0,No
96149847,Female,0,Yes,No,8,Yes,Yes,DSL,Yes,Yes,No,No,No,No,Month-to-month,Yes,Bank transfer (automatic),104.75,942.75,No
83031359,Male,0,Yes,No,51,Yes,No,No,No internet service,No internet service,No internet service,No internet service,No internet service,No internet service,Month-to-month,Yes,Credit card (automatic),47.93,2492.36,Yes
62013009,Female,0,No,No,27,Yes,Yes,DSL,No,Yes,No,No,No,No,Month-to-month,Yes,Electronic check,124.54,3487.12,No
34814337,Male,0,Yes,Yes,18,Yes,Yes,Fiber optic,Yes,Yes,No,No,No,No,Month-to-month,Yes,Bank transfer (automatic),93.98,1785.62,No
59797531,Female,0,No,Yes,62,No,No phone service,Fiber optic,Yes,Yes,No,Yes,No,No,Month-to-month,Yes,Electronic check,56.76,3575.88,No
61196706,Female,0,Yes,No,6,No,No phone service,Fiber optic,Yes,Yes,No,Yes,Yes,No,One year,No,Bank transfer (automatic),29.39,205.73,No
59580252,Male,1,No,No,36,Yes,No,Fiber optic,Yes,No,Yes,No,Yes,No,Month-to-month,Yes,Electronic check,53.51,1979.87,No
35042738,Male,1,Yes,No,35,Yes,No,DSL,No,No,Yes,No,No,Yes,Two year,Yes,Credit card (automatic),60.84,2190.24,No
69830944,Female,0,Yes,No,16,Yes,No,No,No internet service,No internet service,No internet service,No internet service,No internet service,No internet service,One year,Yes,Credit card (automatic),60.1,1021.7,No
15988382,Male,0,No,No,36,Yes,No,DSL,No,No,No,Yes,Yes,Yes,Two year,No,Credit card (automatic),49.84,1844.08,Yes
45338986,Male,0,No,Yes,59,Yes,Yes,DSL,Yes,No,Yes,Yes,No,No,One year,No,Electronic check,71.01,4260.6,No
69020960,Male,0,No,No,48,Yes,Yes,Fiber optic,Yes,Yes,No,Yes,No,Yes,Two year,No,Credit card (automatic),67.3,3284.24,No
72419022,Male,0,No,No,55,Yes,No,DSL,No,No,No,Yes,No,No,Month-to-month,No,Mailed check,46.35,2595.6,No
45353058,Female,0,No,No,33,Yes,No,Fiber optic,Yes,Yes,Yes,No,Yes,No,Two year,Yes,Mailed check,101.72,3458.48,No
40365724,Female,1,Yes,Yes,29,Yes,No,Fiber optic,No,No,No,No,Yes,No,Month-to-month,Yes,Bank transfer (automatic),103.68,3110.4,Yes
46045780,Male,0,No,No,26,Yes,Yes,DSL,No,No,Yes,No,No,Yes,One year,Yes,Electronic check,70.44,1887.79,No
85731895,Female,0,No,Yes,50,Yes,No,DSL,No,Yes,No,Yes,Yes,No,One year,Yes,Electronic check,98.41,5018.91,No
18273096,Male,0,No,Yes,8,Yes,Yes,DSL,Yes,No,No,No,No,No,Month-to-month,Yes,Electronic check,89.24,803.16,No
30284415,Female,0,No,No,19,Yes,No,DSL,No,Yes,No,No,No,Yes,Month-to-month,Yes,Electronic check,51.95,1039.0,No
99586100,Female,0,Yes,No,46,Yes,Yes,DSL,Yes,Yes,No,No,Yes,No,One year,Yes,Electronic check,83.02,3901.94,No
22979206,Male,0,Yes,Yes,18,Yes,No,No,No internet service,No internet service,No internet service,No internet service,No internet service,No internet service,Two year,No,Credit card (automatic),43.57,827.83,No
21503440,Female,0,No,Yes,67,Yes,No,DSL,Yes,No,No,Yes,Yes,No,Month-to-month,Yes,Mailed check,41.82,2843.76,No
99676390,Male,0,No,No,11,Yes,No,DSL,No,Yes,No,Yes,No,Yes,Month-to-month,Yes,Electronic check,88.27,1063.65,Yes
56142898,Male,0,No,No,72,No,No phone service,DSL,No,No,Yes,No,Yes,Yes,Month-to-month,No,Electronic check,85.4,6234.2,No
82672055,Male,0,No,No,4,Yes,Yes,Fiber optic,Yes,Yes,Yes,No,No,No,Month-to-month,Yes,Credit card (automatic),83.51,417.55,No
65564347,Male,0,Yes,No,68,No,No phone service,Fiber optic,No,Yes,Yes,No,No,Yes,Two year,No,Bank transfer (automatic),74.25,2221.925,No
89151743,Male,0,Yes,Yes,24,Yes,Yes,No,No internet service,No internet service,No internet service,No internet service,No internet service,No internet service,Month-to-month,Yes,Mailed check,18.61,465.25,No
40536245,Male,0,Yes,No,30,Yes,No,Fiber optic,No,No,No,No,No,Yes,Month-to-month,No,Electronic check,25.06,771.85,Yes
84303190,Male,1,No,No,45,Yes,No,DSL,No,No,Yes,Yes,No,No,Month-to-month,No,Mailed check,81.24,3737.04,Yes
18185099,Female,0,No,No,33,Yes,No,DSL,No,Yes,No,Yes,Yes,Yes,Month-to-month,No,Bank transfer (automatic),92.06,3130.04,No
61956500,Female,1,Yes,Yes,40,Yes,Yes,DSL,No,Yes,Yes,Yes,No,No,Month-to-month,Yes,Credit card (automatic),48.66,1995.06,No
80139805,Female,0,No,No,67,Yes,No,Fiber optic,No,No,No,No,No,Yes,Month-to-month,No,Mailed check,120.88,8195.66,Yes
66187845,Female,1,Yes,No,37,Yes,No,Fiber optic,No,No,Yes,No,No,Yes,Month-to-month,Yes,Bank transfer (automatic),50.81,1930.78,Yes
81875527,Male,0,Yes,Yes,45,Yes,No,DSL,No,No,No,Yes,Yes,No,Two year,Yes,Bank transfer (automatic),105.59,2221.925,No
73729850,Male,0,No,Yes,68,Yes,No,No,No internet service,No internet service,No internet service,No internet service,No internet service,No internet service,Two year,No,Credit card (automatic),20.2,1393.8,No
86868410,Male,1,Yes,No,26,Yes,Yes,No,No internet service,No internet service,No internet service,No internet service,No internet service,No internet service,Month-to-month,No,Electronic check,44.97,2221.925,No
41627336,Female,0,No,No,42,Yes,Yes,No,No internet service,No internet service,No internet service,No internet service,No internet service,No internet service,Month-to-month,No,Credit card (automatic),80.41,3457.63,Yes
73922841,Male,0,No,Yes,70,Yes,No,DSL,Yes,No,Yes,No,No,Yes,Two year,Yes,Mailed check,60.5,4295.5,No
50111251,Female,0,No,No,44,Yes,Yes,DSL,No,No,Yes,Yes,No,Yes,Month-to-month,Yes,Bank transfer (automatic),94.79,4246.59,Yes
20597167,Male,1,Yes,Yes,17,Yes,Yes,DSL,No,Yes,No,Yes,Yes,No,Month-to-month,Yes,Mailed check,77.9,1402.2,Yes
62989744,Male,0,No,Yes,31,Yes,Yes,Fiber optic,Yes,Yes,Yes,Yes,Yes,No,One year,Yes,Bank transfer (automatic),113.29,3625.28,No
14661179,Female,0,No,No,1,No,No phone service,Fiber optic,No,Yes,No,No,No,Yes,Month-to-month,Yes,Electronic check,55.02,110.04,Yes
77390918,Female,0,No,No,40,Yes,No,No,No internet service,No internet service,No internet service,No internet service,No internet service,No internet service,One year,Yes,Mailed check,37.19,1526.65,No
86667841,Female,1,No,No,19,Yes,No,DSL,No,No,No,No,No,Yes,Two year,No,Mailed check,63.25,1265.0,No
79366056,Male,0,Yes,No,57,Yes,No,Fiber optic,No,No,No,No,Yes,No,Month-to-month,No,Bank transfer (automatic),57.74,3348.92,Yes
86703472,Male,0,Yes,No,37,Yes,No,Fiber optic,Yes,No,No,Yes,No,No,Month-to-month,Yes,Mailed check,49.88,2221.925,Yes
93251648,Male,0,No,No,0,No,No phone service,DSL,No,No,No,No,No,Yes,Month-to-month,Yes,Credit card (automatic),43.95,43.95,No
29790089,Female,0,No,No,68,Yes,No,DSL,No,No,No,No,Yes,No,Two year,Yes,Bank transfer (automatic),27.02,1858.98,No
26143959,Female,0,Yes,No,53,Yes,Yes,Fiber optic,Yes,Yes,Yes,Yes,No,Yes,One year,Yes,Mailed check,108.79,5874.66,No
70269093,Male,0,Yes,No,13,Yes,No,Fiber optic,Yes,Yes,No,Yes,Yes,Yes,Month-to-month,Yes,Bank transfer (automatic),25.46,357.71,No
33203422,Male,0,No,Yes,24,Yes,No,No,No internet service,No internet service,No internet service,No internet service,No internet service,No internet service,Month-to-month,No,Electronic check,67.48,1687.0,No
32436477,Female,0,Yes,No,8,Yes,No,No,No internet service,No internet service,No internet service,No internet service,No internet service,No internet service,Month-to-month,No,Bank transfer (automatic),73.88,664.92,No
38439415,Female,0,Yes,No,60,No,No phone service,No,No internet service,No internet service,No internet service,No internet service,No internet service,No internet service,Month-to-month,No,Mailed check,80.76,4926.36,No
35867257,Male,0,Yes,No,51,Yes,Yes,Fiber optic,Yes,Yes,Yes,No,Yes,Yes,Month-to-month,No,Mailed check,68.62,3568.24,Yes
26936398,Female,0,Yes,No,7,Yes,Yes,DSL,Yes,No,No,No,Yes,Yes,Month-to-month,Yes,Bank transfer (automatic),26.9,215.2,No
15727862,Female,0,No,Yes,15,Yes,No,No,No internet service,No internet service,No internet service,No internet service,No internet service,No internet service,Month-to-month,Yes,Credit card (automatic),46.23,739.68,No
66824417,Female,0,Yes,Yes,7,Yes,Yes,No,No internet service,No internet service,No internet service,No internet service,No internet service,No internet service,One year,Yes,Electronic check,68.38,547.04,Yes
20518444,Male,1,Yes,Yes,22,Yes,No,Fiber optic,Yes,No,No,No,No,Yes,Month-to-month,No,Electronic check,69.78,1604.94,No
68437492,Male,0,Yes,No,72,Yes,Yes,DSL,No,No,No,Yes,No,No,Two year,No,Electronic check,34.05,2485.65,Yes
37101146,Male,0,Yes,No,33,Yes,Yes,Fiber optic,Yes,Yes,No,No,Yes,Yes,One year,Yes,Electronic check,88.83,3020.22,No
94184877,Male,0,No,Yes,17,Yes,No,No,No internet service,No internet service,No internet service,No internet service,No internet service,No internet service,Month-to-month,Yes,Credit card (automatic),42.93,772.74,No
29847882,Male,0,Yes,No,43,Yes,No,DSL,No,No,Yes,Yes,No,No,Month-to-month,Yes,Mailed check,120.18,5287.92,Yes
89865944,Female,1,No,Yes,14,Yes,No,Fiber optic,No,Yes,No,No,Yes,No,Two year,Yes,Bank transfer (automatic),18.0,270.0,No
44612921,Male,1,Yes,Yes,14,No,No phone service,No,No internet service,No internet service,No internet service,No internet service,No internet service,No internet service,Month-to-month,Yes,Credit card (automatic),86.0,1290.0,Yes
52916049,Female,0,Yes,No,22,Yes,No,Fiber optic,No,No,No,No,Yes,No,Month-to-month,Yes,Bank transfer (automatic),74.22,1710.77,No
18994192,Male,0,Yes,No,64,Yes,No,Fiber optic,Yes,Yes,Yes,No,No,Yes,Month-to-month,No,Electronic check,64.7,4205.5,No
21680625,Female,0,Yes,Yes,70,Yes,No,No,No internet service,No internet service,No internet service,No internet service,No internet service,No internet service,One year,Yes,Credit card (automatic),88.53,6285.63,No
62089786,Female,0,No,Yes,31,No,No phone service,DSL,No,Yes,No,No,No,No,Month-to-month,Yes,Bank transfer (automatic),48.19,1542.08,No
84673939,Female,0,Yes,No,31,Yes,No,DSL,Yes,Yes,No,Yes,No,Yes,Month-to-month,Yes,Credit card (automatic),60.34,1930.88,Yes
63332084,Female,0,No,Yes,32,Yes,No,DSL,Yes,No,No,No,No,No,Month-to-month,Yes,Credit card (automatic),37.24,1228.92,No
84095459,Female,0,Yes,No,42,Yes,Yes,DSL,No,No,Yes,No,Yes,No,Month-to-month,Yes,Credit card (automatic),110.06,4732.58,No
53771998,Female,0,Yes,No,12,No,No phone service,Fiber optic,Yes,Yes,Yes,Yes,Yes,No,Month-to-month,Yes,Credit card (automatic),53.73,698.49,No
47071046,Male,0,Yes,No,8,Yes,Yes,DSL,No,No,No,No,Yes,No,Month-to-month,Yes,Electronic check,52.69,474.21,No
79751366,Female,0,No,No,61,Yes,No,Fiber optic,No,No,Yes,No,No,Yes,Month-to-month,No,Bank transfer (automatic),109.22,6771.64,Yes
71492815,Male,0,Yes,No,56,Yes,No,Fiber optic,No,No,No,Yes,No,No,Two year,Yes,Mailed check,18.75,1068.75,No
11659440,Male,0,Yes,Yes,47,Yes,No,Fiber optic,Yes,No,No,Yes,Yes,No,Two year,Yes,Electronic check,119.62,5741.76,Yes
93625419,Male,0,Yes,No,42,Yes,Yes,DSL,Yes,Yes,No,Yes,No,Yes,One year,Yes,Bank transfer (automatic),66.86,2874.98,No
88863127,Male,0,Yes,Yes,66,Yes,Yes,DSL,No,No,No,No,No,Yes,One year,Yes,Electronic check,100.42,6728.14,No
80137085,Male,0,No,No,31,Yes,No,DSL,No,Yes,No,No,Yes,Yes,Month-to-month,Yes,Credit card (automatic),85.55,2741.88,Yes
66316931,Female,0,No,No,72,Yes,No,DSL,No,Yes,Yes,No,Yes,No,Month-to-month,No,Mailed check,18.0,1314.0,Yes
25102023,Female,0,No,No,59,Yes,No,DSL,No,No,Yes,No,Yes,Yes,Month-to-month,Yes,Credit card (automatic),90.07,5404.2,No
65625517,Female,1,No,No,0,Yes,No,DSL,No,Yes,No,No,No,No,Month-to-month,No,Bank transfer (automatic),37.9,37.9,No
30084652,Male,0,No,No,56,No,No phone service,Fiber optic,No,No,No,Yes,No,Yes,Two year,Yes,Credit card (automatic),62.66,3571.62,No
29891032,Male,0,Yes,Yes,68,Yes,No,DSL,Yes,No,Yes,No,No,No,Two year,No,Electronic check,120.91,8342.79,No
86046949,Female,0,No,No,68,Yes,No,DSL,No,Yes,No,Yes,Yes,Yes,Month-to-month,Yes,Bank transfer (automatic),53.14,3666.66,Yes
88911183,Female,1,Yes,No,67,No,No phone service,DSL,No,No,Yes,No,Yes,Yes,Month-to-month,No,Credit card (automatic),103.57,7042.76,No
88205594,Male,0,Yes,No,60,Yes,No,No,No internet service,No internet service,No internet service,No internet service,No internet service,No internet service,Month-to-month,Yes,Electronic check,41.07,2505.27,No
23449152,Female,0,No,Yes,7,Yes,Yes,DSL,Yes,No,Yes,Yes,Yes,Yes,One year,Yes,Credit card (automatic),114.17,919.07,No
24178065,Male,0,No,Yes,6,Yes,No,DSL,No,No,Yes,No,No,No,One year,Yes,Electronic check,66.45,465.15,No
85522135,Male,0,No,Yes,36,Yes,No,Fiber optic,No,Yes,No,Yes,No,No,Two year,No,Credit card (automatic),83.22,3079.14,No
23554707,Male,0,No,Yes,41,Yes,No,Fiber optic,Yes,No,Yes,No,Yes,Yes,Month-to-month,Yes,Mailed check,67.13,2819.46,No
48398732,Male,0,Yes,No,31,Yes,No,Fiber optic,No,Yes,No,No,Yes,No,Two year,Yes,Bank transfer (automatic),70.7,2262.4,No
81891508,Male,0,Yes,Yes,16,Yes,Yes,Fiber optic,Yes,Yes,No,Yes,No,Yes,Month-to-month,No,Mailed check,29.34,498.78,Yes
56153339,Male,0,Yes,Yes,27,Yes,No,Fiber optic,Yes,No,No,No,Yes,Yes,One year,Yes,Credit card (automatic),54.67,1530.76,No
65148727,Male,0,No,No,69,Yes,No,Fiber optic,No,No,Yes,Yes,Yes,No,Month-to-month,Yes,Electronic check,48.27,3378.9,No
45451818,Male,1,No,No,47,Yes,No,DSL,Yes,Yes,No,Yes,Yes,Yes,Month-to-month,Yes,Electronic check,30.74,1475.52,No
61411224,Female,0,Yes,No,53,Yes,Yes,DSL,No,Yes,No,Yes,No,Yes,Month-to-month,Yes,Electronic check,72.33,3891.35,No
97884113,Female,0,Yes,No,41,Yes,Yes,No,No internet service,No internet service,No internet service,No internet service,No internet service,No internet service,Two year,Yes,Credit card (automatic),112.08,4707.36,No
75174087,Female,0,Yes,Yes,35,Yes,No,Fiber optic,Yes,No,No,No,No,No,Two year,Yes,Mailed check,43.25,1557.0,Yes
86775659,Female,1,No,Yes,65,Yes,No,Fiber optic,No,No,No,Yes,Yes,No,One year,Yes,Mailed check,120.21,7933.86,No
91733516,Male,0,No,Yes,30,Yes,No,DSL,No,Yes,No,Yes,Yes,Yes,Month-to-month,No,Electronic check,65.82,2040.42,Yes
73491242,Male,0,Yes,No,64,Yes,No,No,No internet service,No internet service,No internet service,No internet service,No internet service,No internet service,One year,Yes,Mailed check,56.4,3666.0,No
15028557,Female,0,No,Yes,2,Yes,No,DSL,No,No,No,No,Yes,Yes,Month-to-month,No,Electronic check,61.92,185.76,Yes
33112256,Female,0,No,No,12,Yes,No,DSL,No,Yes,No,No,Yes,No,Month-to-month,Yes,Credit card (automatic),137.41,1786.33,No
46965460,Male,0,Yes,Yes,30,Yes,No,Fiber optic,No,Yes,No,Yes,No,No,Month-to-month,Yes,Electronic check,81.22,2521.88,No
64086249,Female,0,No,No,28,No,No phone service,Fiber optic,No,Yes,No,Yes,Yes,Yes,Two year,Yes,Credit card (automatic),81.28,2357.12,No
29307578,Female,0,Yes,No,56,Yes,No,No,No internet service,No internet service,No internet service,No internet service,No internet service,No internet service,One year,No,Mailed check,88.37,5037.09,No
92979370,Male,1,Yes,No,32,Yes,No,DSL,No,Yes,No,No,Yes,Yes,Month-to-month,Yes,Mailed check,30.45,1004.85,Yes
91692326,Male,0,Yes,No,52,Yes,No,Fiber optic,No,Yes,No,Yes,No,No,Two year,Yes,Credit card (automatic),103.08,5463.24,No
63917932,Female,0,No,No,9,Yes,No,DSL,Yes,Yes,Yes,No,Yes,Yes,Month-to-month,No,Mailed check,45.12,451.2,No
15205303,Female,1,No,No,62,Yes,No,Fiber optic,No,Yes,Yes,Yes,Yes,No,Two year,No,Electronic check,41.5,2614.5,No
63122402,Female,1,Yes,No,72,Yes,Yes,Fiber optic,Yes,No,Yes,Yes,No,No,Two year,Yes,Mailed check,56.0,4088.0,No
54492381,Male,0,No,No,64,No,No phone service,Fiber optic,Yes,No,Yes,Yes,No,No,Two year,Yes,Mailed check,62.75,4066.2,No
41887353,Male,1,Yes,No,1,No,No phone service,DSL,No,No,No,No,Yes,Yes,Month-to-month,No,Electronic check,70.05,140.1,Yes
16615722,Female,0,No,No,1,Yes,No,Fiber optic,Yes,Yes,No,Yes,No,Yes,Two year,Yes,Mailed check,60.81,121.62,No
73782705,Male,0,No,No,68,Yes,Yes,Fiber optic,Yes,Yes,Yes,No,No,No,Month-to-month,Yes,Electronic check,53.49,3690.81,No
46048781,Male,1,Yes,Yes,36,Yes,No,Fiber optic,Yes,No,No,No,No,Yes,Two year,Yes,Credit card (automatic),50.31,1851.41,No
59988144,Female,0,Yes,Yes,1,Yes,Yes,Fiber optic,No,No,No,Yes,No,Yes,Month-to-month,Yes,Bank transfer (automatic),71.07,127.93,No
12715612,Male,0,No,No,60,Yes,Yes,Fiber optic,No,No,Yes,Yes,No,No,One year,No,Electronic check,18.0,1098.0,Yes
55347617,Male,0,Yes,Yes,39,Yes,No,No,No internet service,No internet service,No internet service,No internet service,No internet service,No internet service,Two year,No,Credit card (automatic),70.77,2830.8,No
50675347,Female,0,No,Yes,62,Yes,No,Fiber optic,Yes,Yes,No,Yes,No,Yes,Month-to-month,No,Electronic check,108.16,6814.08,No
51734908,Female,0,No,No,24,Yes,No,No,No internet service,No internet service,No internet service,No internet service,No internet service,No internet service,One year,Yes,Bank transfer (automatic),79.26,1981.5,No
47627490,Male,0,No,No,37,Yes,No,DSL,No,Yes,No,Yes,No,No,Two year,No,Credit card (automatic),92.21,3503.98,No
75984013,Male,1,Yes,No,36,Yes,No,DSL,No,Yes,No,Yes,Yes,No,Two year,Yes,Credit card (automatic),111.38,4098.78,No
23182514,Male,0,Yes,No,26,Yes,No,Fiber optic,No,No,Yes,Yes,No,No,Month-to-month,Yes,Electronic check,88.77,2396.79,No
40595926,Male,0,Yes,No,49,Yes,No,DSL,Yes,No,Yes,Yes,Yes,No,Month-to-month,No,Bank transfer (automatic),52.59,2632.13,No
28036919,Male,1,No,No,33,No,No phone service,Fiber optic,Yes,No,Yes,Yes,Yes,Yes,Month-to-month,Yes,Bank transfer (automatic),55.09,1873.06,Yes
50329802,Female,0,Yes,Yes,43,Yes,No,DSL,No,No,No,No,No,No,Two year,Yes,Electronic check,73.39,3229.16,No
69473299,Male,0,Yes,Yes,71,Yes,Yes,No,No internet service,No internet service,No internet service,No internet service,No internet service,No internet service,Two year,Yes,Electronic check,33.02,2377.44,No
53066216,Female,0,No,No,3,Yes,No,Fiber optic,Yes,No,Yes,Yes,No,No,One year,No,Electronic check,145.79,583.16,No
46160937,Female,0,No,No,51,Yes,No,Fiber optic,Yes,Yes,No,Yes,Yes,Yes,One year,No,Credit card (automatic),70.16,3634.29,No
65938288,Male,0,Yes,Yes,54,Yes,No,Fiber optic,Yes,No,No,Yes,Yes,No,Month-to-month,Yes,Credit card (automatic),114.97,6323.35,No
91198924,Male,0,No,No,72,Yes,Yes,DSL,Yes,No,No,Yes,No,No,Month-to-month,Yes,Credit card (automatic),65.06,4736.37,No
96644900,Female,0,No,No,11,Yes,No,No,No internet service,No internet service,No internet service,No internet service,No internet service,No internet service,One year,Yes,Electronic check,72.11,868.93,No
21983878,Male,0,Yes,No,13,Yes,No,Fiber optic,No,Yes,Yes,No,Yes,No,One year,No,Bank transfer (automatic),68.65,961.1,No
35224301,Female,0,Yes,No,34,Yes,No,DSL,No,No,No,Yes,Yes,No,Month-to-month,Yes,Mailed check,108.28,3789.8,No
69286198,Female,0,No,No,5,Yes,No,No,No internet service,No internet service,No internet service,No internet service,No internet service,No internet service,One year,No,Credit card (automatic),144.57,867.42,No
38372352,Female,0,No,No,46,Yes,No,Fiber optic,Yes,No,No,Yes,Yes,No,Two year,Yes,Mailed check,26.16,1224.29,No
64649480,Male,0,Yes,No,22,Yes,No,Fiber optic,Yes,Yes,Yes,No,No,Yes,Two year,Yes,Bank transfer (automatic),62.7,1442.1,No
75023164,Male,0,Yes,Yes,67,Yes,No,No,No internet service,No internet service,No internet service,No internet service,No internet service,No internet service,One year,Yes,Bank transfer (automatic),82.73,5625.64,No
79323646,Female,1,Yes,No,64,No,No phone service,No,No internet service,No internet service,No internet service,No internet service,No internet service,No internet service,Month-to-month,No,Mailed check,18.0,1170.0,No
60185378,Male,0,No,No,58,Yes,No,No,No internet service,No internet service,No internet service,No internet service,No internet service,No internet service,Two year,No,Electronic check,51.13,3016.67,No
17543817,Female,1,Yes,No,8,Yes,Yes,Fiber optic,Yes,Yes,No,No,Yes,Yes,One year,Yes,Mailed check,82.71,744.39,No
79158328,Male,0,Yes,No,57,Yes,Yes,Fiber optic,No,No,No,No,Yes,No,Month-to-month,Yes,Mailed check,55.19,3201.02,No
31336920,Female,1,No,No,47,Yes,No,DSL,No,Yes,Yes,Yes,No,Yes,Two year,Yes,Electronic check,70.71,3394.08,No
18806960,Female,0,No,No,62,Yes,Yes,No,No internet service,No internet service,No internet service,No internet service,No internet service,No internet service,One year,Yes,Mailed check,85.01,5355.63,No
51758234,Male,0,No,Yes,8,Yes,No,DSL,Yes,Yes,No,No,No,No,Month-to-month,Yes,Mailed check,54.34,489.06,No
78020910,Female,0,Yes,No,43,Yes,No,Fiber optic,Yes,No,Yes,No,No,No,Month-to-month,No,Electronic check,41.28,1816.32,No
64141437,Female,0,Yes,No,45,Yes,No,No,No internet service,No internet service,No internet service,No internet service,No internet service,No internet service,Month-to-month,No,Electronic check,40.41,1860.88,No
28206610,Male,0,Yes,No,14,Yes,Yes,No,No internet service,No internet service,No internet service,No internet service,No internet service,No internet service,Month-to-month,Yes,Credit card (automatic),18.0,270.0,No
80368504,Male,0,No,No,52,Yes,No,No,No internet service,No internet service,No internet service,No internet service,No internet service,No internet service,Month-to-month,Yes,Electronic check,86.19,2221.925,No
86325904,Female,0,No,Yes,47,Yes,No,Fiber optic,Yes,No,No,Yes,Yes,No,Month-to-month,No,Electronic check,65.1,3124.8,Yes
13885356,Female,0,Yes,Yes,71,No,No phone service,DSL,Yes,Yes,Yes,No,No,Yes,Month-to-month,Yes,Electronic check,106.31,7633.06,Yes
33318633,Female,0,Yes,No,41,Yes,No,No,No internet service,No internet service,No internet service,No internet service,No internet service,No internet service,One year,Yes,Bank transfer (automatic),89.35,3752.7,No
35872271,Male,0,No,No,16,Yes,No,Fiber optic,No,Yes,No,Yes,No,No,Month-to-month,Yes,Bank transfer (automatic),72.32,1229.44,Yes
36941091,Female,0,No,Yes,34,Yes,Yes,No,No internet service,No internet service,No internet service,No internet service,No internet service,No internet service,One year,Yes,Credit card (automatic),80.73,2825.55,No
17734634,Male,0,Yes,No,30,Yes,No,Fiber optic,No,No,Yes,Yes,Yes,Yes,One year,Yes,Mailed check,18.06,560.76,No
43486016,Male,0,No,No,3,Yes,No,No,No internet service,No internet service,No internet service,No internet service,No internet service,No internet service,One year,Yes,Credit card (automatic),80.79,323.16,Yes
14438720,Female,0,No,No,47,Yes,Yes,Fiber optic,No,Yes,Yes,No,No,Yes,Month-to-month,Yes,Mailed check,63.77,3060.96,No
71263503,Female,0,No,No,13,Yes,No,No,No internet service,No internet service,No internet service,No internet service,No internet service,No internet service,One year,No,Electronic check,48.44,678.16,No
16785951,Female,0,No,No,24,Yes,No,DSL,Yes,Yes,Yes,Yes,No,No,Two year,No,Credit card (automatic),57.24,1431.0,No
58368724,Female,0,No,No,45,Yes,Yes,No,No internet service,No internet service,No internet service,No internet service,No internet service,No internet service,One year,Yes,Mailed check,89.91,4140.36,No
36724061,Male,0,No,Yes,47,Yes,No,DSL,Yes,No,No,Yes,No,No,One year,No,Mailed check,52.93,2540.64,No
46772637,Female,0,No,No,39,No,No phone service,DSL,Yes,Yes,Yes,No,Yes,Yes,Month-to-month,No,Credit card (automatic),62.75,2510.0,No
59439358,Female,1,Yes,No,49,Yes,No,Fiber optic,No,No,No,No,Yes,No,Month-to-month,Yes,Credit card (automatic),87.17,4358.5,Yes
72306347,Male,0,Yes,No,6,Yes,No,Fiber optic,No,Yes,No,Yes,Yes,Yes,Month-to-month,Yes,Mailed check,62.34,423.91,No
77796914,Female,0,No,No,59,Yes,Yes,Fiber optic,No,No,Yes,Yes,No,No,Month-to-month,No,Electronic check,75.34,4524.17,No
63276690,Male,0,No,No,34,Yes,No,DSL,Yes,No,No,Yes,Yes,No,Month-to-month,No,Electronic check,66.84,2339.4,Yes
95283260,Female,0,No,No,62,Yes,No,Fiber optic,No,No,No,No,No,No,One year,No,Bank transfer (automatic),103.15,6498.45,No
26625933,Male,0,Yes,No,19,Yes,Yes,No,No internet service,No internet service,No internet service,No internet service,No internet service,No internet service,One year,Yes,Credit card (automatic),75.14,1502.8,No
14102122,Male,0,No,No,15,Yes,No,Fiber optic,No,No,No,No,No,Yes,Two year,Yes,Credit card (automatic),20.83,333.28,No
42472381,Male,1,Yes,No,21,Yes,No,Fiber optic,No,Yes,No,No,No,Yes,One year,No,Credit card (automatic),93.89,2065.58,No
59991642,Male,1,No,No,35,Yes,No,Fiber optic,Yes,Yes,Yes,No,Yes,Yes,Two year,Yes,Credit card (automatic),50.53,1808.97,No
75603845,Female,0,Yes,No,18,Yes,No,No,No internet service,No internet service,No internet service,No internet service,No internet service,No internet service,One year,No,Credit card (automatic),54.56,1036.64,No
89731181,Female,0,Yes,Yes,1,Yes,No,No,No internet service,No internet service,No internet service,No internet service,No internet service,No internet service,Month-to-month,Yes,Credit card (automatic),63.55,114.39,Yes
69874989,Male,0,Yes,No,67,Yes,Yes,DSL,Yes,Yes,No,No,No,Yes,One year,Yes,Credit card (automatic),136.08,9253.44,Yes
33834879,Male,0,No,No,6,No,No phone service,DSL,No,No,No,No,No,Yes,One year,Yes,Electronic check,85.72,600.04,No
73697356,Female,1,Yes,No,46,Yes,No,DSL,Yes,No,Yes,No,No,No,One year,No,Mailed check,127.61,5997.67,No
88769733,Female,0,Yes,Yes,48,Yes,No,Fiber optic,No,No,No,No,Yes,No,Two year,Yes,Electronic check,71.79,3503.35,No
83998759,Female,0,Yes,No,42,Yes,Yes,Fiber optic,No,Yes,No,Yes,No,Yes,Two year,No,Electronic check,92.01,3956.43,No
56943979,Female,0,Yes,No,31,Yes,Yes,Fiber optic,Yes,Yes,No,No,No,No,Month-to-month,Yes,Electronic check,123.78,3960.96,Yes
56204319,Female,0,No,No,16,No,No phone service,Fiber optic,Yes,Yes,No,No,No,No,Month-to-month,No,Credit card (automatic),94.61,1589.45,No
31946425,Male,1,Yes,Yes,13,Yes,No,Fiber optic,No,No,Yes,No,No,No,One year,No,Credit card (automatic),82.37,1153.18,No
44716747,Female,0,Yes,No,31,Yes,No,DSL,Yes,No,No,Yes,Yes,Yes,Month-to-month,No,Electronic check,28.92,925.44,Yes
22132198,Female,0,No,No,59,Yes,No,Fiber optic,Yes,Yes,Yes,No,Yes,Yes,Two year,No,Bank transfer (automatic),39.58,2376.78,No
48261364,Male,0,No,No,59,Yes,No,DSL,Yes,No,No,Yes,No,No,Two year,Yes,Credit card (automatic),78.94,4736.4,No
13684342,Male,0,No,No,51,Yes,Yes,No,No internet service,No internet service,No internet service,No internet service,No internet service,No internet service,One year,Yes,Electronic check,100.36,5218.72,No
61883966,Male,0,No,Yes,65,Yes,No,Fiber optic,Yes,Yes,No,No,Yes,Yes,Two year,Yes,Credit card (automatic),65.93,4351.38,No
16664050,Male,0,No,No,3,Yes,Yes,Fiber optic,No,Yes,Yes,No,Yes,Yes,Two year,Yes,Electronic check,90.24,342.91,No
31865061,Female,0,Yes,No,62,Yes,No,DSL,No,Yes,No,No,No,No,Two year,Yes,Mailed check,44.64,2812.32,No
86807176,Male,1,No,No,32,Yes,Yes,Fiber optic,Yes,No,No,Yes,Yes,No,One year,Yes,Credit card (automatic),50.93,1680.69,No
38765353,Male,0,No,No,0,Yes,No,Fiber optic,No,No,Yes,No,Yes,Yes,Month-to-month,Yes,Electronic check,84.41,84.41,No
39709238,Female,0,No,No,63,No,No phone service,DSL,No,Yes,No,Yes,Yes,No,Month-to-month,No,Mailed check,71.74,4591.36,No
96889858,Male,0,No,No,36,Yes,No,Fiber optic,Yes,Yes,Yes,Yes,No,No,Month-to-month,No,Mailed check,58.6,2168.2,No
40214026,Male,0,No,No,69,Yes,No,DSL,Yes,No,No,Yes,No,No,Two year,No,Credit card (automatic),54.01,3780.7,No
37746963,Female,0,Yes,Yes,6,Yes,No,Fiber optic,No,No,No,No,Yes,Yes,Month-to-month,Yes,Bank transfer (automatic),24.99,174.93,No
46115786,Female,1,Yes,No,23,Yes,Yes,Fiber optic,Yes,Yes,No,Yes,No,No,Month-to-month,Yes,Credit card (automatic),69.3,1663.2,Yes
97454571,Female,0,No,Yes,67,Yes,No,Fiber optic,Yes,No,Yes,Yes,Yes,No,One year,Yes,Electronic check,26.27,1786.36,No
64963125,Female,0,No,Yes,54,Yes,Yes,Fiber optic,Yes,No,Yes,No,No,Yes,Month-to-month,No,Mailed check,60.74,3340.7,Yes
78891441,Female,0,Yes,Yes,2,Yes,No,DSL,Yes,No,No,No,No,No,Two year,Yes,Electronic check,64.95,181.86,No
12691381,Male,0,No,No,22,Yes,Yes,DSL,No,No,Yes,Yes,No,Yes,Two year,Yes,Credit card (automatic),112.89,2602.11,No
11194267,Female,1,No,No,35,Yes,No,DSL,Yes,Yes,Yes,Yes,No,No,One year,Yes,Electronic check,38.44,1383.84,No
73632249,Male,0,Yes,No,56,Yes,No,DSL,No,No,No,Yes,No,No,Two year,No,Credit card (automatic),84.38,4809.66,No
27758896,Male,1,No,Yes,47,Yes,Yes,Fiber optic,Yes,Yes,Yes,No,No,No,Month-to-month,Yes,Mailed check,75.19,3609.12,No
96888739,Male,1,No,No,12,Yes,No,Fiber optic,No,No,No,No,No,No,Two year,Yes,Electronic check,38.34,498.42,No
33246598,Male,0,Yes,No,60,Yes,No,Fiber optic,Yes,No,No,No,No,No,Two year,Yes,Mailed check,71.88,4384.68,No
90683906,Female,0,No,No,23,Yes,No,No,No internet service,No internet service,No internet service,No internet service,No internet service,No internet service,Month-to-month,Yes,Electronic check,30.3,728.72,No
11135982,Female,1,Yes,Yes,42,Yes,No,Fiber optic,No,No,Yes,No,Yes,No,Two year,No,Credit card (automatic),71.84,3074.75,No
40033905,Male,0,Yes,Yes,32,Yes,Yes,Fiber optic,Yes,Yes,Yes,No,Yes,Yes,Two year,Yes,Credit card (automatic),63.48,2094.84,No
43875271,Male,0,Yes,Yes,23,No,No phone service,DSL,Yes,No,No,Yes,No,No,Month-to-month,No,Electronic check,96.63,2323.95,No
91650533,Male,0,No,No,21,Yes,Yes,Fiber optic,Yes,No,Yes,No,No,Yes,Month-to-month,No,Bank transfer (automatic),48.58,1068.76,Yes
50998106,Female,0,Yes,No,51,Yes,Yes,DSL,No,Yes,Yes,No,Yes,No,Month-to-month,Yes,Bank transfer (automatic),18.0,936.0,No
96267144,Male,0,Yes,No,5,Yes,No,Fiber optic,Yes,Yes,Yes,Yes,Yes,No,One year,Yes,Bank transfer (automatic),52.66,315.96,No
46960684,Female,0,No,No,18,Yes,No,No,No internet service,No internet service,No internet service,No internet service,No internet service,No internet service,One year,Yes,Credit card (automatic),88.67,1684.73,No
66882385,Male,0,Yes,No,28,Yes,No,Fiber optic,No,Yes,Yes,Yes,No,Yes,Two year,No,Electronic check,74.42,2161.9,Yes
60529679,Male,1,No,No,63,Yes,No,DSL,Yes,No,No,Yes,Yes,No,One year,Yes,Electronic check,52.81,3379.84,No
56802956,Female,0,No,No,13,Yes,Yes,No,No internet service,No internet service,No internet service,No internet service,No internet service,No internet service,Month-to-month,Yes,Bank transfer (automatic),106.31,1488.34,No
71605671,Male,0,No,Yes,29,Yes,No,DSL,No,Yes,Yes,No,No,Yes,Month-to-month,No,Bank transfer (automatic),61.61,1848.3,No
43822694,Female,0,No,No,70,Yes,No,No,No internet service,No internet service,No internet service,No internet service,No internet service,No internet service,Two year,Yes,Credit card (automatic),93.53,6640.63,No
39287523,Female,0,Yes,No,20,Yes,No,No,No internet service,No internet service,No internet service,No internet service,No internet service,No internet service,Month-to-month,No,Electronic check,70.72,1485.12,No
72639147,Male,0,Yes,Yes,64,Yes,No,Fiber optic,Yes,Yes,No,Yes,No,Yes,Two year,No,Electronic check,90.18,5861.7,No
50553227,Male,0,No,No,3,Yes,Yes,DSL,Yes,Yes,Yes,No,No,No,Month-to-month,No,Credit card (automatic),93.07,372.28,No
79878835,Male,0,No,No,45,Yes,Yes,No,No internet service,No internet service,No internet service,No internet service,No internet service,No internet service,Month-to-month,Yes,Electronic check,110.2,5069.2,No
93698993,Male,0,Yes,No,7,Yes,No,Fiber optic,Yes,No,No,No,Yes,Yes,One year,Yes,Bank transfer (automatic),46.58,372.64,No
63304911,Female,0,No,No,17,Yes,Yes,DSL,Yes,No,No,No,Yes,No,Two year,No,Electronic check,87.13,1568.34,No
88448538,Male,1,No,No,59,Yes,No,Fiber optic,No,Yes,No,No,Yes,Yes,Month-to-month,No,Credit card (automatic),33.06,1983.6,No
23732098,Male,0,No,Yes,44,Yes,No,Fiber optic,Yes,No,No,No,Yes,Yes,Month-to-month,Yes,Credit card (automatic),86.79,3909.89,No
10986174,Female,1,No,Yes,71,Yes,No,DSL,No,No,Yes,Yes,Yes,No,Two year,Yes,Credit card (automatic),19.4,1396.8,No
78654208,Male,1,No,No,30,Yes,No,DSL,Yes,Yes,Yes,Yes,No,Yes,Month-to-month,Yes,Mailed check,127.8,3961.8,No
98899843,Female,0,No,No,27,No,No phone service,DSL,No,No,No,Yes,No,No,One year,No,Electronic check,80.0,2240.0,No
60228268,Male,0,No,Yes,63,Yes,No,DSL,No,No,No,Yes,No,No,Month-to-month,No,Electronic check,76.77,4913.28,No
85357498,Female,0,Yes,No,36,No,No phone service,DSL,No,No,Yes,Yes,No,No,Month-to-month,Yes,Electronic check,20.66,764.42,Yes
96884788,Female,1,No,No,66,Yes,No,DSL,Yes,Yes,No,Yes,No,No,Month-to-month,Yes,Bank transfer (automatic),100.36,6729.14,No
89694801,Female,0,No,Yes,67,Yes,No,DSL,No,No,No,No,No,Yes,One year,Yes,Mailed check,107.38,7301.84,No
91745321,Male,0,No,No,34,Yes,No,DSL,Yes,Yes,Yes,No,No,No,Two year,Yes,Mailed check,63.14,2209.9,No
47940248,Female,0,No,No,35,Yes,No,No,No internet service,No internet service,No internet service,No internet service,No internet service,No internet service,Month-to-month,Yes,Mailed check,56.93,2049.48,Yes
50060760,Female,0,Yes,No,56,Yes,No,Fiber optic,Yes,No,No,No,Yes,No,Month-to-month,Yes,Credit card (automatic),58.72,3349.98,No
24509544,Male,0,No,No,69,Yes,No,Fiber optic,No,No,No,Yes,Yes,No,Two year,Yes,Credit card (automatic),121.82,8527.4,No
74657836,Male,0,No,Yes,3,No,No phone service,Fiber optic,Yes,No,No,Yes,Yes,Yes,One year,Yes,Electronic check,67.06,268.24,No
18568064,Female,0,Yes,No,48,Yes,Yes,DSL,No,Yes,Yes,No,No,No,Two year,Yes,Credit card (automatic),74.96,3673.04,No
55135227,Female,0,Yes,No,38,Yes,No,No,No internet service,No internet service,No internet service,No internet service,No internet service,No internet service,Month-to-month,No,Mailed check,98.51,3841.89,No
47108953,Female,0,No,No,17,Yes,No,Fiber optic,No,No,No,Yes,Yes,Yes,Month-to-month,No,Electronic check,18.0,324.0,No
95979171,Female,0,Yes,Yes,59,Yes,No,Fiber optic,No,No,Yes,No,No,Yes,Month-to-month,No,Credit card (automatic),67.55,4053.0,No
53639158,Male,0,Yes,No,9,Yes,Yes,No,No internet service,No internet service,No internet service,No internet service,No internet service,No internet service,One year,No,Electronic check,61.54,615.4,No
47162866,Male,0,Yes,No,22,Yes,No,Fiber optic,Yes,No,No,No,Yes,No,Month-to-month,No,Electronic check,74.55,1714.65,Yes
45050544,Male,0,No,No,67,Yes,No,DSL,No,Yes,Yes,No,Yes,No,One year,Yes,Credit card (automatic),94.21,6406.28,No
98062882,Female,1,No,No,58,Yes,No,No,No internet service,No internet service,No internet service,No internet service,No internet service,No internet service,One year,Yes,Mailed check,99.23,5854.57,No
97438349,Male,0,Yes,No,6,Yes,No,No,No internet service,No internet service,No internet service,No internet service,No internet service,No internet service,Month-to-month,No,Credit card (automatic),62.93,440.51,Yes
50103064,Male,0,No,Yes,12,Yes,Yes,No,No internet service,No internet service,No internet service,No internet service,No internet service,No internet service,Month-to-month,Yes,Electronic check,65.65,853.45,No
35281262,Male,0,No,No,2,Yes,No,DSL,Yes,Yes,Yes,No,Yes,Yes,One year,Yes,Mailed check,70.73,212.19,No
30123169,Male,0,Yes,No,39,Yes,No,No,No internet service,No internet service,No internet service,No internet service,No internet service,No internet service,Month-to-month,Yes,Electronic check,92.73,3709.2,Yes
79429969,Male,0,Yes,Yes,10,Yes,Yes,Fiber optic,No,No,No,Yes,No,Yes,Month-to-month,No,Mailed check,104.44,1148.84,Yes
42252798,Male,0,No,Yes,50,Yes,No,Fiber optic,No,No,Yes,No,Yes,Yes,Month-to-month,Yes,Electronic check,27.85,1420.35,No
17620167,Female,0,Yes,Yes,22,Yes,No,DSL,No,Yes,No,No,No,Yes,Month-to-month,Yes,Electronic check,81.26,1852.73,Yes
90535106,Male,0,No,Yes,31,Yes,No,DSL,No,Yes,No,No,No,Yes,One year,No,Bank transfer (automatic),64.01,2048.32,Yes
64237172,Male,0,Yes,No,40,Yes,No,DSL,Yes,Yes,No,No,Yes,No,One year,No,Bank transfer (automatic),131.47,5396.84,No
98654879,Male,0,Yes,Yes,41,Yes,No,Fiber optic,No,Yes,Yes,No,Yes,No,Two year,Yes,Mailed check,36.94,1551.48,No
52894071,Female,0,No,No,37,Yes,No,DSL,No,Yes,No,No,No,Yes,Two year,Yes,Electronic check,35.2,1337.6,No
28781020,Male,0,Yes,No,66,No,No phone service,DSL,Yes,Yes,No,No,No,Yes,One year,No,Electronic check,52.19,3496.73,No
13416548,Male,0,No,No,71,No,No phone service,No,No internet service,No internet service,No internet service,No internet service,No internet service,No internet service,Month-to-month,Yes,Electronic check,87.8,6321.6,No
97966375,Female,1,Yes,No,71,Yes,Yes,Fiber optic,Yes,No,No,No,Yes,No,One year,Yes,Electronic check,88.12,6344.64,No
76756250,Female,0,Yes,No,41,Yes,Yes,Fiber optic,No,Yes,No,Yes,No,No,Month-to-month,Yes,Electronic check,53.57,2249.94,Yes
49675382,Male,0,Yes,No,42,Yes,No,Fiber optic,Yes,No,Yes,Yes,Yes,No,Month-to-month,Yes,Mailed check,100.5,4301.4,Yes
44819604,Male,0,Yes,Yes,32,Yes,No,Fiber optic,Yes,No,No,Yes,Yes,Yes,Month-to-month,Yes,Electronic check,56.95,1879.35,No
66178935,Male,0,Yes,No,36,Yes,No,DSL,No,Yes,No,No,Yes,No,Month-to-month,No,Credit card (automatic),95.55,3535.35,No
64304344,Female,0,Yes,No,56,Yes,No,Fiber optic,Yes,No,No,No,No,No,Month-to-month,Yes,Electronic check,28.21,1607.97,Yes
62113377,Male,0,No,Yes,63,Yes,No,Fiber optic,No,No,No,No,Yes,No,One year,Yes,Credit card (automatic),41.07,2628.48,No
14740436,Female,0,No,No,63,Yes,No,DSL,No,Yes,No,No,No,No,Month-to-month,Yes,Mailed check,57.55,3683.2,No
88252116,Female,0,Yes,No,59,Yes,No,DSL,No,No,No,Yes,Yes,Yes,Month-to-month,No,Bank transfer (automatic),68.18,4090.8,Yes
86778235,Female,0,No,Yes,51,Yes,No,Fiber optic,Yes,Yes,No,No,Yes,No,Month-to-month,Yes,Mailed check,44.84,2322.71,Yes
35489981,Female,0,Yes,No,71,No,No phone service,Fiber optic,No,No,No,No,No,No,Two year,Yes,Mailed check,44.36,3196.14,Yes
56059101,Female,0,Yes,No,67,Yes,No,DSL,No,No,No,Yes,No,Yes,One year,Yes,Bank transfer (automatic),83.54,5680.72,No
39845082,Female,0,No,No,26,Yes,Yes,Fiber optic,No,Yes,Yes,No,Yes,No,Month-to-month,No,Electronic check,94.54,2552.58,No
81757508,Female,0,Yes,No,58,No,No phone service,DSL,Yes,No,No,No,No,No,Two year,No,Mailed check,46.69,2745.37,No
95672999,Female,1,No,No,18,Yes,Yes,Fiber optic,No,No,No,No,No,No,Month-to-month,No,Credit card (automatic),29.74,565.06,No
73852097,Male,0,Yes,Yes,2,Yes,No,No,No internet service,No internet service,No internet service,No internet service,No internet service,No internet service,One year,No,Electronic check,72.91,218.73,No
58116670,Female,0,No,No,72,Yes,No,No,No internet service,No internet service,No internet service,No internet service,No internet service,No internet service,Month-to-month,Yes,Electronic check,83.93,6126.89,Yes
78090647,Female,0,No,No,38,Yes,No,Fiber optic,No,Yes,Yes,Yes,No,No,Two year,Yes,Bank transfer (automatic),38.51,1501.89,No
50291467,Male,0,Yes,No,65,Yes,No,DSL,Yes,Yes,Yes,No,No,Yes,One year,No,Credit card (automatic),120.23,7935.18,No
32815223,Female,0,Yes,Yes,72,Yes,Yes,Fiber optic,Yes,No,Yes,No,No,Yes,Month-to-month,Yes,Mailed check,43.66,3187.18,Yes
98263548,Male,1,No,Yes,55,Yes,No,Fiber optic,No,No,Yes,Yes,No,Yes,One year,Yes,Credit card (automatic),62.06,3478.46,No
84926784,Female,0,No,No,5,Yes,Yes,Fiber optic,Yes,No,No,No,No,Yes,Month-to-month,Yes,Mailed check,62.53,375.18,No
34311643,Female,0,Yes,No,27,Yes,Yes,No,No internet service,No internet service,No internet service,No internet service,No internet service,No internet service,Month-to-month,Yes,Electronic check,45.6,1276.8,Yes
49431028,Male,0,Yes,No,47,Yes,No,DSL,No,No,Yes,No,Yes,Yes,Month-to-month,Yes,Mailed check,124.44,5979.34,Yes
23100061,Male,0,Yes,No,47,Yes,No,Fiber optic,No,Yes,No,Yes,Yes,Yes,One year,No,Mailed check,41.99,2015.52,No
73187139,Male,0,No,No,66,No,No phone service,DSL,No,No,No,No,Yes,Yes,Month-to-month,Yes,Electronic check,122.1,8180.7,Yes
27172371,Male,0,No,Yes,53,No,No phone service,DSL,No,No,No,Yes,No,Yes,One year,Yes,Mailed check,60.98,3292.92,No
44715663,Male,0,Yes,Yes,15,Yes,No,Fiber optic,Yes,No,Yes,No,Yes,Yes,One year,No,Mailed check,61.03,976.48,No
85031958,Female,0,Yes,No,34,Yes,No,Fiber optic,No,No,No,No,Yes,Yes,Month-to-month,Yes,Credit card (automatic),50.54,1768.9,No
34571018,Female,0,No,No,29,Yes,No,Fiber optic,No,No,Yes,No,No,Yes,Month-to-month,No,Electronic check,90.45,2713.5,No
55047826,Female,1,No,No,47,No,No phone service,Fiber optic,No,No,Yes,Yes,Yes,No,Month-to-month,Yes,Credit card (automatic),129.5,6190.1,No
97836731,Female,0,No,No,68,Yes,No,Fiber optic,No,No,Yes,Yes,Yes,No,One year,No,Electronic check,53.07,3661.83,Yes
21985619,Male,0,Yes,No,7,Yes,No,No,No internet service,No internet service,No internet service,No internet service,No internet service,No internet service,Two year,No,Electronic check,60.94,2221.925,No
39830361,Male,0,No,Yes,50,Yes,No,Fiber optic,Yes,No,Yes,No,No,Yes,Month-to-month,Yes,Electronic check,113.88,5807.88,No
57685330,Female,0,No,Yes,9,Yes,No,No,No internet service,No internet service,No internet service,No internet service,No internet service,No internet service,One year,Yes,Credit card (automatic),36.47,357.41,No
39974566,Male,1,Yes,No,27,Yes,Yes,Fiber optic,No,Yes,Yes,Yes,Yes,No,Month-to-month,No,Electronic check,46.56,1303.68,No
51216287,Male,1,No,No,35,Yes,No,Fiber optic,No,No,Yes,No,No,No,Month-to-month,No,Bank transfer (automatic),111.08,3998.88,No
66434872,Female,0,No,Yes,59,Yes,No,Fiber optic,Yes,No,Yes,No,Yes,No,Two year,Yes,Credit card (automatic),82.65,4959.0,Yes
54468633,Female,0,No,Yes,9,Yes,No,Fiber optic,Yes,No,No,No,Yes,No,Two year,Yes,Mailed check,44.05,431.69,No
59886371,Female,0,No,No,13,Yes,Yes,Fiber optic,No,No,No,Yes,Yes,No,Month-to-month,Yes,Electronic check,88.65,1241.1,No
44971668,Female,0,Yes,Yes,62,Yes,No,Fiber optic,No,No,No,No,No,Yes,Month-to-month,No,Credit card (automatic),23.77,1492.76,No
88593968,Female,0,Yes,No,46,Yes,No,Fiber optic,Yes,Yes,No,Yes,No,Yes,Month-to-month,Yes,Electronic check,102.56,4799.81,No
49466873,Male,0,Yes,Yes,68,Yes,No,No,No internet service,No internet service,No internet service,No internet service,No internet service,No internet service,One year,No,Electronic check,18.0,2221.925,No
72244897,Female,0,No,No,55,Yes,Yes,DSL,No,Yes,Yes,No,Yes,No,One year,Yes,Credit card (automatic),39.34,2203.04,No
25808361,Female,1,Yes,No,5,Yes,No,Fiber optic,Yes,No,No,Yes,No,No,One year,Yes,Electronic check,81.24,471.19,Yes
73154349,Male,0,No,Yes,18,Yes,No,Fiber optic,No,Yes,Yes,No,Yes,Yes,One year,No,Bank transfer (automatic),32.13,610.47,No
17204398,Male,0,Yes,No,51,Yes,No,DSL,Yes,No,Yes,No,No,No,Month-to-month,Yes,Mailed check,70.32,3642.58,No
95147289,Male,1,No,No,61,Yes,No,No,No internet service,No internet service,No internet service,No internet service,No internet service,No internet service,Month-to-month,Yes,Mailed check,86.99,5393.38,No
88326059,Female,0,No,No,48,Yes,No,Fiber optic,Yes,Yes,Yes,Yes,Yes,No,Month-to-month,No,Credit card (automatic),47.84,2344.16,No
87888306,Female,0,No,No,10,Yes,Yes,DSL,Yes,Yes,Yes,No,No,Yes,Month-to-month,Yes,Electronic check,66.43,730.73,Yes
93302863,Male,0,No,No,45,No,No phone service,Fiber optic,No,No,Yes,No,No,No,Month-to-month,No,Bank transfer (automatic),95.15,4357.87,No
19558414,Female,0,No,No,68,Yes,Yes,Fiber optic,No,Yes,No,No,No,No,Month-to-month,No,Bank transfer (automatic),83.45,5762.22,Yes
73380252,Female,1,Yes,No,44,Yes,No,DSL,Yes,Yes,No,No,No,Yes,Month-to-month,Yes,Credit card (automatic),115.54,5199.3,Yes
36111227,Male,0,Yes,No,57,Yes,No,Fiber optic,Yes,Yes,No,Yes,No,Yes,Two year,Yes,Bank transfer (automatic),44.81,2601.22,Yes
77172936,Male,0,Yes,No,31,Yes,No,DSL,No,No,No,No,No,No,One year,Yes,Electronic check,40.12,1283.84,No
26081422,Female,0,No,No,9,Yes,Yes,No,No internet service,No internet service,No internet service,No internet service,No internet service,No internet service,Two year,No,Electronic check,109.48,1072.9,Yes
61226775,Female,1,Yes,Yes,12,Yes,No,Fiber optic,Yes,Yes,No,Yes,No,Yes,One year,No,Mailed check,81.4,1058.2,Yes
81113720,Female,1,No,Yes,12,Yes,No,DSL,Yes,Yes,Yes,Yes,Yes,No,One year,No,Bank transfer (automatic),62.44,811.72,No
50044631,Female,0,Yes,Yes,35,No,No phone service,No,No internet service,No internet service,No internet service,No internet service,No internet service,No internet service,Month-to-month,No,Electronic check,52.48,1889.28,No
65446317,Female,0,No,No,72,Yes,No,No,No internet service,No internet service,No internet service,No internet service,No internet service,No internet service,One year,Yes,Electronic check,94.42,6892.66,No
17256074,Female,0,No,No,18,Yes,Yes,Fiber optic,No,No,No,No,No,Yes,One year,Yes,Credit card (automatic),58.41,1109.79,No
30237141,Female,0,No,No,6,No,No phone service,DSL,No,Yes,No,Yes,No,No,One year,No,Electronic check,93.37,653.59,No
28436852,Male,0,No,Yes,14,Yes,No,Fiber optic,Yes,No,No,No,Yes,Yes,Two year,No,Mailed check,108.0,1625.4,No
36883353,Male,0,Yes,Yes,45,Yes,No,DSL,No,Yes,No,No,Yes,Yes,Two year,Yes,Bank transfer (automatic),73.12,3363.52,No
55992373,Male,0,Yes,No,47,Yes,Yes,Fiber optic,No,Yes,No,No,Yes,No,One year,No,Mailed check,29.27,2221.925,No
64920799,Female,0,No,No,65,No,No phone service,DSL,No,No,No,No,No,Yes,Two year,No,Credit card (automatic),87.06,5750.31,No
86424055,Female,0,Yes,Yes,3,Yes,No,Fiber optic,No,Yes,No,No,Yes,Yes,Month-to-month,No,Electronic check,103.22,412.88,Yes
71414198,Female,1,No,No,2,Yes,No,Fiber optic,No,Yes,Yes,No,Yes,Yes,Month-to-month,Yes,Credit card (automatic),106.0,318.0,No
29223220,Female,0,No,No,2,Yes,No,Fiber optic,No,No,No,No,Yes,No,One year,Yes,Electronic check,74.94,228.57,No
52464268,Female,0,No,No,68,No,No phone service,DSL,No,No,No,Yes,Yes,Yes,Two year,No,Credit card (automatic),18.52,1277.88,No
34207075,Male,1,Yes,No,27,Yes,No,Fiber optic,No,No,Yes,No,Yes,Yes,One year,Yes,Electronic check,56.37,1578.36,No
20846331,Male,0,No,No,22,Yes,No,Fiber optic,No,Yes,No,Yes,No,No,Two year,No,Credit card (automatic),55.1,1267.3,No
75441993,Male,0,Yes,No,29,Yes,No,DSL,Yes,No,No,Yes,Yes,Yes,Month-to-month,No,Electronic check,95.61,2868.3,No
54644768,Female,0,Yes,Yes,61,Yes,Yes,Fiber optic,Yes,Yes,Yes,No,No,No,Month-to-month,Yes,Bank transfer (automatic),82.37,5106.94,No
94695784,Male,0,Yes,No,50,Yes,Yes,DSL,No,No,No,Yes,No,No,Month-to-month,No,Electronic check,96.97,4926.08,No
33732951,Female,0,Yes,No,40,Yes,Yes,Fiber optic,No,No,Yes,No,No,No,Month-to-month,Yes,Bank transfer (automatic),49.59,2023.27,Yes
52065724,Female,0,Yes,No,63,Yes,No,Fiber optic,No,No,Yes,No,No,Yes,Month-to-month,No,Electronic check,76.38,4888.32,No
95161010,Female,0,Yes,No,42,Yes,Yes,Fiber optic,Yes,Yes,Yes,No,No,No,Two year,Yes,Credit card (automatic),18.0,774.0,No
17786452,Male,0,No,Yes,57,Yes,No,DSL,Yes,Yes,No,No,Yes,No,One year,No,Bank transfer (automatic),57.72,3350.65,No
10632635,Male,0,Yes,No,58,Yes,No,DSL,Yes,No,No,Yes,No,Yes,Month-to-month,Yes,Electronic check,25.49,1503.91,No
70673557,Female,0,No,No,39,Yes,No,DSL,No,No,Yes,Yes,No,No,Month-to-month,Yes,Mailed check,122.17,4892.91,No
46712288,Male,0,Yes,No,45,Yes,No,No,No internet service,No internet service,No internet service,No internet service,No internet service,No internet service,One year,Yes,Bank transfer (automatic),84.02,3864.92,No
38102825,Male,0,Yes,No,61,Yes,No,Fiber optic,Yes,Yes,No,Yes,Yes,Yes,Two year,Yes,Bank transfer (automatic),82.78,5132.36,Yes
32629881,Female,0,No,No,48,Yes,Yes,No,No internet service,No internet service,No internet service,No internet service,No internet service,No internet service,Month-to-month,No,Bank transfer (automatic),33.25,1629.25,Yes
87346846,Female,0,No,Yes,22,Yes,No,No,No internet service,No internet service,No internet service,No internet service,No internet service,No internet service,Month-to-month,No,Electronic check,66.13,1520.99,No
31264801,Female,0,Yes,No,43,Yes,No,No,No internet service,No internet service,No internet service,No internet service,No internet service,No internet service,Month-to-month,No,Credit card (automatic),89.81,3951.64,No
75709924,Male,0,Yes,Yes,43,Yes,No,Fiber optic,No,No,Yes,No,Yes,Yes,Month-to-month,No,Mailed check,43.86,1929.84,No
21816709,Female,0,Yes,Yes,18,No,No phone service,DSL,No,Yes,No,Yes,No,No,One year,No,Credit card (automatic),56.29,1069.51,No
27368573,Male,1,Yes,Yes,43,Yes,No,No,No internet service,No internet service,No internet service,No internet service,No internet service,No internet service,Two year,Yes,Credit card (automatic),103.19,4540.36,No
92474074,Female,0,No,Yes,10,Yes,Yes,DSL,No,Yes,Yes,No,Yes,No,Two year,Yes,Electronic check,37.84,416.24,No
68211760,Male,0,No,No,59,Yes,No,Fiber optic,No,No,Yes,Yes,Yes,No,One year,Yes,Mailed check,57.05,3423.0,No
95025258,Female,0,Yes,No,37,Yes,No,No,No internet service,No internet service,No internet service,No internet service,No internet service,No internet service,Month-to-month,Yes,Bank transfer (automatic),45.47,1727.86,No
67634397,Male,0,No,Yes,2,Yes,Yes,Fiber optic,No,No,No,Yes,No,Yes,Month-to-month,Yes,Electronic check,80.17,240.51,Yes
64142556,Male,0,Yes,No,15,Yes,No,DSL,No,Yes,No,No,Yes,No,Month-to-month,Yes,Electronic check,93.26,1492.16,No
67582820,Male,0,No,Yes,8,Yes,Yes,Fiber optic,Yes,Yes,No,No,Yes,Yes,Month-to-month,Yes,Electronic check,118.19,1063.71,No
74075580,Male,0,No,No,40,Yes,No,No,No internet service,No internet service,No internet service,No internet service,No internet service,No internet service,Month-to-month,No,Bank transfer (automatic),81.87,3356.67,Yes
61447859,Female,0,No,No,37,Yes,No,No,No internet service,No internet service,No internet service,No internet service,No internet service,No internet service,Month-to-month,No,Mailed check,107.42,4081.96,No
10626681,Male,1,No,No,68,Yes,No,Fiber optic,No,Yes,No,No,No,No,Two year,Yes,Electronic check,81.01,5589.69,No
15063406,Female,0,No,Yes,64,Yes,No,No,No internet service,No internet service,No internet service,No internet service,No internet service,No internet service,Month-to-month,No,Electronic check,29.0,1885.0,No
81643088,Female,1,Yes,No,34,No,No phone service,DSL,Yes,No,Yes,No,Yes,Yes,Month-to-month,Yes,Mailed check,71.19,2491.65,No
36764927,Male,0,No,Yes,34,Yes,Yes,DSL,Yes,Yes,No,No,No,No,Month-to-month,No,Electronic check,71.65,2511.33,Yes
60076822,Female,0,Yes,No,47,Yes,No,Fiber optic,No,Yes,Yes,Yes,Yes,No,Month-to-month,Yes,Electronic check,101.98,4895.04,No
11889398,Male,0,Yes,No,7,Yes,No,DSL,Yes,Yes,Yes,Yes,No,Yes,Month-to-month,Yes,Electronic check,67.17,537.36,No
53246714,Male,1,No,No,26,Yes,Yes,Fiber optic,No,Yes,No,No,No,Yes,One year,Yes,Electronic check,58.86,1589.22,Yes
81274148,Female,1,Yes,No,8,No,No phone service,DSL,No,No,No,No,Yes,No,Month-to-month,Yes,Electronic check,44.45,400.05,No
35578773,Male,0,No,No,29,No,No phone service,Fiber optic,No,Yes,No,No,No,No,Two year,Yes,Mailed check,62.16,1852.37,No
12404661,Female,0,No,No,13,Yes,No,DSL,No,Yes,No,Yes,No,Yes,Month-to-month,No,Mailed check,67.32,942.48,No
10553491,Female,0,No,No,22,Yes,Yes,DSL,No,No,No,Yes,No,No,Two year,Yes,Credit card (automatic),87.89,2021.47,No
94112495,Female,0,No,Yes,28,Yes,No,No,No internet service,No internet service,No internet service,No internet service,No internet service,No internet service,Month-to-month,No,Electronic check,45.54,1320.66,Yes
43396474,Male,0,Yes,No,25,Yes,Yes,DSL,Yes,No,No,No,No,No,Month-to-month,No,Bank transfer (automatic),140.21,3617.42,No
40368869,Male,1,No,Yes,14,Yes,No,DSL,Yes,No,No,No,Yes,No,Two year,Yes,Electronic check,42.87,643.05,No
56217844,Male,0,Yes,Yes,72,Yes,Yes,DSL,No,No,Yes,No,No,No,One year,No,Mailed check,31.63,2308.99,Yes
51888314,Male,0,No,Yes,72,Yes,No,No,No internet service,No internet service,No internet service,No internet service,No internet service,No internet service,Month-to-month,No,Mailed check,85.3,6209.84,Yes
27304799,Female,0,No,No,66,Yes,No,Fiber optic,No,No,No,No,Yes,No,Month-to-month,Yes,Mailed check,31.65,2114.22,No
23785264,Female,0,No,No,15,Yes,No,Fiber optic,Yes,Yes,No,No,Yes,Yes,One year,No,Credit card (automatic),70.77,1118.17,No
61479273,Male,0,No,Yes,12,Yes,No,DSL,No,No,No,Yes,No,Yes,Month-to-month,No,Electronic check,49.22,642.32,No
77556678,Female,0,No,No,23,Yes,Yes,Fiber optic,Yes,Yes,Yes,No,Yes,No,Two year,No,Electronic check,89.57,2149.68,No
89010042,Female,1,Yes,No,61,Yes,Yes,DSL,Yes,No,Yes,No,No,Yes,Month-to-month,No,Electronic check,74.65,4628.3,Yes
51086072,Female,0,Yes,No,56,No,No phone service,DSL,No,No,Yes,No,Yes,Yes,Month-to-month,No,Electronic check,104.27,5943.39,Yes
32417070,Male,0,Yes,No,35,Yes,No,Fiber optic,Yes,No,Yes,No,No,No,Two year,No,Electronic check,82.71,2977.56,No
18762675,Male,0,No,No,59,Yes,No,No,No internet service,No internet service,No internet service,No internet service,No internet service,No internet service,One year,Yes,Bank transfer (automatic),71.43,4271.51,No
16136213,Female,0,No,No,72,No,No phone service,DSL,Yes,No,Yes,Yes,Yes,Yes,Two year,Yes,Credit card (automatic),76.14,5558.22,No
50024028,Female,0,No,Yes,21,Yes,No,Fiber optic,No,No,No,Yes,No,No,Two year,No,Electronic check,40.94,902.73,No
49034245,Male,0,No,No,2,Yes,No,DSL,No,Yes,No,No,No,Yes,Two year,No,Bank transfer (automatic),49.02,147.06,No
71193393,Male,0,No,No,35,Yes,Yes,DSL,No,No,No,Yes,Yes,Yes,Month-to-month,Yes,Credit card (automatic),76.58,2756.88,No
79831928,Female,0,Yes,Yes,35,Yes,No,DSL,No,No,No,Yes,Yes,No,Month-to-month,No,Electronic check,87.84,3162.24,Yes
90043415,Male,0,Yes,Yes,9,Yes,Yes,No,No internet service,No internet service,No internet service,No internet service,No internet service,No internet service,Month-to-month,No,Electronic check,60.24,602.4,No
80345879,Female,0,Yes,No,20,Yes,Yes,DSL,No,Yes,No,Yes,No,No,One year,Yes,Credit card (automatic),63.62,1336.02,No
55343466,Female,1,No,Yes,48,Yes,Yes,Fiber optic,No,Yes,No,No,No,No,Month-to-month,No,Electronic check,58.18,2850.82,No
68205561,Male,0,Yes,Yes,8,Yes,No,DSL,No,No,Yes,Yes,No,No,Month-to-month,No,Bank transfer (automatic),81.29,731.61,No
27956913,Male,1,No,No,51,Yes,No,Fiber optic,Yes,Yes,Yes,No,Yes,Yes,One year,No,Mailed check,70.12,3646.24,No
56000822,Female,0,No,No,47,Yes,Yes,Fiber optic,Yes,No,No,No,No,No,Two year,Yes,Bank transfer (automatic),88.57,4251.36,No
75790669,Male,0,Yes,No,59,Yes,Yes,DSL,No,Yes,No,No,No,Yes,Month-to-month,No,Mailed check,51.47,3088.2,No
58217837,Male,1,Yes,No,49,Yes,Yes,No,No internet service,No internet service,No internet service,No internet service,No internet service,No internet service,Month-to-month,Yes,Mailed check,68.37,3418.5,Yes
35290114,Male,1,Yes,No,38,Yes,No,Fiber optic,Yes,No,No,No,No,Yes,Month-to-month,Yes,Bank transfer (automatic),115.33,4497.87,No
32130289,Male,0,Yes,No,15,Yes,No,DSL,No,Yes,Yes,No,No,No,Month-to-month,Yes,Bank transfer (automatic),131.1,2097.6,No
64142310,Male,0,No,Yes,27,Yes,No,Fiber optic,Yes,Yes,No,Yes,No,No,Two year,Yes,Credit card (automatic),62.93,1762.04,No
12566878,Female,0,Yes,Yes,5,Yes,No,Fiber optic,Yes,Yes,No,No,No,Yes,Month-to-month,No,Bank transfer (automatic),109.47,656.82,Yes
40657783,Female,0,No,No,60,Yes,No,Fiber optic,No,No,Yes,Yes,Yes,Yes,One year,Yes,Credit card (automatic),108.03,6589.83,No
40107903,Female,0,No,No,5,Yes,Yes,Fiber optic,No,Yes,No,Yes,Yes,No,Month-to-month,Yes,Mailed check,94.59,567.54,Yes
27610141,Female,0,Yes,No,65,Yes,Yes,DSL,No,Yes,No,Yes,No,No,Month-to-month,Yes,Credit card (automatic),18.0,1188.0,Yes
38345472,Male,0,No,No,39,Yes,No,No,No internet service,No internet service,No internet service,No internet service,No internet service,No internet service,Month-to-month,Yes,Mailed check,27.4,1096.0,No
12941149,Male,0,No,Yes,70,Yes,No,DSL,Yes,Yes,Yes,Yes,Yes,No,Month-to-month,No,Electronic check,54.81,3891.51,Yes
89147232,Female,0,No,No,61,Yes,No,DSL,No,No,Yes,No,No,No,Month-to-month,No,Credit card (automatic),55.02,3411.24,No
77730769,Female,0,Yes,No,27,Yes,Yes,Fiber optic,No,No,No,Yes,No,No,Month-to-month,No,Mailed check,42.6,1184.28,No
32680748,Male,1,Yes,No,46,Yes,No,DSL,Yes,No,No,Yes,No,No,Two year,Yes,Mailed check,86.68,4073.96,No
26530521,Female,0,Yes,No,8,Yes,Yes,DSL,No,No,No,Yes,No,No,Month-to-month,Yes,Bank transfer (automatic),88.35,2221.925,No
59203071,Male,1,Yes,No,51,Yes,Yes,DSL,Yes,No,Yes,No,Yes,No,Month-to-month,No,Credit card (automatic),123.74,6434.48,No
97314051,Female,0,No,No,14,Yes,No,No,No internet service,No internet service,No internet service,No internet service,No internet service,No internet service,Month-to-month,No,Electronic check,51.8,779.59,No
15014834,Male,0,No,No,33,Yes,Yes,DSL,Yes,No,No,No,Yes,Yes,Two year,Yes,Credit card (automatic),50.47,1715.98,No
60357475,Male,0,No,Yes,19,Yes,Yes,DSL,No,No,Yes,Yes,No,No,Month-to-month,Yes,Electronic check,75.61,1512.2,No
95942441,Female,0,Yes,Yes,59,Yes,Yes,DSL,No,Yes,Yes,Yes,No,Yes,Month-to-month,Yes,Electronic check,31.36,1881.6,No
44331441,Female,0,Yes,Yes,57,Yes,Yes,Fiber optic,No,No,No,Yes,Yes,Yes,Month-to-month,No,Mailed check,126.09,7313.22,Yes
81770706,Female,0,No,Yes,66,Yes,Yes,Fiber optic,Yes,Yes,No,Yes,Yes,No,Month-to-month,Yes,Electronic check,59.27,3971.09,No
93635734,Male,1,Yes,No,1,Yes,Yes,Fiber optic,Yes,Yes,Yes,No,Yes,No,Month-to-month,No,Mailed check,67.62,135.24,No
16521231,Male,0,Yes,No,49,Yes,No,Fiber optic,No,No,Yes,Yes,No,Yes,Two year,Yes,Electronic check,74.08,3704.0,No
89715138,Female,0,No,No,13,Yes,No,Fiber optic,Yes,Yes,Yes,No,No,No,Month-to-month,No,Electronic check,65.56,917.84,Yes
16437132,Male,1,Yes,No,55,Yes,No,Fiber optic,No,Yes,No,Yes,Yes,No,Month-to-month,Yes,Credit card (automatic),61.73,3444.53,Yes
98848098,Male,0,No,No,68,Yes,No,Fiber optic,No,Yes,Yes,Yes,No,No,One year,Yes,Credit card (automatic),140.65,9704.85,Yes
24510741,Female,0,Yes,Yes,43,Yes,Yes,Fiber optic,Yes,No,Yes,No,Yes,No,Month-to-month,Yes,Electronic check,72.59,3193.96,Yes
97720360,Female,1,No,No,45,Yes,Yes,Fiber optic,No,Yes,No,Yes,No,No,Month-to-month,Yes,Credit card (automatic),84.47,3885.62,No
12649695,Male,0,No,No,5,Yes,No,No,No internet service,No internet service,No internet service,No internet service,No internet service,No internet service,One year,No,Mailed check,55.18,331.08,No
16473999,Male,0,Yes,No,7,Yes,No,No,No internet service,No internet service,No internet service,No internet service,No internet service,No internet service,Two year,Yes,Credit card (automatic),88.47,707.76,No
25541047,Male,0,No,No,38,Yes,Yes,Fiber optic,Yes,Yes,Yes,No,No,No,Two year,No,Electronic check,70.94,2766.66,No
65938669,Male,0,No,Yes,43,Yes,No,No,No internet service,No internet service,No internet service,No internet service,No internet service,No internet service,One year,No,Bank transfer (automatic),77.48,3409.12,No
69634854,Male,0,No,No,26,Yes,No,Fiber optic,No,No,Yes,Yes,Yes,No,Month-to-month,No,Credit card (automatic),84.33,2276.91,No
61036796,Female,0,Yes,No,15,Yes,Yes,DSL,No,Yes,Yes,No,Yes,No,One year,No,Electronic check,96.48,1543.68,No
26588648,Male,0,No,No,38,Yes,No,Fiber optic,No,No,Yes,No,No,Yes,Two year,No,Credit card (automatic),90.99,3548.61,No
83454998,Male,0,Yes,No,0,Yes,No,DSL,No,Yes,No,No,No,No,Month-to-month,Yes,Credit card (automatic),69.31,69.31,No
43921959,Male,0,No,No,50,Yes,No,DSL,No,No,Yes,Yes,No,Yes,Two year,No,Electronic check,70.17,3578.67,No
73672398,Female,0,No,Yes,62,Yes,Yes,Fiber optic,Yes,Yes,Yes,No,Yes,No,One year,Yes,Electronic check,36.63,2307.69,No
30552371,Female,0,No,Yes,32,Yes,Yes,DSL,No,Yes,No,No,No,Yes,Month-to-month,No,Electronic check,64.75,2136.75,No
37581060,Female,0,No,No,49,Yes,No,DSL,No,No,Yes,No,No,No,Two year,Yes,Electronic check,73.24,3662.0,No
94598956,Female,0,Yes,Yes,53,Yes,Yes,Fiber optic,Yes,No,No,Yes,No,No,Month-to-month,No,Mailed check,97.5,5265.0,Yes
11248835,Female,0,Yes,No,26,Yes,Yes,DSL,No,No,No,Yes,No,No,Two year,No,Credit card (automatic),18.0,486.0,No
50415166,Male,1,No,Yes,18,Yes,No,DSL,No,No,No,No,Yes,No,Month-to-month,Yes,Mailed check,79.28,1506.32,No
66488410,Male,0,No,No,27,Yes,Yes,Fiber optic,Yes,Yes,Yes,No,No,No,Two year,No,Credit card (automatic),46.81,1310.68,No
98807116,Female,0,Yes,No,22,Yes,No,Fiber optic,Yes,No,No,No,No,Yes,Month-to-month,No,Mailed check,93.29,2145.67,No
23553285,Male,0,No,Yes,63,Yes,No,No,No internet service,No internet service,No internet service,No internet service,No internet service,No internet service,One year,Yes,Bank transfer (automatic),109.87,7031.68,No
98916958,Female,0,No,No,38,Yes,No,No,No internet service,No internet service,No internet service,No internet service,No internet service,No internet service,Month-to-month,Yes,Credit card (automatic),68.55,2673.45,No
79834723,Female,1,No,No,48,Yes,No,Fiber optic,Yes,No,No,Yes,No,Yes,Month-to-month,Yes,Bank transfer (automatic),113.04,5538.96,No
46235719,Female,0,Yes,No,58,Yes,No,Fiber optic,No,No,No,Yes,Yes,No,Two year,No,Mailed check,96.04,5666.36,No
93590502,Male,0,Yes,No,19,No,No phone service,Fiber optic,No,No,No,Yes,No,No,Month-to-month,Yes,Mailed check,74.17,1483.4,Yes
91286864,Female,0,No,Yes,60,Yes,No,DSL,No,Yes,Yes,Yes,No,Yes,One year,Yes,Bank transfer (automatic),21.91,1336.51,No
28409776,Female,0,No,No,8,No,No phone service,Fiber optic,No,No,Yes,Yes,No,No,Two year,Yes,Electronic check,81.55,738.03,No
66213840,Female,0,No,No,22,Yes,No,Fiber optic,Yes,Yes,No,No,Yes,Yes,Month-to-month,No,Mailed check,45.14,1038.22,No
24081350,Male,0,Yes,No,6,Yes,No,Fiber optic,Yes,No,Yes,Yes,No,No,One year,No,Mailed check,18.0,126.0,Yes
78663747,Female,0,No,No,30,Yes,Yes,Fiber optic,No,Yes,No,Yes,No,No,Two year,No,Credit card (automatic),37.0,1147.0,No
92906016,Male,0,No,Yes,59,No,No phone service,Fiber optic,No,No,Yes,No,No,No,Month-to-month,No,Electronic check,110.45,6627.0,Yes
25802066,Male,1,Yes,Yes,60,Yes,Yes,Fiber optic,No,Yes,No,No,No,Yes,Month-to-month,No,Credit card (automatic),73.88,4506.68,No
47944260,Male,0,No,No,25,Yes,Yes,DSL,No,Yes,Yes,No,No,No,One year,Yes,Electronic check,106.82,2755.96,No
25302505,Male,0,No,No,53,Yes,No,Fiber optic,No,Yes,Yes,No,No,No,Two year,Yes,Bank transfer (automatic),117.25,6331.5,No
24262473,Female,1,No,No,30,Yes,No,Fiber optic,No,Yes,No,Yes,No,No,One year,Yes,Credit card (automatic),78.31,2427.61,No
76805406,Female,0,No,Yes,40,Yes,Yes,Fiber optic,Yes,Yes,Yes,No,Yes,No,One year,Yes,Credit card (automatic),52.68,2159.88,No
36661903,Male,0,No,Yes,27,No,No phone service,Fiber optic,Yes,Yes,No,Yes,Yes,Yes,One year,Yes,Credit card (automatic),38.35,1073.8,No
91738839,Female,0,No,Yes,5,Yes,Yes,DSL,No,Yes,No,Yes,Yes,Yes,One year,No,Credit card (automatic),68.11,412.07,No
36809908,Male,0,No,No,33,Yes,No,DSL,Yes,Yes,Yes,No,No,Yes,Month-to-month,No,Bank transfer (automatic),43.23,1469.82,Yes
45298445,Male,0,No,No,8,No,No phone service,Fiber optic,No,No,Yes,No,Yes,Yes,Two year,Yes,Bank transfer (automatic),36.0,316.8,Yes
80215481,Male,0,Yes,No,11,Yes,No,Fiber optic,Yes,Yes,Yes,No,No,Yes,One year,Yes,Bank transfer (automatic),50.62,607.44,No
37068117,Male,0,No,Yes,15,Yes,No,DSL,Yes,No,No,Yes,Yes,No,Two year,Yes,Mailed check,61.96,991.36,No
58039455,Male,1,No,Yes,70,Yes,No,DSL,No,No,No,Yes,No,Yes,Month-to-month,Yes,Credit card (automatic),62.79,4458.09,No
64996550,Male,0,Yes,No,30,Yes,Yes,Fiber optic,No,No,Yes,No,Yes,No,Month-to-month,Yes,Mailed check,67.32,2086.92,No
49641367,Female,0,No,No,32,Yes,No,No,No internet service,No internet service,No internet service,No internet service,No internet service,No internet service,Month-to-month,Yes,Credit card (automatic),82.76,2731.08,No
31524980,Male,0,Yes,No,6,Yes,Yes,DSL,Yes,Yes,Yes,Yes,Yes,No,Two year,Yes,Bank transfer (automatic),64.57,451.99,No
15288944,Female,0,No,No,2,No,No phone service,Fiber optic,No,Yes,Yes,No,Yes,Yes,Two year,Yes,Mailed check,92.62,277.86,No
83569939,Female,0,Yes,No,19,Yes,No,No,No internet service,No internet service,No internet service,No internet service,No internet service,No internet service,Two year,No,Mailed check,91.41,1828.2,No
76619601,Male,0,Yes,Yes,4,Yes,No,DSL,Yes,No,Yes,Yes,No,No,One year,Yes,Bank transfer (automatic),99.98,499.9,No
37876214,Female,0,No,Yes,66,Yes,No,DSL,No,No,No,No,Yes,Yes,Month-to-month,Yes,Electronic check,66.48,4440.86,Yes
74513622,Female,1,No,No,37,Yes,No,No,No internet service,No internet service,No internet service,No internet service,No internet service,No internet service,Month-to-month,Yes,Bank transfer (automatic),32.81,1246.78,Yes
54372866,Female,0,No,No,55,Yes,No,DSL,No,No,Yes,No,Yes,Yes,One year,Yes,Credit card (automatic),62.78,3515.68,No
41474764,Male,0,No,No,22,Yes,No,Fiber optic,Yes,No,Yes,No,No,No,Month-to-month,No,Electronic check,40.95,933.66,No
10367488,Male,1,No,No,1,Yes,No,Fiber optic,No,Yes,No,Yes,Yes,Yes,One year,Yes,Bank transfer (automatic),93.91,187.82,Yes
11711195,Male,0,No,No,20,Yes,Yes,DSL,No,No,No,Yes,No,No,Month-to-month,Yes,Electronic check,25.67,539.07,No
21945758,Female,0,No,Yes,13,Yes,No,DSL,Yes,No,No,No,No,Yes,Month-to-month,No,Electronic check,80.22,1123.08,No
24821786,Male,0,No,No,61,Yes,Yes,Fiber optic,No,Yes,Yes,Yes,No,No,Month-to-month,Yes,Credit card (automatic),76.05,4718.9,No
87061479,Male,0,Yes,No,10,Yes,No,Fiber optic,No,No,No,No,No,Yes,Two year,Yes,Credit card (automatic),91.99,1011.89,No
99794603,Female,1,No,No,3,Yes,No,DSL,No,No,No,Yes,No,Yes,Month-to-month,No,Bank transfer (automatic),78.18,312.72,No
76317520,Female,0,Yes,No,46,Yes,No,Fiber optic,No,No,Yes,No,No,No,Month-to-month,No,Bank transfer (automatic),68.59,3223.73,No
30017834,Female,0,No,No,19,Yes,No,Fiber optic,Yes,No,Yes,No,No,Yes,Month-to-month,Yes,Mailed check,37.21,744.2,No
22090691,Male,0,Yes,Yes,51,Yes,No,Fiber optic,Yes,No,No,No,No,Yes,Month-to-month,Yes,Bank transfer (automatic),121.18,6277.12,No
78679929,Male,0,No,No,15,Yes,No,Fiber optic,No,No,Yes,No,No,Yes,One year,Yes,Credit card (automatic),68.45,1095.2,No
20072800,Male,0,No,No,44,Yes,Yes,DSL,No,No,No,Yes,Yes,No,One year,Yes,Electronic check,59.45,2675.25,No
23594977,Female,0,No,No,7,Yes,No,Fiber optic,No,Yes,No,Yes,No,No,Two year,Yes,Mailed check,73.46,587.68,No
44345256,Male,0,No,Yes,61,Yes,No,Fiber optic,No,No,No,No,Yes,Yes,One year,No,Credit card (automatic),103.87,6439.94,No
96481420,Male,0,No,Yes,20,Yes,No,Fiber optic,Yes,Yes,No,Yes,Yes,No,One year,Yes,Electronic check,62.46,1311.66,No
41025808,Male,0,Yes,Yes,63,Yes,No,Fiber optic,Yes,No,No,Yes,Yes,Yes,One year,Yes,Electronic check,104.52,6689.28,No
71304112,Male,0,No,No,29,Yes,No,Fiber optic,Yes,Yes,No,Yes,Yes,Yes,Two year,No,Mailed check,76.16,2284.8,Yes
49731424,Female,0,Yes,No,35,Yes,Yes,Fiber optic,Yes,Yes,Yes,Yes,No,No,Month-to-month,Yes,Bank transfer (automatic),92.04,3313.44,Yes
45450260,Female,1,No,Yes,4,Yes,No,Fiber optic,No,No,No,No,Yes,Yes,One year,No,Bank transfer (automatic),77.72,392.49,No
72314252,Male,1,Yes,No,37,Yes,No,No,No internet service,No internet service,No internet service,No internet service,No internet service,No internet service,Two year,No,Electronic check,90.2,3409.56,No
16721650,Male,0,No,No,18,Yes,No,No,No internet service,No internet service,No internet service,No internet service,No internet service,No internet service,Month-to-month,Yes,Bank transfer (automatic),96.32,1830.08,Yes
23396125,Male,1,No,No,26,Yes,No,Fiber optic,Yes,Yes,No,Yes,Yes,No,Month-to-month,No,Electronic check,82.98,2240.46,No
33448079,Female,0,No,Yes,12,Yes,No,DSL,No,Yes,No,No,Yes,No,Two year,No,Electronic check,117.86,1532.18,No
15294153,Male,0,No,Yes,8,Yes,No,Fiber optic,No,No,No,Yes,Yes,Yes,Month-to-month,No,Electronic check,66.52,598.68,Yes
48999266,Female,0,No,Yes,16,Yes,Yes,DSL,No,Yes,No,Yes,No,Yes,Month-to-month,Yes,Electronic check,105.52,1799.12,Yes
58347193,Female,0,Yes,No,43,Yes,Yes,Fiber optic,Yes,No,Yes,Yes,No,Yes,One year,No,Credit card (automatic),51.35,2259.4,No
51970837,Male,0,No,No,44,Yes,No,Fiber optic,No,No,No,No,No,No,Month-to-month,No,Mailed check,82.18,3698.1,No
67176108,Male,0,No,Yes,41,Yes,Yes,No,No internet service,No internet service,No internet service,No internet service,No internet service,No internet service,Month-to-month,Yes,Bank transfer (automatic),45.15,1896.3,Yes
25555976,Female,1,Yes,Yes,50,Yes,Yes,No,No internet service,No internet service,No internet service,No internet service,No internet service,No internet service,Month-to-month,No,Credit card (automatic),45.62,2326.62,No
22750478,Female,0,Yes,Yes,57,Yes,No,Fiber optic,No,Yes,No,Yes,No,No,Month-to-month,No,Credit card (automatic),109.44,6325.63,No
16159129,Female,0,Yes,Yes,57,Yes,No,Fiber optic,No,No,No,Yes,Yes,Yes,One year,No,Credit card (automatic),132.65,7693.7,No
11298197,Female,0,No,No,29,Yes,No,Fiber optic,No,No,No,Yes,No,No,Month-to-month,No,Electronic check,65.16,1954.8,Yes
28574987,Male,0,Yes,No,4,Yes,No,DSL,No,Yes,Yes,No,No,No,One year,No,Electronic check,39.81,199.05,No
99034004,Male,0,Yes,No,7,Yes,Yes,No,No internet service,No internet service,No internet service,No internet service,No internet service,No internet service,Month-to-month,Yes,Mailed check,69.67,557.36,No
96865529,Female,0,Yes,No,36,Yes,Yes,Fiber optic,No,Yes,No,Yes,Yes,No,Month-to-month,Yes,Credit card (automatic),46.88,1734.56,No
32885770,Male,0,No,No,46,Yes,No,Fiber optic,Yes,Yes,Yes,Yes,Yes,No,Month-to-month,Yes,Electronic check,108.93,5119.71,Yes
54112109,Male,0,No,Yes,44,Yes,No,DSL,No,No,No,No,Yes,No,Month-to-month,No,Bank transfer (automatic),88.09,3964.05,No
57986515,Male,0,No,No,4,Yes,No,Fiber optic,No,Yes,No,Yes,Yes,No,Two year,No,Mailed check,87.47,441.72,No
68749047,Female,0,No,No,62,No,No phone service,Fiber optic,Yes,Yes,Yes,Yes,No,No,Month-to-month,Yes,Bank transfer (automatic),66.57,4193.91,No
93457527,Male,0,Yes,Yes,46,Yes,Yes,DSL,No,Yes,Yes,Yes,Yes,Yes,Two year,Yes,Mailed check,48.45,2277.15,No
46011877,Female,0,Yes,No,24,Yes,No,Fiber optic,No,No,Yes,Yes,Yes,No,Month-to-month,No,Credit card (automatic),101.68,2542.0,No
22475714,Female,0,No,No,49,Yes,No,DSL,No,No,No,Yes,Yes,Yes,One year,Yes,Credit card (automatic),66.7,3335.0,No
60012498,Female,1,Yes,Yes,44,No,No phone service,No,No internet service,No internet service,No internet service,No internet service,No internet service,No internet service,Two year,No,Credit card (automatic),38.91,1750.95,No
55999465,Female,0,Yes,No,29,Yes,Yes,Fiber optic,Yes,No,Yes,Yes,Yes,No,Two year,Yes,Mailed check,116.55,3496.5,No
34544318,Female,1,No,Yes,47,Yes,Yes,Fiber optic,Yes,No,No,No,Yes,No,One year,No,Credit card (automatic),144.13,6925.45,No
25278272,Female,1,Yes,No,50,Yes,No,DSL,Yes,No,Yes,Yes,No,No,Month-to-month,Yes,Mailed check,74.72,3810.72,Yes
63791447,Female,0,No,No,54,Yes,Yes,DSL,Yes,No,No,No,Yes,Yes,Month-to-month,Yes,Credit card (automatic),80.69,4437.95,No
63720675,Male,0,Yes,No,54,Yes,No,DSL,No,No,Yes,Yes,No,Yes,Month-to-month,Yes,Credit card (automatic),124.37,6840.35,Yes
71275585,Male,1,No,Yes,45,Yes,Yes,Fiber optic,Yes,No,No,No,No,Yes,Month-to-month,No,Bank transfer (automatic),61.07,2809.22,Yes
46484819,Female,1,Yes,No,30,Yes,Yes,No,No internet service,No internet service,No internet service,No internet service,No internet service,No internet service,Month-to-month,Yes,Electronic check,103.75,3216.25,No
61769856,Male,0,Yes,No,33,Yes,No,DSL,No,Yes,Yes,No,No,Yes,One year,Yes,Bank transfer (automatic),52.84,1796.56,No
74188958,Male,0,Yes,Yes,67,No,No phone service,DSL,No,Yes,Yes,No,Yes,Yes,One year,Yes,Credit card (automatic),84.43,5741.24,No
66604960,Male,0,No,No,32,Yes,Yes,DSL,Yes,Yes,Yes,No,No,No,Month-to-month,No,Bank transfer (automatic),41.05,1354.65,No
97086700,Female,0,No,No,55,Yes,Yes,Fiber optic,Yes,No,No,No,Yes,No,Two year,Yes,Credit card (automatic),62.33,3490.48,No
32384662,Male,0,Yes,No,57,Yes,No,No,No internet service,No internet service,No internet service,No internet service,No internet service,No internet service,Month-to-month,Yes,Bank transfer (automatic),20.26,1175.08,No
25174194,Male,0,No,Yes,56,Yes,Yes,Fiber optic,No,Yes,No,No,Yes,No,Two year,Yes,Credit card (automatic),84.74,4813.23,No
27785402,Male,0,No,No,16,Yes,No,Fiber optic,No,No,Yes,Yes,No,No,Month-to-month,No,Bank transfer (automatic),81.99,2221.925,No
17871385,Female,0,No,Yes,10,Yes,No,DSL,Yes,No,No,Yes,Yes,No,Month-to-month,No,Credit card (automatic),39.38,433.18,Yes
31393688,Male,0,No,No,70,Yes,Yes,Fiber optic,Yes,Yes,Yes,No,No,Yes,Two year,No,Mailed check,135.86,9646.06,No
23920137,Male,0,Yes,No,16,No,No phone service,DSL,No,Yes,No,Yes,No,No,Month-to-month,No,Bank transfer (automatic),72.29,1228.93,No
65838294,Male,0,No,No,9,Yes,Yes,DSL,Yes,Yes,No,No,Yes,Yes,Two year,No,Electronic check,65.78,657.8,No
89289163,Female,1,No,Yes,25,Yes,No,DSL,No,Yes,No,Yes,Yes,No,Month-to-month,Yes,Mailed check,40.67,1057.42,No
74783521,Female,0,Yes,No,5,Yes,No,Fiber optic,Yes,No,No,No,No,No,Two year,No,Electronic check,93.43,560.58,No
86362294,Male,0,Yes,No,15,Yes,No,DSL,Yes,No,No,No,No,No,Two year,Yes,Electronic check,43.08,689.28,No
68809216,Male,0,No,No,3,Yes,No,Fiber optic,No,No,Yes,No,Yes,No,Two year,Yes,Bank transfer (automatic),92.95,371.8,No
34328380,Female,0,No,No,61,Yes,Yes,DSL,Yes,Yes,No,Yes,No,Yes,Month-to-month,Yes,Bank transfer (automatic),43.73,2711.26,No
92050405,Male,0,No,No,63,Yes,No,No,No internet service,No internet service,No internet service,No internet service,No internet service,No internet service,Month-to-month,No,Credit card (automatic),83.04,5314.56,Yes
60969286,Female,0,No,No,55,Yes,No,No,No internet service,No internet service,No internet service,No internet service,No internet service,No internet service,Month-to-month,No,Mailed check,64.18,3594.08,No
58130331,Male,0,No,Yes,22,Yes,Yes,Fiber optic,Yes,No,No,No,Yes,Yes,Two year,Yes,Credit card (automatic),93.53,2132.48,No
92055138,Male,0,Yes,No,32,Yes,Yes,DSL,No,No,Yes,No,No,No,Month-to-month,No,Electronic check,30.97,1022.01,Yes
13867648,Male,0,Yes,No,30,Yes,No,Fiber optic,No,No,Yes,Yes,Yes,No,Month-to-month,Yes,Mailed check,83.7,2594.7,No
27536261,Male,0,Yes,No,6,Yes,No,No,No internet service,No internet service,No internet service,No internet service,No internet service,No internet service,Two year,No,Credit card (automatic),40.57,283.99,No
74837853,Female,1,Yes,Yes,4,Yes,Yes,DSL,Yes,Yes,No,Yes,No,Yes,One year,No,Bank transfer (automatic),50.6,253.0,No
75514730,Male,0,Yes,No,36,No,No phone service,No,No internet service,No internet service,No internet service,No internet service,No internet service,No internet service,Two year,No,Electronic check,87.4,3233.8,No
25158211,Female,0,No,Yes,0,Yes,No,Fiber optic,Yes,No,No,No,No,Yes,Month-to-month,No,Mailed check,71.4,71.4,No
65201639,Male,0,No,No,69,Yes,Yes,No,No internet service,No internet service,No internet service,No internet service,No internet service,No internet service,Month-to-month,No,Electronic check,81.2,5684.0,Yes
69148126,Male,0,No,No,44,Yes,No,No,No internet service,No internet service,No internet service,No internet service,No internet service,No internet service,Month-to-month,Yes,Electronic check,92.56,4165.2,No
16170301,Male,0,No,Yes,46,Yes,Yes,DSL,Yes,Yes,No,Yes,No,No,One year,No,Electronic check,74.97,3523.59,No
18500820,Female,0,No,No,67,Yes,No,Fiber optic,Yes,Yes,Yes,No,Yes,No,Month-to-month,Yes,Electronic check,65.88,4479.84,No
45113084,Male,0,No,No,29,Yes,No,DSL,Yes,Yes,Yes,No,No,No,Month-to-month,Yes,Electronic check,39.98,1199.4,No
97909064,Female,0,No,No,59,Yes,No,DSL,No,No,No,Yes,Yes,Yes,Month-to-month,Yes,Credit card (automatic),135.88,8159.59,Yes
52176303,Female,1,Yes,No,23,No,No phone service,Fiber optic,Yes,Yes,No,No,Yes,Yes,Month-to-month,No,Bank transfer (automatic),86.42,2074.08,No
11658959,Male,0,Yes,No,30,Yes,No,No,No internet service,No internet service,No internet service,No internet service,No internet service,No internet service,Two year,Yes,Bank transfer (automatic),70.02,2170.62,No
80439867,Female,0,No,Yes,27,Yes,No,No,No internet service,No internet service,No internet service,No internet service,No internet service,No internet service,Two year,Yes,Credit card (automatic),60.39,1690.92,Yes
87396519,Male,0,Yes,Yes,44,Yes,Yes,DSL,No,No,No,Yes,Yes,No,Month-to-month,Yes,Bank transfer (automatic),76.22,3429.9,Yes
85834657,Female,1,No,No,3,Yes,Yes,DSL,Yes,No,No,No,No,No,Month-to-month,Yes,Bank transfer (automatic),69.85,279.4,No
40062746,Female,1,Yes,Yes,60,No,No phone service,Fiber optic,Yes,No,No,Yes,No,Yes,Two year,No,Bank transfer (automatic),85.86,5241.75,No
99904987,Male,0,No,No,38,No,No phone service,DSL,Yes,Yes,No,Yes,No,Yes,Month-to-month,Yes,Bank transfer (automatic),52.79,2061.45,No
55405943,Male,0,No,Yes,23,Yes,No,DSL,No,No,No,No,No,No,Month-to-month,No,Bank transfer (automatic),120.39,2889.36,No
79672379,Female,0,Yes,No,70,Yes,No,No,No internet service,No internet service,No internet service,No internet service,No internet service,No internet service,One year,Yes,Electronic check,90.7,6439.7,No
80209719,Male,0,No,No,45,Yes,No,No,No internet service,No internet service,No internet service,No internet service,No internet service,No internet service,Month-to-month,Yes,Electronic check,18.0,828.0,No
92978636,Male,0,Yes,Yes,52,Yes,Yes,No,No internet service,No internet service,No internet service,No internet service,No internet service,No internet service,One year,No,Electronic check,78.64,4167.92,No
22783183,Male,0,Yes,No,47,Yes,No,Fiber optic,Yes,Yes,No,No,Yes,Yes,Month-to-month,Yes,Bank transfer (automatic),94.16,4519.68,No
68095862,Female,0,Yes,No,8,No,No phone service,Fiber optic,No,No,No,Yes,Yes,Yes,Month-to-month,No,Mailed check,30.41,273.69,Yes
98813650,Male,1,No,No,21,Yes,Yes,Fiber optic,No,Yes,No,No,No,No,One year,Yes,Bank transfer (automatic),103.04,2266.88,No
43363439,Male,1,Yes,No,1,Yes,No,DSL,Yes,Yes,Yes,Yes,No,No,Month-to-month,No,Mailed check,88.91,160.04,Yes
74683506,Male,0,No,No,15,No,No phone service,No,No internet service,No internet service,No internet service,No internet service,No internet service,No internet service,Month-to-month,Yes,Credit card (automatic),30.74,491.84,No
56405710,Female,0,Yes,No,4,Yes,Yes,DSL,No,Yes,No,No,Yes,No,Month-to-month,Yes,Bank transfer (automatic),64.82,324.1,Yes
99081734,Male,1,Yes,No,11,Yes,No,Fiber optic,Yes,Yes,No,Yes,No,Yes,One year,No,Electronic check,35.72,428.64,No
96087848,Male,0,No,No,51,Yes,Yes,Fiber optic,Yes,No,No,No,Yes,Yes,Month-to-month,Yes,Electronic check,95.1,4945.2,No
61657265,Male,0,Yes,Yes,25,Yes,No,DSL,Yes,Yes,No,No,No,Yes,Month-to-month,Yes,Bank transfer (automatic),39.47,1026.22,No
29952062,Female,0,Yes,No,14,Yes,No,Fiber optic,No,Yes,Yes,Yes,Yes,Yes,Month-to-month,Yes,Electronic check,41.97,629.55,No
84939694,Male,0,Yes,No,66,No,No phone service,DSL,Yes,Yes,No,No,No,Yes,One year,Yes,Electronic check,72.47,4855.49,No
92263926,Male,0,No,No,72,Yes,No,Fiber optic,No,No,No,No,No,Yes,Month-to-month,Yes,Electronic check,132.12,9651.37,No
17323740,Female,0,No,No,58,No,No phone service,Fiber optic,Yes,No,Yes,No,Yes,No,Month-to-month,No,Credit card (automatic),106.63,6291.17,Yes
11562947,Female,0,Yes,No,38,Yes,No,Fiber optic,No,No,No,Yes,No,No,Month-to-month,Yes,Electronic check,40.32,1572.48,No
96355513,Male,0,Yes,No,62,Yes,Yes,No,No internet service,No internet service,No internet service,No internet service,No internet service,No internet service,Month-to-month,Yes,Mailed check,33.26,2095.38,Yes
31062435,Female,0,Yes,No,24,Yes,No,DSL,No,No,No,No,No,Yes,Two year,Yes,Bank transfer (automatic),52.26,1306.5,No
77856130,Male,0,Yes,No,40,Yes,No,Fiber optic,Yes,No,Yes,Yes,No,Yes,One year,Yes,Electronic check,27.94,1145.54,No
72986894,Male,1,No,Yes,27,Yes,Yes,No,No internet service,No internet service,No internet service,No internet service,No internet service,No internet service,Two year,Yes,Credit card (automatic),93.61,2621.08,No
76549837,Male,0,No,No,20,No,No phone service,Fiber optic,No,Yes,Yes,Yes,No,No,Month-to-month,Yes,Bank transfer (automatic),89.76,1884.96,Yes
32200132,Female,0,No,No,60,Yes,No,No,No internet service,No internet service,No internet service,No internet service,No internet service,No internet service,Month-to-month,Yes,Bank transfer (automatic),97.41,5942.01,No
20048242,Female,0,Yes,No,56,Yes,No,Fiber optic,Yes,Yes,Yes,No,Yes,Yes,Month-to-month,No,Electronic check,71.47,4073.79,Yes
75987872,Male,0,No,No,10,Yes,No,Fiber optic,Yes,No,Yes,Yes,No,Yes,Month-to-month,Yes,Bank transfer (automatic),73.6,809.6,Yes
53034742,Female,0,No,No,18,Yes,No,No,No internet service,No internet service,No internet service,No internet service,No internet service,No internet service,Month-to-month,Yes,Electronic check,38.03,722.57,No
42331952,Male,0,No,Yes,0,Yes,No,No,No internet service,No internet service,No internet service,No internet service,No internet service,No internet service,Two year,Yes,Electronic check,78.25,78.25,No
54411953,Female,0,No,No,31,No,No phone service,No,No internet service,No internet service,No internet service,No internet service,No internet service,No internet service,Two year,Yes,Mailed check,107.93,3453.76,No
47333618,Female,0,No,No,33,Yes,Yes,DSL,No,Yes,No,No,Yes,Yes,Month-to-month,Yes,Electronic check,57.09,1941.06,No
16757958,Female,0,No,No,16,Yes,No,Fiber optic,Yes,No,No,No,No,No,Two year,No,Bank transfer (automatic),82.2,1397.4,No
78038903,Male,0,Yes,Yes,54,Yes,Yes,DSL,No,No,Yes,No,No,No,Month-to-month,No,Electronic check,72.03,3961.65,No
39891163,Male,0,No,No,18,Yes,No,DSL,Yes,Yes,Yes,Yes,Yes,No,One year,No,Electronic check,54.0,1026.0,No
83886264,Female,0,Yes,No,41,Yes,No,Fiber optic,Yes,No,Yes,No,No,Yes,One year,Yes,Electronic check,85.45,3571.81,No
96344588,Female,0,No,Yes,58,Yes,No,No,No internet service,No internet service,No internet service,No internet service,No internet service,No internet service,Month-to-month,Yes,Bank transfer (automatic),124.52,7321.78,No
60819877,Female,0,No,No,72,Yes,No,Fiber optic,Yes,Yes,No,Yes,Yes,No,Month-to-month,No,Electronic check,111.25,8121.25,Yes
64126921,Male,0,No,No,37,Yes,No,No,No internet service,No internet service,No internet service,No internet service,No internet service,No internet service,Month-to-month,No,Mailed check,44.76,1700.88,No
41541166,Female,0,Yes,Yes,30,No,No phone service,No,No internet service,No internet service,No internet service,No internet service,No internet service,No internet service,Two year,No,Bank transfer (automatic),73.57,2280.67,Yes
20580463,Male,0,Yes,No,65,Yes,No,DSL,No,Yes,No,No,Yes,Yes,Two year,Yes,Bank transfer (automatic),91.94,6068.04,No
71618633,Male,0,Yes,No,68,Yes,No,DSL,Yes,Yes,Yes,No,Yes,No,Month-to-month,No,Credit card (automatic),72.49,5005.43,No
69618021,Male,0,No,Yes,49,Yes,Yes,DSL,Yes,No,No,No,No,No,Month-to-month,Yes,Bank transfer (automatic),31.45,1572.5,Yes
86911446,Female,0,No,No,29,Yes,Yes,Fiber optic,No,No,No,No,Yes,No,Month-to-month,No,Mailed check,47.3,1419.0,No
70142774,Male,0,No,No,34,No,No phone service,DSL,Yes,Yes,No,Yes,Yes,Yes,Month-to-month,Yes,Mailed check,88.82,3090.94,Yes
21813825,Female,1,Yes,Yes,58,No,No phone service,Fiber optic,No,No,Yes,Yes,No,Yes,Month-to-month,Yes,Electronic check,127.86,7543.74,No
76901651,Female,0,No,No,16,Yes,No,DSL,No,Yes,No,Yes,Yes,Yes,Month-to-month,No,Credit card (automatic),50.58,859.86,Yes
70004467,Male,0,No,No,65,Yes,No,DSL,No,No,No,Yes,No,No,One year,Yes,Credit card (automatic),41.42,2735.79,No
52421060,Male,0,Yes,No,20,Yes,No,Fiber optic,No,No,Yes,Yes,No,No,Two year,No,Credit card (automatic),103.85,2180.85,No
25932563,Female,0,No,Yes,51,Yes,No,Fiber optic,Yes,No,No,No,No,Yes,Month-to-month,Yes,Electronic check,77.03,3990.15,No
76756320,Female,0,No,No,64,No,No phone service,No,No internet service,No internet service,No internet service,No internet service,No internet service,No internet service,One year,Yes,Credit card (automatic),58.33,3794.37,No
97694240,Male,0,No,Yes,13,Yes,No,No,No internet service,No internet service,No internet service,No internet service,No internet service,No internet service,Month-to-month,Yes,Credit card (automatic),64.2,885.96,No
12384932,Female,0,No,No,15,Yes,No,No,No internet service,No internet service,No internet service,No internet service,No internet service,No internet service,Month-to-month,Yes,Credit card (automatic),65.75,1052.0,No
23776553,Male,1,Yes,No,54,Yes,Yes,DSL,Yes,No,No,Yes,Yes,No,Month-to-month,No,Credit card (automatic),92.54,5089.7,Yes
64148754,Male,0,No,No,8,Yes,No,Fiber optic,Yes,Yes,No,No,No,No,One year,Yes,Bank transfer (automatic),76.83,691.47,No
65343143,Female,0,No,No,7,No,No phone service,Fiber optic,Yes,Yes,No,No,No,Yes,Month-to-month,Yes,Electronic check,24.09,192.72,No
14809280,Female,0,No,No,72,Yes,Yes,DSL,Yes,No,Yes,Yes,Yes,Yes,Month-to-month,No,Bank transfer (automatic),66.18,4831.14,No
84776858,Female,0,No,No,33,Yes,No,Fiber optic,No,Yes,No,No,Yes,No,One year,Yes,Electronic check,125.07,4252.38,No
83698792,Male,0,No,No,32,Yes,Yes,Fiber optic,No,No,Yes,No,No,No,Month-to-month,Yes,Credit card (automatic),103.28,3408.24,No
10022778,Male,0,No,Yes,6,Yes,No,DSL,Yes,Yes,No,No,Yes,Yes,Month-to-month,No,Electronic check,107.62,753.34,Yes
22199793,Female,1,No,No,20,Yes,Yes,DSL,Yes,No,Yes,No,Yes,No,Two year,Yes,Electronic check,44.94,943.74,No
91094790,Male,0,Yes,No,4,Yes,Yes,No,No internet service,No internet service,No internet service,No internet service,No internet service,No internet service,Two year,No,Electronic check,80.84,404.2,No
93089652,Male,0,Yes,No,70,Yes,No,Fiber optic,Yes,No,Yes,No,Yes,No,Month-to-month,Yes,Bank transfer (automatic),98.48,6992.08,Yes
95568918,Female,0,Yes,Yes,11,No,No phone service,DSL,Yes,Yes,No,Yes,Yes,Yes,Month-to-month,No,Bank transfer (automatic),72.23,866.76,No
50882445,Male,0,No,No,58,Yes,Yes,No,No internet service,No internet service,No internet service,No internet service,No internet service,No internet service,Month-to-month,No,Bank transfer (automatic),105.49,6229.18,No
78227936,Female,0,No,Yes,57,Yes,No,No,No internet service,No internet service,No internet service,No internet service,No internet service,No internet service,Month-to-month,No,Electronic check,44.3,2569.4,Yes
85475000,Female,0,Yes,Yes,36,No,No phone service,No,No internet service,No internet service,No internet service,No internet service,No internet service,No internet service,Month-to-month,Yes,Mailed check,76.4,2826.8,No
37763104,Female,0,Yes,No,44,Yes,No,Fiber optic,No,No,No,Yes,No,No,Month-to-month,No,Credit card (automatic),52.2,2349.0,No
97858385,Female,0,No,No,24,Yes,No,Fiber optic,No,Yes,No,No,Yes,Yes,Month-to-month,No,Credit card (automatic),114.31,2857.75,Yes
71231190,Female,0,No,No,26,Yes,No,Fiber optic,Yes,Yes,No,Yes,Yes,Yes,Month-to-month,Yes,Mailed check,68.35,1845.45,Yes
55748676,Female,0,No,No,50,Yes,No,Fiber optic,No,Yes,No,No,No,No,Month-to-month,Yes,Electronic check,63.68,3247.68,No
58767001,Male,0,Yes,No,41,No,No phone service,No,No internet service,No internet service,No internet service,No internet service,No internet service,No internet service,One year,Yes,Credit card (automatic),35.91,1508.22,No
17284695,Male,0,Yes,No,70,Yes,Yes,Fiber optic,Yes,Yes,No,No,No,No,Month-to-month,Yes,Electronic check,94.85,6734.35,No
39919562,Male,0,No,No,41,Yes,No,DSL,No,Yes,No,Yes,Yes,No,Month-to-month,Yes,Credit card (automatic),83.26,3496.92,Yes
70996586,Female,0,Yes,No,59,Yes,No,Fiber optic,Yes,No,No,Yes,Yes,No,One year,No,Electronic check,69.45,4167.0,No
54556611,Female,0,Yes,No,71,Yes,Yes,Fiber optic,Yes,No,Yes,Yes,No,Yes,Two year,Yes,Credit card (automatic),88.09,6324.86,No
85182173,Female,1,Yes,No,57,Yes,Yes,No,No internet service,No internet service,No internet service,No internet service,No internet service,No internet service,Month-to-month,Yes,Electronic check,102.14,5924.12,No
93182506,Male,0,Yes,Yes,71,Yes,No,DSL,No,No,No,No,No,No,Month-to-month,No,Electronic check,76.06,5476.32,Yes
90524080,Male,0,Yes,No,21,Yes,No,Fiber optic,No,Yes,No,Yes,No,No,One year,Yes,Bank transfer (automatic),83.34,1833.48,No
73502927,Female,0,No,Yes,57,Yes,No,DSL,No,No,No,Yes,No,Yes,Two year,No,Electronic check,86.25,5002.5,No
98203489,Female,1,Yes,Yes,10,Yes,No,DSL,Yes,No,No,Yes,No,Yes,Two year,No,Mailed check,18.0,198.0,No
58760568,Male,0,Yes,Yes,5,Yes,No,Fiber optic,Yes,Yes,Yes,Yes,Yes,Yes,Month-to-month,No,Mailed check,84.14,504.84,No
70737878,Female,0,No,Yes,21,Yes,No,DSL,Yes,No,No,No,No,Yes,Month-to-month,Yes,Mailed check,20.88,459.36,No
25303956,Female,0,No,No,11,Yes,No,Fiber optic,No,No,No,No,No,No,Two year,No,Electronic check,70.22,842.64,No
23077775,Male,0,No,No,26,Yes,Yes,DSL,Yes,No,No,No,No,No,Month-to-month,Yes,Bank transfer (automatic),86.9,2346.3,No
98437437,Male,0,No,No,0,Yes,Yes,No,No internet service,No internet service,No internet service,No internet service,No internet service,No internet service,Month-to-month,Yes,Mailed check,18.0,14.4,No
39762393,Female,0,No,Yes,63,Yes,No,No,No internet service,No internet service,No internet service,No internet service,No internet service,No internet service,One year,Yes,Electronic check,71.55,4579.2,No
10294869,Female,1,No,No,38,Yes,No,DSL,No,Yes,No,No,No,Yes,One year,Yes,Electronic check,59.39,2316.21,No
55816176,Male,1,No,No,59,Yes,No,Fiber optic,No,No,No,No,No,Yes,Two year,Yes,Credit card (automatic),62.54,3752.4,No
57665946,Female,0,No,No,69,No,No phone service,DSL,No,Yes,Yes,No,No,Yes,One year,No,Electronic check,93.3,6531.0,No
95048563,Female,0,No,No,53,Yes,No,Fiber optic,No,No,No,No,Yes,No,Month-to-month,Yes,Bank transfer (automatic),127.01,6858.54,No
49189370,Female,0,Yes,Yes,24,Yes,Yes,DSL,No,Yes,Yes,Yes,Yes,Yes,Month-to-month,Yes,Electronic check,92.06,2283.09,No
83509785,Female,0,No,No,19,Yes,Yes,DSL,Yes,No,No,Yes,Yes,Yes,Two year,No,Credit card (automatic),70.76,1415.2,No
80059652,Female,0,No,No,35,Yes,No,No,No internet service,No internet service,No internet service,No internet service,No internet service,No internet service,Month-to-month,Yes,Electronic check,29.61,1065.96,No
60182714,Male,1,No,No,22,Yes,Yes,DSL,No,Yes,Yes,No,No,Yes,One year,No,Mailed check,111.03,2553.69,No
24270328,Female,0,Yes,No,0,Yes,Yes,Fiber optic,No,Yes,No,Yes,No,No,Month-to-month,No,Bank transfer (automatic),65.1,65.1,No
16144233,Female,0,Yes,No,26,Yes,No,DSL,No,No,Yes,No,Yes,No,One year,Yes,Bank transfer (automatic),19.41,524.07,No
32032560,Male,1,No,No,51,Yes,No,Fiber optic,Yes,No,Yes,No,No,No,One year,Yes,Credit card (automatic),35.32,1836.64,No
76091781,Male,0,Yes,No,1,Yes,No,DSL,No,Yes,No,Yes,Yes,No,Month-to-month,Yes,Credit card (automatic),31.92,63.84,Yes
28850770,Male,0,No,Yes,20,Yes,No,DSL,No,No,Yes,No,No,No,Month-to-month,Yes,Bank transfer (automatic),36.58,768.18,No
64923338,Male,0,No,No,8,Yes,No,DSL,No,No,Yes,Yes,Yes,No,Two year,Yes,Bank transfer (automatic),100.42,903.78,No
24356130,Female,0,No,No,47,Yes,Yes,DSL,Yes,No,No,Yes,No,No,One year,Yes,Electronic check,75.95,3645.6,No
44130133,Male,0,No,Yes,38,Yes,No,No,No internet service,No internet service,No internet service,No internet service,No internet service,No internet service,Two year,No,Mailed check,86.23,3362.97,No
91987136,Female,0,No,No,41,Yes,No,No,No internet service,No internet service,No internet service,No internet service,No internet service,No internet service,Two year,Yes,Electronic check,18.0,756.0,No
36296134,Male,0,No,Yes,70,Yes,Yes,No,No internet service,No internet service,No internet service,No internet service,No internet service,No internet service,Month-to-month,Yes,Mailed check,93.03,6605.13,Yes
35171649,Female,1,No,No,44,Yes,No,DSL,No,No,Yes,No,Yes,No,Two year,No,Electronic check,88.89,4000.05,No
26206227,Male,1,No,No,1,Yes,No,DSL,Yes,No,Yes,Yes,Yes,Yes,Month-to-month,Yes,Credit card (automatic),18.0,36.0,Yes
62733674,Male,0,No,Yes,66,Yes,No,Fiber optic,Yes,No,Yes,No,Yes,No,Month-to-month,Yes,Mailed check,32.65,2187.55,No
38935933,Female,0,No,No,42,Yes,No,No,No internet service,No internet service,No internet service,No internet service,No internet service,No internet service,One year,Yes,Electronic check,104.14,4478.02,Yes
71343676,Male,0,No,No,17,Yes,No,Fiber optic,Yes,No,Yes,No,No,Yes,Month-to-month,Yes,Mailed check,52.11,937.98,No
35579048,Male,0,Yes,Yes,38,Yes,No,DSL,Yes,Yes,No,Yes,Yes,No,Month-to-month,No,Electronic check,100.28,3910.92,No
55356673,Male,0,Yes,No,5,No,No phone service,No,No internet service,No internet service,No internet service,No internet service,No internet service,No internet service,Month-to-month,Yes,Mailed check,70.3,421.8,Yes
24464073,Female,1,Yes,No,41,Yes,No,DSL,Yes,No,Yes,Yes,No,No,Month-to-month,Yes,Electronic check,54.61,2293.62,No
65629268,Male,1,Yes,No,51,Yes,No,No,No internet service,No internet service,No internet service,No internet service,No internet service,No internet service,Two year,No,Credit card (automatic),65.8,3421.6,No
16241172,Female,0,No,Yes,26,Yes,No,No,No internet service,No internet service,No internet service,No internet service,No internet service,No internet service,One year,Yes,Electronic check,18.0,486.0,No
94992096,Female,0,Yes,Yes,14,Yes,No,No,No internet service,No internet service,No internet service,No internet service,No internet service,No internet service,One year,No,Electronic check,81.42,1221.3,No
89028889,Female,0,No,No,18,Yes,No,DSL,No,No,No,No,No,Yes,Two year,No,Bank transfer (automatic),34.02,639.58,Yes
26538199,Female,0,Yes,No,61,Yes,No,Fiber optic,No,No,No,No,Yes,No,Month-to-month,No,Bank transfer (automatic),18.0,1116.0,No
70465703,Male,0,Yes,No,63,No,No phone service,Fiber optic,No,No,No,No,No,No,Month-to-month,No,Electronic check,25.55,1635.2,No
71389561,Female,0,Yes,Yes,50,Yes,Yes,DSL,No,No,Yes,No,Yes,No,Two year,No,Bank transfer (automatic),42.73,2179.23,No
98376561,Male,0,No,No,46,Yes,No,Fiber optic,No,No,No,Yes,No,Yes,One year,Yes,Electronic check,87.55,4114.85,No
89096676,Female,0,Yes,Yes,56,Yes,No,Fiber optic,Yes,Yes,Yes,Yes,No,No,One year,No,Electronic check,46.03,2623.71,No
77672253,Female,1,Yes,No,19,Yes,No,DSL,Yes,Yes,No,No,Yes,Yes,One year,Yes,Electronic check,92.57,1851.4,No
28070539,Female,0,No,No,19,Yes,Yes,DSL,No,Yes,Yes,No,No,No,Month-to-month,No,Mailed check,96.56,1931.2,No
76951647,Female,0,Yes,No,63,Yes,No,DSL,No,No,No,Yes,No,Yes,One year,Yes,Credit card (automatic),98.94,6332.16,No
10582186,Female,0,Yes,Yes,37,Yes,No,No,No internet service,No internet service,No internet service,No internet service,No internet service,No internet service,Month-to-month,No,Bank transfer (automatic),125.13,4754.94,No
81184297,Female,0,No,No,37,Yes,No,No,No internet service,No internet service,No internet service,No internet service,No internet service,No internet service,Month-to-month,Yes,Credit card (automatic),84.13,3196.94,No
16519170,Male,0,Yes,Yes,64,Yes,No,Fiber optic,No,Yes,No,Yes,No,No,Two year,No,Bank transfer (automatic),87.44,5666.11,No
84252780,Female,0,Yes,Yes,4,Yes,No,DSL,Yes,Yes,Yes,No,No,No,Month-to-month,Yes,Electronic check,50.71,256.09,No
68090825,Female,1,Yes,No,63,Yes,No,Fiber optic,Yes,Yes,Yes,No,Yes,Yes,Month-to-month,No,Credit card (automatic),18.0,1152.0,Yes
88533572,Female,0,Yes,No,26,Yes,Yes,DSL,Yes,No,No,No,Yes,No,Month-to-month,No,Credit card (automatic),79.69,2151.63,No
74818030,Male,0,No,No,19,No,No phone service,Fiber optic,Yes,Yes,No,No,Yes,Yes,Month-to-month,No,Credit card (automatic),28.96,580.65,Yes
78227286,Male,0,Yes,No,59,Yes,No,Fiber optic,No,Yes,No,Yes,No,Yes,Two year,Yes,Electronic check,28.06,1683.6,No
33783708,Male,0,No,No,39,Yes,No,No,No internet service,No internet service,No internet service,No internet service,No internet service,No internet service,Month-to-month,Yes,Credit card (automatic),35.06,1402.4,No
87652255,Female,0,No,No,5,Yes,No,DSL,No,No,No,No,Yes,No,Two year,Yes,Credit card (automatic),89.45,536.7,No
33306944,Female,1,Yes,No,72,Yes,No,DSL,No,Yes,No,No,No,Yes,Month-to-month,Yes,Credit card (automatic),98.99,7226.27,No
27231111,Male,0,No,No,35,Yes,No,No,No internet service,No internet service,No internet service,No internet service,No internet service,No internet service,Two year,Yes,Bank transfer (automatic),74.83,2693.88,No
23898777,Female,0,Yes,No,64,Yes,No,No,No internet service,No internet service,No internet service,No internet service,No internet service,No internet service,Month-to-month,Yes,Electronic check,36.75,2390.59,No
61996696,Female,0,Yes,Yes,10,Yes,No,Fiber optic,Yes,Yes,Yes,No,No,Yes,Month-to-month,No,Electronic check,61.51,676.61,No
98251083,Female,0,Yes,Yes,48,Yes,Yes,DSL,No,Yes,Yes,No,No,Yes,Month-to-month,Yes,Mailed check,112.32,5509.3,No
90603922,Female,0,Yes,No,27,Yes,No,Fiber optic,No,No,Yes,No,Yes,Yes,Month-to-month,Yes,Credit card (automatic),62.04,1737.12,Yes
91357521,Female,0,No,Yes,21,Yes,No,Fiber optic,Yes,Yes,Yes,Yes,Yes,No,One year,No,Mailed check,54.94,1208.68,No
53197138,Male,0,Yes,No,46,Yes,No,No,No internet service,No internet service,No internet service,No internet service,No internet service,No internet service,One year,Yes,Mailed check,110.57,5196.79,No
77660514,Female,0,No,No,65,Yes,Yes,Fiber optic,Yes,No,Yes,No,No,Yes,Two year,Yes,Mailed check,138.42,9135.72,No
61628545,Male,1,No,No,24,Yes,No,DSL,Yes,Yes,No,No,Yes,Yes,Two year,Yes,Bank transfer (automatic),60.15,1503.75,No
66192230,Female,0,Yes,No,66,Yes,No,Fiber optic,Yes,No,No,Yes,Yes,No,Month-to-month,No,Electronic check,21.12,1415.04,No
91737749,Female,1,No,Yes,31,Yes,No,DSL,No,No,Yes,Yes,Yes,No,Month-to-month,No,Bank transfer (automatic),72.32,2314.24,No
43318046,Male,0,No,No,16,Yes,Yes,DSL,Yes,No,No,No,Yes,Yes,Month-to-month,No,Credit card (automatic),59.88,1017.96,No
46721417,Female,1,Yes,Yes,39,Yes,No,Fiber optic,No,Yes,Yes,Yes,Yes,No,Month-to-month,No,Bank transfer (automatic),114.4,4576.0,No
63401206,Male,0,Yes,No,29,Yes,No,DSL,No,No,No,Yes,No,No,Month-to-month,Yes,Bank transfer (automatic),31.56,946.8,No
56017729,Male,0,Yes,No,58,Yes,No,No,No internet service,No internet service,No internet service,No internet service,No internet service,No internet service,Two year,Yes,Mailed check,42.46,2505.14,No
49483304,Female,1,No,No,27,Yes,No,Fiber optic,Yes,No,No,No,Yes,Yes,Month-to-month,No,Mailed check,58.9,1649.2,No
70779921,Male,0,No,Yes,46,Yes,No,Fiber optic,No,No,No,Yes,No,No,One year,No,Electronic check,90.8,4272.14,No
27900864,Female,1,Yes,No,22,Yes,No,Fiber optic,Yes,No,No,Yes,Yes,No,Two year,No,Bank transfer (automatic),38.25,879.75,No
28546206,Male,1,No,No,56,Yes,No,No,No internet service,No internet service,No internet service,No internet service,No internet service,No internet service,Month-to-month,Yes,Electronic check,102.18,5824.26,No
65397759,Female,0,No,Yes,0,Yes,No,No,No internet service,No internet service,No internet service,No internet service,No internet service,No internet service,Two year,Yes,Bank transfer (automatic),55.26,55.26,No
90869462,Male,0,No,No,28,Yes,No,No,No internet service,No internet service,No internet service,No internet service,No internet service,No internet service,One year,Yes,Bank transfer (automatic),24.58,707.9,No
78759020,Female,0,Yes,No,49,Yes,Yes,Fiber optic,No,Yes,Yes,No,No,No,Two year,Yes,Electronic check,44.6,2230.0,No
50119441,Male,0,Yes,No,63,Yes,Yes,DSL,Yes,Yes,Yes,Yes,No,No,Month-to-month,Yes,Electronic check,28.99,1855.36,Yes
83525272,Male,0,Yes,No,36,Yes,No,Fiber optic,No,Yes,No,No,Yes,No,Month-to-month,Yes,Mailed check,31.25,1150.0,Yes
52132393,Male,0,No,No,60,Yes,Yes,Fiber optic,No,No,No,No,No,Yes,One year,No,Bank transfer (automatic),127.8,7795.8,No
84300459,Male,0,No,No,6,Yes,Yes,DSL,Yes,No,Yes,No,Yes,No,Two year,No,Electronic check,74.15,519.05,Yes
94903891,Male,1,No,No,63,Yes,No,DSL,Yes,Yes,No,Yes,No,No,One year,No,Electronic check,101.86,6519.04,No
39171224,Male,0,Yes,No,17,Yes,Yes,Fiber optic,No,No,No,Yes,No,Yes,One year,Yes,Electronic check,57.66,1026.35,No
36962876,Female,0,Yes,Yes,28,Yes,No,Fiber optic,Yes,No,No,No,Yes,No,Month-to-month,Yes,Electronic check,88.28,2560.12,Yes
38147161,Female,1,No,No,59,Yes,No,Fiber optic,No,Yes,No,Yes,No,Yes,Two year,No,Mailed check,45.83,2749.8,No
93774355,Female,0,No,No,53,Yes,No,Fiber optic,No,No,Yes,Yes,No,No,Month-to-month,Yes,Electronic check,121.36,6529.17,Yes
49000919,Female,0,No,No,71,No,No phone service,Fiber optic,No,Yes,No,Yes,No,No,Month-to-month,Yes,Credit card (automatic),62.41,4493.52,No
56344519,Female,0,Yes,Yes,20,Yes,Yes,DSL,No,Yes,Yes,No,Yes,Yes,Month-to-month,Yes,Credit card (automatic),44.64,939.67,No
27806897,Male,0,Yes,No,20,Yes,No,Fiber optic,Yes,No,No,Yes,Yes,Yes,Month-to-month,No,Credit card (automatic),31.71,665.91,Yes
97253117,Female,0,No,No,57,Yes,Yes,No,No internet service,No internet service,No internet service,No internet service,No internet service,No internet service,Two year,No,Credit card (automatic),35.62,2065.96,No
33865616,Male,0,No,Yes,48,Yes,No,DSL,No,Yes,Yes,Yes,No,Yes,One year,No,Mailed check,31.79,1559.3,No
77631432,Female,1,No,No,35,Yes,No,Fiber optic,Yes,Yes,Yes,Yes,Yes,No,Two year,Yes,Electronic check,121.79,4360.08,No
82811973,Female,0,No,No,16,Yes,No,DSL,Yes,No,Yes,No,Yes,No,Two year,Yes,Mailed check,63.48,1079.16,No
95480242,Male,0,No,No,52,Yes,Yes,DSL,No,Yes,No,Yes,Yes,No,Month-to-month,No,Electronic check,61.26,3246.78,No
53269298,Male,0,Yes,No,14,Yes,Yes,Fiber optic,No,No,Yes,No,Yes,No,One year,No,Electronic check,168.77,2531.55,No
25489430,Male,0,No,No,39,Yes,No,Fiber optic,No,No,Yes,No,No,Yes,Month-to-month,No,Bank transfer (automatic),115.77,4630.8,Yes
57276557,Male,1,No,No,50,Yes,No,Fiber optic,No,Yes,Yes,Yes,No,No,Two year,No,Credit card (automatic),32.41,1646.43,No
85467972,Female,0,No,No,64,Yes,No,DSL,No,Yes,Yes,Yes,No,Yes,One year,No,Credit card (automatic),110.39,7175.35,No
74474159,Male,0,Yes,No,12,Yes,No,Fiber optic,Yes,No,No,Yes,No,Yes,Month-to-month,Yes,Bank transfer (automatic),59.3,770.9,No
88222933,Female,0,Yes,Yes,37,Yes,No,DSL,No,No,No,Yes,No,Yes,Month-to-month,Yes,Mailed check,66.1,2515.1,Yes
86589761,Female,1,No,No,25,Yes,Yes,DSL,Yes,No,No,No,Yes,Yes,One year,Yes,Electronic check,52.22,1357.72,No
99544328,Female,0,Yes,Yes,14,Yes,No,DSL,Yes,Yes,No,Yes,Yes,No,Month-to-month,No,Mailed check,65.48,969.1,No
66032939,Female,0,Yes,No,4,Yes,No,No,No internet service,No internet service,No internet service,No internet service,No internet service,No internet service,Month-to-month,Yes,Credit card (automatic),51.9,259.5,No
81659221,Female,0,Yes,No,1,No,No phone service,DSL,No,No,Yes,No,Yes,No,Month-to-month,Yes,Credit card (automatic),59.82,119.64,No
48376603,Male,0,No,No,64,Yes,No,DSL,No,Yes,Yes,No,No,No,One year,No,Mailed check,57.43,3721.46,No
66691738,Male,0,No,No,59,Yes,No,Fiber optic,No,No,Yes,Yes,No,No,Month-to-month,No,Credit card (automatic),84.08,5044.8,Yes
11714029,Female,0,Yes,No,55,Yes,Yes,Fiber optic,Yes,No,No,No,Yes,No,One year,Yes,Bank transfer (automatic),85.08,4747.46,No
80159631,Female,0,No,Yes,37,Yes,No,Fiber optic,No,No,Yes,Yes,Yes,No,Month-to-month,No,Mailed check,74.08,2815.04,No
24290224,Female,0,Yes,Yes,56,Yes,No,Fiber optic,No,No,No,No,No,Yes,Month-to-month,No,Mailed check,114.45,6523.65,No
13391969,Female,0,No,No,50,Yes,Yes,Fiber optic,Yes,Yes,No,Yes,Yes,Yes,Month-to-month,Yes,Mailed check,102.02,5203.02,No
61119548,Male,0,No,No,40,Yes,Yes,DSL,Yes,Yes,Yes,Yes,Yes,No,Month-to-month,Yes,Electronic check,109.54,4491.14,Yes
29505421,Female,0,No,No,69,Yes,No,No,No internet service,No internet service,No internet service,No internet service,No internet service,No internet service,Two year,Yes,Electronic check,47.69,3328.76,No
17122263,Male,0,Yes,No,51,Yes,No,Fiber optic,Yes,No,No,Yes,No,No,Month-to-month,No,Electronic check,35.29,2221.925,No
99959993,Female,0,No,No,0,No,No phone service,DSL,Yes,No,Yes,Yes,No,No,Month-to-month,Yes,Credit card (automatic),78.38,82.3,Yes
17597364,Male,0,No,No,17,No,No phone service,Fiber optic,Yes,No,No,No,Yes,Yes,Month-to-month,No,Bank transfer (automatic),82.47,1484.46,Yes
36830448,Female,0,No,No,26,Yes,Yes,Fiber optic,No,No,Yes,Yes,No,Yes,Month-to-month,Yes,Mailed check,40.05,1083.35,Yes
45833216,Male,0,Yes,No,71,Yes,Yes,DSL,No,Yes,Yes,No,Yes,No,Month-to-month,No,Electronic check,79.95,5756.4,No
31600382,Female,0,Yes,Yes,41,Yes,No,No,No internet service,No internet service,No internet service,No internet service,No internet service,No internet service,Month-to-month,No,Electronic check,18.39,772.38,No
48468887,Male,1,No,No,5,Yes,Yes,Fiber optic,No,No,Yes,No,No,Yes,Month-to-month,No,Electronic check,59.76,358.56,No
43629729,Female,0,Yes,No,23,Yes,Yes,Fiber optic,No,Yes,No,Yes,No,Yes,One year,Yes,Mailed check,30.95,742.8,No
29653285,Female,0,Yes,No,44,No,No phone service,Fiber optic,No,Yes,No,No,No,Yes,Month-to-month,No,Bank transfer (automatic),82.48,3715.72,No
18325904,Male,0,No,Yes,70,Yes,No,DSL,Yes,Yes,No,No,Yes,Yes,Month-to-month,Yes,Mailed check,93.73,6654.83,No
49613096,Male,1,Yes,Yes,6,Yes,Yes,No,No internet service,No internet service,No internet service,No internet service,No internet service,No internet service,Month-to-month,No,Mailed check,18.0,126.0,Yes
37380537,Male,0,No,No,15,Yes,No,Fiber optic,No,No,Yes,No,No,Yes,Month-to-month,Yes,Bank transfer (automatic),18.0,288.0,No
82634888,Male,0,Yes,Yes,57,Yes,No,Fiber optic,No,Yes,Yes,Yes,No,No,Month-to-month,No,Electronic check,117.52,6816.16,Yes
14336089,Male,0,No,No,56,Yes,No,Fiber optic,Yes,Yes,Yes,Yes,No,No,One year,Yes,Mailed check,34.83,1985.31,No
58141541,Female,0,No,No,41,Yes,No,No,No internet service,No internet service,No internet service,No internet service,No internet service,No internet service,Two year,Yes,Electronic check,53.51,2247.42,No
70746206,Female,0,No,No,13,Yes,No,Fiber optic,Yes,Yes,No,Yes,No,No,Month-to-month,Yes,Credit card (automatic),38.45,538.3,Yes
23754633,Female,0,No,No,55,No,No phone service,DSL,No,No,Yes,No,No,Yes,Two year,Yes,Electronic check,104.9,5853.42,No
92692727,Male,0,Yes,Yes,11,No,No phone service,Fiber optic,Yes,Yes,Yes,Yes,Yes,Yes,One year,Yes,Electronic check,98.25,1159.35,Yes
85414925,Female,0,No,No,14,Yes,Yes,Fiber optic,No,No,Yes,No,No,Yes,Month-to-month,No,Credit card (automatic),59.69,895.35,No
40106027,Female,1,No,No,7,Yes,No,No,No internet service,No internet service,No internet service,No internet service,No internet service,No internet service,Month-to-month,Yes,Credit card (automatic),90.4,723.2,Yes
96854901,Male,0,Yes,No,57,Yes,No,Fiber optic,Yes,No,No,Yes,No,No,One year,Yes,Mailed check,78.41,4551.7,No
85332458,Male,0,No,No,52,Yes,No,DSL,No,Yes,Yes,No,Yes,Yes,One year,Yes,Electronic check,79.15,4194.95,No
62195484,Female,1,Yes,No,8,Yes,No,DSL,No,No,No,No,Yes,Yes,Month-to-month,Yes,Mailed check,88.87,799.83,No
41889524,Female,1,No,Yes,45,Yes,No,Fiber optic,Yes,Yes,No,Yes,No,No,Two year,No,Mailed check,69.74,3208.04,No
78574830,Female,1,Yes,Yes,6,Yes,No,Fiber optic,Yes,No,Yes,Yes,Yes,Yes,Month-to-month,Yes,Electronic check,54.49,381.43,Yes
48606206,Female,1,No,No,43,Yes,Yes,DSL,Yes,No,Yes,No,Yes,No,Month-to-month,Yes,Mailed check,96.73,4256.12,No
99186817,Female,1,No,No,13,Yes,Yes,Fiber optic,No,No,Yes,No,Yes,No,Month-to-month,Yes,Credit card (automatic),74.81,1047.34,Yes
16305532,Male,0,Yes,No,5,Yes,No,No,No internet service,No internet service,No internet service,No internet service,No internet service,No internet service,Month-to-month,Yes,Mailed check,69.62,417.72,No
61215153,Male,1,No,No,34,No,No phone service,DSL,No,No,Yes,No,No,No,One year,Yes,Electronic check,73.33,2566.55,No
62016704,Male,0,Yes,Yes,69,No,No phone service,Fiber optic,No,No,Yes,No,No,No,Month-to-month,Yes,Credit card (automatic),51.35,3594.5,No
65910573,Female,0,Yes,No,60,Yes,Yes,DSL,Yes,No,No,No,Yes,Yes,Month-to-month,Yes,Bank transfer (automatic),30.43,1850.14,Yes
51963706,Male,0,Yes,Yes,23,Yes,No,DSL,No,No,No,Yes,No,Yes,Month-to-month,Yes,Bank transfer (automatic),51.0,1224.0,No
84104909,Female,1,Yes,Yes,72,Yes,No,DSL,Yes,Yes,Yes,No,No,Yes,Month-to-month,No,Electronic check,76.66,5596.18,No
17221208,Female,0,Yes,No,1,Yes,No,Fiber optic,Yes,No,No,Yes,No,No,Month-to-month,No,Electronic check,67.39,134.78,No
11740164,Male,1,No,No,50,Yes,No,No,No internet service,No internet service,No internet service,No internet service,No internet service,No internet service,One year,No,Bank transfer (automatic),37.24,1899.24,No
43734435,Female,0,No,Yes,30,Yes,No,Fiber optic,Yes,Yes,No,No,Yes,No,Month-to-month,No,Bank transfer (automatic),27.69,852.85,Yes
37257905,Female,0,No,No,26,Yes,No,DSL,No,Yes,No,No,No,No,Two year,Yes,Credit card (automatic),33.48,903.96,No
93290380,Male,0,Yes,No,30,Yes,No,DSL,No,No,No,No,Yes,No,Month-to-month,Yes,Bank transfer (automatic),64.76,2007.56,Yes
69467023,Female,0,No,Yes,69,Yes,No,Fiber optic,Yes,Yes,Yes,No,Yes,Yes,One year,Yes,Electronic check,117.92,8254.4,Yes
40272606,Male,0,No,No,42,Yes,Yes,DSL,No,Yes,No,Yes,No,Yes,Month-to-month,Yes,Mailed check,33.81,1453.83,No
95065651,Female,0,Yes,No,51,Yes,No,Fiber optic,No,Yes,No,No,No,Yes,Month-to-month,Yes,Electronic check,91.39,4752.28,Yes
96923747,Male,0,No,No,13,Yes,No,DSL,No,Yes,No,No,No,Yes,Month-to-month,No,Credit card (automatic),28.09,393.26,Yes
59357377,Female,0,No,Yes,58,Yes,No,DSL,No,Yes,Yes,No,Yes,No,One year,No,Electronic check,93.04,5489.36,No
88971743,Female,0,No,No,19,Yes,No,DSL,No,Yes,No,Yes,Yes,Yes,One year,Yes,Mailed check,49.49,989.8,No
83365441,Male,0,Yes,No,51,Yes,No,Fiber optic,No,No,No,Yes,Yes,No,Month-to-month,Yes,Bank transfer (automatic),67.32,3487.18,Yes
90985229,Female,0,Yes,Yes,39,Yes,No,DSL,Yes,No,Yes,Yes,No,No,Two year,Yes,Bank transfer (automatic),91.1,3644.0,No
36369633,Female,0,No,Yes,67,Yes,No,DSL,Yes,No,Yes,No,Yes,No,Two year,Yes,Bank transfer (automatic),72.58,4935.44,No
35970823,Female,0,No,Yes,43,Yes,No,Fiber optic,No,Yes,Yes,Yes,No,No,Month-to-month,Yes,Bank transfer (automatic),77.27,3384.43,No
49483865,Female,0,Yes,Yes,5,Yes,Yes,Fiber optic,No,No,Yes,No,Yes,No,One year,No,Mailed check,72.97,437.82,No
70238919,Female,0,Yes,Yes,56,Yes,Yes,No,No internet service,No internet service,No internet service,No internet service,No internet service,No internet service,Two year,Yes,Mailed check,125.51,7154.07,No
33813700,Female,0,No,No,57,Yes,No,DSL,Yes,Yes,No,Yes,Yes,No,Month-to-month,Yes,Electronic check,31.67,1830.53,Yes
19995059,Male,0,No,No,71,Yes,No,DSL,No,Yes,No,Yes,No,Yes,Month-to-month,Yes,Mailed check,65.75,4734.0,No
35095571,Female,1,No,No,29,Yes,No,Fiber optic,Yes,No,No,Yes,No,No,Month-to-month,Yes,Bank transfer (automatic),70.3,2094.94,No
33326387,Female,1,Yes,No,51,Yes,No,DSL,No,No,No,No,No,Yes,Month-to-month,Yes,Bank transfer (automatic),43.33,2253.16,Yes
78967357,Female,0,Yes,No,10,Yes,No,Fiber optic,No,No,No,No,No,No,Month-to-month,Yes,Electronic check,93.96,1033.56,Yes
26019397,Female,0,Yes,No,46,Yes,No,DSL,Yes,Yes,Yes,Yes,No,No,Month-to-month,Yes,Bank transfer (automatic),56.92,2675.24,No
60626689,Male,0,Yes,Yes,4,Yes,Yes,No,No internet service,No internet service,No internet service,No internet service,No internet service,No internet service,Month-to-month,Yes,Electronic check,94.41,472.05,Yes
15453834,Female,0,Yes,No,2,Yes,No,DSL,No,No,Yes,Yes,No,Yes,Month-to-month,Yes,Mailed check,72.54,217.62,Yes
67513345,Male,0,No,No,14,Yes,No,Fiber optic,No,Yes,No,No,No,Yes,Month-to-month,Yes,Mailed check,59.04,885.6,Yes
47461811,Female,1,No,Yes,1,Yes,No,No,No internet service,No internet service,No internet service,No internet service,No internet service,No internet service,Month-to-month,Yes,Electronic check,121.68,243.36,Yes
84705402,Male,0,No,Yes,1,Yes,Yes,No,No internet service,No internet service,No internet service,No internet service,No internet service,No internet service,One year,Yes,Electronic check,18.0,36.0,No
45465638,Male,0,Yes,No,71,Yes,No,Fiber optic,Yes,No,Yes,No,Yes,Yes,One year,Yes,Electronic check,88.59,6382.91,No
27457234,Male,0,Yes,No,53,Yes,Yes,No,No internet service,No internet service,No internet service,No internet service,No internet service,No internet service,Two year,No,Credit card (automatic),111.98,6046.92,No
31599504,Male,0,Yes,No,45,Yes,No,Fiber optic,Yes,Yes,Yes,No,No,Yes,Two year,Yes,Electronic check,25.28,1162.88,Yes
88381281,Male,1,Yes,Yes,40,Yes,No,DSL,Yes,Yes,No,No,No,No,Month-to-month,Yes,Bank transfer (automatic),69.16,2835.56,No
44227688,Female,0,No,Yes,68,Yes,No,No,No internet service,No internet service,No internet service,No internet service,No internet service,No internet service,Month-to-month,Yes,Electronic check,84.22,5815.39,No
10757677,Female,1,Yes,No,29,Yes,Yes,Fiber optic,No,Yes,No,No,No,Yes,Two year,Yes,Bank transfer (automatic),44.03,1312.09,No
54367386,Male,0,Yes,No,43,Yes,No,DSL,Yes,No,No,No,No,Yes,Month-to-month,No,Credit card (automatic),86.92,3828.83,No
72589932,Female,1,Yes,No,9,Yes,No,Fiber optic,No,Yes,No,No,No,No,One year,No,Mailed check,112.75,1127.5,No
30777669,Female,1,Yes,No,29,Yes,No,Fiber optic,No,No,Yes,No,Yes,Yes,Month-to-month,Yes,Bank transfer (automatic),92.01,2760.3,No
15360735,Male,1,No,No,48,Yes,No,No,No internet service,No internet service,No internet service,No internet service,No internet service,No internet service,Month-to-month,No,Bank transfer (automatic),126.38,6192.62,Yes
30629718,Female,0,Yes,Yes,34,Yes,No,No,No internet service,No internet service,No internet service,No internet service,No internet service,No internet service,Two year,No,Bank transfer (automatic),38.3,1340.5,Yes
53302669,Male,0,No,No,64,Yes,No,DSL,Yes,No,No,No,No,Yes,One year,No,Electronic check,63.2,4108.0,No
90111922,Male,0,No,Yes,16,Yes,No,DSL,No,No,Yes,No,No,Yes,Month-to-month,Yes,Credit card (automatic),24.24,412.08,No
16825701,Male,0,Yes,No,30,Yes,No,Fiber optic,No,No,No,Yes,Yes,Yes,One year,No,Bank transfer (automatic),55.84,1731.04,No
93935292,Male,1,Yes,No,69,Yes,No,Fiber optic,No,No,Yes,No,Yes,Yes,Month-to-month,Yes,Electronic check,85.35,5974.5,Yes
92625597,Female,0,No,Yes,51,Yes,No,DSL,No,No,No,Yes,No,No,Two year,No,Mailed check,77.9,4050.8,No
98837400,Female,0,No,Yes,25,Yes,Yes,DSL,No,No,Yes,No,No,Yes,Month-to-month,No,Bank transfer (automatic),53.46,1379.27,No
50420315,Female,0,Yes,Yes,4,Yes,Yes,DSL,No,No,No,Yes,No,Yes,Two year,Yes,Bank transfer (automatic),66.21,331.05,No
75840632,Female,0,Yes,Yes,13,Yes,No,Fiber optic,Yes,Yes,Yes,Yes,No,No,One year,No,Electronic check,18.0,252.0,No
86863404,Male,0,Yes,No,50,Yes,No,DSL,Yes,Yes,Yes,No,No,Yes,Month-to-month,No,Bank transfer (automatic),71.14,3628.14,No
83841249,Male,0,Yes,No,14,Yes,No,DSL,No,No,Yes,Yes,No,Yes,One year,Yes,Mailed check,116.65,1749.75,No
58061434,Female,0,Yes,No,11,Yes,No,Fiber optic,Yes,Yes,No,No,Yes,Yes,Month-to-month,Yes,Bank transfer (automatic),23.67,284.04,Yes
19781894,Female,0,Yes,No,45,Yes,Yes,DSL,No,Yes,Yes,Yes,No,Yes,One year,No,Credit card (automatic),69.25,3185.5,No
52662313,Male,1,Yes,No,63,Yes,No,DSL,No,No,No,No,No,Yes,Two year,Yes,Electronic check,111.0,7104.0,No
80517332,Female,0,Yes,No,71,Yes,No,No,No internet service,No internet service,No internet service,No internet service,No internet service,No internet service,Month-to-month,No,Mailed check,39.33,2831.76,Yes
39522801,Female,1,Yes,No,58,Yes,No,Fiber optic,Yes,No,Yes,No,No,No,Month-to-month,Yes,Bank transfer (automatic),64.04,3781.56,Yes
34678492,Female,0,No,No,25,Yes,Yes,DSL,Yes,No,No,Yes,Yes,No,Two year,Yes,Credit card (automatic),104.96,2728.96,No
79874593,Male,0,No,No,28,Yes,No,No,No internet service,No internet service,No internet service,No internet service,No internet service,No internet service,Month-to-month,Yes,Bank transfer (automatic),147.94,4297.66,No
19150490,Male,0,No,No,3,No,No phone service,DSL,Yes,No,Yes,Yes,No,No,Month-to-month,No,Electronic check,77.87,311.48,No
77798790,Male,0,Yes,Yes,49,Yes,No,Fiber optic,Yes,No,No,No,Yes,No,One year,Yes,Credit card (automatic),80.38,4019.0,No
31390345,Male,0,No,No,24,Yes,No,Fiber optic,Yes,Yes,No,No,Yes,No,One year,Yes,Electronic check,34.85,871.25,No
65825346,Female,0,Yes,No,39,Yes,No,Fiber optic,No,Yes,No,No,Yes,No,Two year,No,Credit card (automatic),80.93,3237.2,No
82890984,Female,0,No,No,31,Yes,No,Fiber optic,No,Yes,Yes,Yes,No,Yes,Month-to-month,Yes,Credit card (automatic),60.53,1936.96,No
82079745,Male,0,Yes,No,36,Yes,No,DSL,No,Yes,Yes,No,No,No,Month-to-month,No,Electronic check,80.14,2965.18,Yes
64145722,Female,0,Yes,Yes,9,Yes,No,Fiber optic,Yes,Yes,Yes,No,Yes,Yes,Month-to-month,Yes,Credit card (automatic),84.48,844.8,Yes
22340723,Male,0,No,No,37,Yes,No,Fiber optic,Yes,Yes,No,No,Yes,Yes,Two year,No,Mailed check,63.12,2398.56,No
56896070,Male,0,No,No,60,Yes,No,Fiber optic,No,No,Yes,No,Yes,Yes,Month-to-month,Yes,Mailed check,108.91,6643.51,No
39688703,Male,1,No,No,26,Yes,No,Fiber optic,Yes,No,Yes,Yes,No,No,Month-to-month,Yes,Electronic check,86.42,2333.34,No
38635863,Male,0,Yes,No,6,Yes,Yes,Fiber optic,Yes,No,Yes,Yes,No,No,Month-to-month,No,Mailed check,48.32,338.24,Yes
99031246,Male,0,Yes,Yes,72,Yes,Yes,Fiber optic,No,No,No,No,Yes,No,Two year,Yes,Bank transfer (automatic),33.06,2406.77,No
54544651,Male,1,Yes,No,8,Yes,No,Fiber optic,No,Yes,No,Yes,No,Yes,Month-to-month,Yes,Mailed check,113.5,1021.5,No
54434998,Female,0,No,No,58,No,No phone service,DSL,Yes,No,No,Yes,Yes,Yes,Two year,Yes,Electronic check,103.4,6100.6,No
58425464,Female,1,No,No,35,Yes,No,No,No internet service,No internet service,No internet service,No internet service,No internet service,No internet service,One year,Yes,Mailed check,78.39,2825.96,No
49402883,Female,0,No,Yes,29,Yes,No,No,No internet service,No internet service,No internet service,No internet service,No internet service,No internet service,One year,Yes,Credit card (automatic),31.05,933.05,No
39319229,Male,1,Yes,Yes,18,Yes,No,No,No internet service,No internet service,No internet service,No internet service,No internet service,No internet service,One year,No,Credit card (automatic),61.02,1162.43,No
92984217,Female,0,No,No,40,Yes,Yes,Fiber optic,No,Yes,No,No,No,Yes,Two year,Yes,Electronic check,85.66,3494.93,No
81202356,Male,1,Yes,No,54,No,No phone service,Fiber optic,No,No,No,Yes,No,Yes,Two year,No,Mailed check,42.21,2321.55,No
73734252,Female,0,Yes,Yes,5,Yes,Yes,No,No internet service,No internet service,No internet service,No internet service,No internet service,No internet service,One year,Yes,Bank transfer (automatic),126.51,759.06,No
85341065,Male,0,No,Yes,21,Yes,No,DSL,Yes,Yes,No,No,No,Yes,Two year,No,Bank transfer (automatic),33.85,744.7,No
97147586,Female,0,No,No,69,Yes,Yes,No,No internet service,No internet service,No internet service,No internet service,No internet service,No internet service,Month-to-month,Yes,Bank transfer (automatic),34.66,2426.2,No
11181612,Male,0,Yes,No,23,No,No phone service,DSL,No,Yes,No,Yes,Yes,No,One year,Yes,Bank transfer (automatic),76.7,1840.8,No
25397719,Male,0,Yes,Yes,61,No,No phone service,DSL,Yes,Yes,Yes,No,No,Yes,Two year,Yes,Mailed check,107.82,6684.84,Yes
99783401,Female,0,Yes,No,41,Yes,No,DSL,No,No,Yes,No,No,No,Month-to-month,No,Electronic check,18.0,756.0,No
56440312,Female,1,Yes,No,21,Yes,No,Fiber optic,No,Yes,No,No,No,No,Two year,Yes,Mailed check,44.64,982.08,No
69816445,Male,0,Yes,No,15,Yes,No,DSL,No,No,Yes,Yes,Yes,No,Month-to-month,No,Electronic check,18.0,284.4,No
42258945,Female,1,Yes,No,12,Yes,No,DSL,Yes,Yes,No,Yes,Yes,No,Month-to-month,No,Bank transfer (automatic),109.29,1426.23,Yes
96203262,Female,0,Yes,No,36,No,No phone service,Fiber optic,Yes,Yes,No,No,No,Yes,Month-to-month,Yes,Credit card (automatic),44.75,1655.75,Yes
92369566,Male,1,No,No,51,Yes,Yes,Fiber optic,No,Yes,No,No,No,No,Month-to-month,No,Credit card (automatic),119.92,6235.84,Yes
93366885,Male,1,No,No,23,Yes,No,No,No internet service,No internet service,No internet service,No internet service,No internet service,No internet service,Two year,Yes,Credit card (automatic),18.65,447.6,No
42725927,Male,0,No,No,16,Yes,No,DSL,No,Yes,No,Yes,No,Yes,Month-to-month,Yes,Electronic check,37.96,645.32,No
15352233,Female,1,No,No,15,Yes,No,DSL,No,No,Yes,Yes,Yes,Yes,Month-to-month,Yes,Bank transfer (automatic),58.92,942.72,No
53075436,Female,1,No,Yes,0,Yes,Yes,DSL,No,No,Yes,Yes,No,No,One year,No,Bank transfer (automatic),83.64,87.82,No
61186964,Male,0,Yes,No,0,Yes,No,Fiber optic,Yes,Yes,Yes,Yes,No,No,Month-to-month,Yes,Credit card (automatic),71.52,71.52,Yes
25216804,Male,0,Yes,No,29,Yes,No,Fiber optic,No,Yes,Yes,No,Yes,No,Month-to-month,Yes,Electronic check,50.41,1512.3,No
61791391,Male,0,No,No,23,Yes,Yes,DSL,No,Yes,Yes,No,Yes,No,One year,No,Credit card (automatic),18.0,432.0,No
44439001,Female,0,No,No,45,Yes,Yes,Fiber optic,Yes,Yes,Yes,No,No,No,Month-to-month,No,Mailed check,61.58,2832.68,No
82509424,Female,0,No,No,1,Yes,No,No,No internet service,No internet service,No internet service,No internet service,No internet service,No internet service,Two year,Yes,Mailed check,64.0,128.0,Yes
47960665,Female,0,No,Yes,14,Yes,Yes,DSL,Yes,No,Yes,Yes,Yes,No,One year,Yes,Mailed check,55.27,829.05,No
13315946,Female,0,Yes,Yes,28,Yes,No,Fiber optic,No,No,Yes,No,No,No,Month-to-month,Yes,Electronic check,110.07,3197.53,No
79372824,Female,0,Yes,Yes,61,Yes,No,DSL,Yes,Yes,Yes,No,No,Yes,Two year,Yes,Bank transfer (automatic),62.08,3848.96,No
60326016,Female,1,Yes,No,12,Yes,No,DSL,No,No,No,Yes,Yes,Yes,Month-to-month,Yes,Electronic check,113.38,1473.94,No
79029393,Male,1,Yes,No,64,Yes,No,DSL,Yes,No,No,Yes,No,Yes,One year,Yes,Credit card (automatic),85.11,5532.15,No
78281335,Female,0,Yes,No,44,Yes,No,Fiber optic,Yes,Yes,Yes,No,Yes,Yes,One year,Yes,Electronic check,86.55,3894.75,No
69801634,Male,0,Yes,No,46,No,No phone service,Fiber optic,No,No,No,No,No,No,Month-to-month,Yes,Credit card (automatic),95.63,4494.61,Yes
75337822,Male,0,Yes,No,15,Yes,No,No,No internet service,No internet service,No internet service,No internet service,No internet service,No internet service,Month-to-month,No,Credit card (automatic),80.91,1294.56,No
15885670,Male,0,Yes,No,2,Yes,No,No,No internet service,No internet service,No internet service,No internet service,No internet service,No internet service,One year,No,Electronic check,58.19,162.93,No
49786693,Female,0,Yes,Yes,69,Yes,No,Fiber optic,Yes,No,Yes,No,Yes,Yes,One year,Yes,Electronic check,84.46,5912.2,No
97446634,Male,0,Yes,Yes,4,Yes,No,DSL,No,Yes,No,No,Yes,Yes,Month-to-month,Yes,Credit card (automatic),96.03,484.95,No
35838575,Male,0,Yes,Yes,25,Yes,Yes,No,No internet service,No internet service,No internet service,No internet service,No internet service,No internet service,Month-to-month,Yes,Credit card (automatic),85.32,2218.32,No
52991650,Male,0,Yes,No,14,Yes,No,Fiber optic,No,No,Yes,Yes,No,No,Month-to-month,No,Bank transfer (automatic),25.54,383.1,No
78973779,Male,0,No,Yes,72,Yes,No,Fiber optic,Yes,No,No,Yes,No,No,Month-to-month,No,Electronic check,94.29,6883.17,Yes
21052218,Male,0,No,Yes,54,No,No phone service,DSL,Yes,No,Yes,Yes,Yes,No,One year,Yes,Mailed check,92.27,5074.85,Yes
22879054,Male,1,Yes,No,21,Yes,No,Fiber optic,No,No,No,No,No,Yes,Month-to-month,Yes,Credit card (automatic),95.35,2097.7,No
32467350,Female,0,Yes,No,36,Yes,No,No,No internet service,No internet service,No internet service,No internet service,No internet service,No internet service,Month-to-month,Yes,Electronic check,60.55,2240.35,Yes
82205759,Male,0,No,No,28,Yes,No,Fiber optic,Yes,No,No,No,Yes,No,One year,No,Mailed check,47.74,1384.46,No
81565674,Female,1,No,No,25,Yes,No,Fiber optic,No,Yes,Yes,No,No,Yes,Month-to-month,Yes,Credit card (automatic),68.82,1789.32,Yes
10983894,Male,0,No,Yes,69,Yes,No,Fiber optic,Yes,No,Yes,Yes,No,No,Two year,No,Bank transfer (automatic),98.17,6852.27,No
94145533,Female,0,Yes,Yes,10,Yes,Yes,Fiber optic,Yes,No,Yes,No,No,Yes,One year,Yes,Mailed check,26.6,287.28,No
18787479,Female,0,No,Yes,19,Yes,No,No,No internet service,No internet service,No internet service,No internet service,No internet service,No internet service,Month-to-month,Yes,Credit card (automatic),71.01,1420.2,No
38290610,Male,0,No,Yes,69,Yes,Yes,Fiber optic,Yes,No,Yes,No,Yes,No,Month-to-month,Yes,Mailed check,18.0,1260.0,No
99970857,Male,1,No,No,32,Yes,Yes,No,No internet service,No internet service,No internet service,No internet service,No internet service,No internet service,Month-to-month,No,Credit card (automatic),27.57,909.81,Yes
94492003,Female,0,Yes,No,29,Yes,Yes,No,No internet service,No internet service,No internet service,No internet service,No internet service,No internet service,Month-to-month,Yes,Bank transfer (automatic),102.61,3078.3,No
38611881,Female,0,No,No,49,Yes,Yes,Fiber optic,No,Yes,Yes,Yes,No,Yes,Month-to-month,No,Electronic check,77.95,3881.91,Yes
66936428,Male,0,No,No,33,Yes,No,DSL,No,No,No,No,No,No,Month-to-month,Yes,Credit card (automatic),36.34,1235.56,No
23948820,Female,0,No,No,4,Yes,No,DSL,Yes,No,Yes,No,Yes,No,Month-to-month,No,Credit card (automatic),89.22,446.1,Yes
37592422,Male,1,Yes,Yes,11,Yes,No,No,No internet service,No internet service,No internet service,No internet service,No internet service,No internet service,Month-to-month,Yes,Electronic check,51.56,618.72,Yes
82176148,Female,0,No,Yes,51,No,No phone service,DSL,No,Yes,No,No,Yes,No,One year,Yes,Electronic check,82.55,4296.73,Yes
68416623,Male,0,Yes,No,50,No,No phone service,Fiber optic,Yes,No,No,Yes,No,Yes,Two year,No,Credit card (automatic),83.15,4240.65,No
96779969,Male,0,Yes,No,20,Yes,Yes,Fiber optic,No,Yes,Yes,No,No,No,Month-to-month,Yes,Mailed check,90.12,1892.52,No
19679848,Female,0,No,No,70,Yes,Yes,DSL,Yes,No,Yes,No,Yes,Yes,Month-to-month,Yes,Credit card (automatic),97.1,6894.1,No
30636590,Female,0,Yes,No,57,Yes,No,Fiber optic,No,Yes,No,No,Yes,Yes,Two year,No,Electronic check,64.02,3713.16,No
13188066,Female,0,No,Yes,63,Yes,No,Fiber optic,No,No,Yes,Yes,Yes,Yes,Month-to-month,Yes,Electronic check,63.14,4040.96,No
71636167,Male,0,No,No,5,Yes,No,DSL,Yes,Yes,Yes,Yes,No,Yes,Month-to-month,Yes,Electronic check,110.31,661.86,No
54522084,Male,0,Yes,Yes,48,Yes,Yes,Fiber optic,No,No,No,No,Yes,Yes,Month-to-month,No,Electronic check,43.68,2140.32,No
15085015,Male,0,No,No,71,Yes,Yes,Fiber optic,No,No,Yes,Yes,Yes,Yes,Two year,No,Bank transfer (automatic),85.38,6147.36,No
21746856,Female,0,No,No,36,Yes,Yes,Fiber optic,No,No,Yes,No,Yes,No,Month-to-month,Yes,Electronic check,50.11,1854.07,No
19831184,Female,0,Yes,Yes,9,Yes,Yes,DSL,No,Yes,No,Yes,No,Yes,Two year,No,Bank transfer (automatic),71.53,715.3,No
17283737,Female,0,No,Yes,65,Yes,No,No,No internet service,No internet service,No internet service,No internet service,No internet service,No internet service,Month-to-month,No,Electronic check,123.15,8127.9,Yes
33889703,Female,1,Yes,Yes,55,Yes,No,Fiber optic,No,Yes,No,No,Yes,Yes,Two year,Yes,Credit card (automatic),33.03,1849.68,No
43810519,Male,0,Yes,Yes,70,Yes,Yes,Fiber optic,No,No,No,No,No,No,One year,Yes,Electronic check,26.97,1914.87,No
84904794,Male,0,Yes,No,65,Yes,No,Fiber optic,No,Yes,Yes,No,No,No,One year,Yes,Credit card (automatic),112.32,7413.12,Yes
19454577,Male,0,Yes,No,44,Yes,No,No,No internet service,No internet service,No internet service,No internet service,No internet service,No internet service,Month-to-month,Yes,Bank transfer (automatic),77.23,3475.35,No
87170132,Female,1,Yes,No,67,Yes,No,Fiber optic,No,Yes,Yes,Yes,No,No,Month-to-month,No,Mailed check,48.87,3313.39,Yes
40554079,Male,0,No,No,63,Yes,Yes,Fiber optic,No,Yes,No,No,No,No,Month-to-month,Yes,Electronic check,66.16,4234.24,No
44715141,Male,0,No,Yes,15,Yes,No,Fiber optic,No,Yes,No,Yes,Yes,No,Month-to-month,No,Electronic check,64.0,1024.0,Yes
64711545,Male,1,No,Yes,9,Yes,No,DSL,No,Yes,Yes,No,No,No,One year,No,Mailed check,61.51,615.1,No
62080854,Male,1,Yes,Yes,20,Yes,No,DSL,Yes,No,No,No,No,Yes,One year,No,Electronic check,110.63,2328.76,No
70549061,Female,0,No,Yes,11,Yes,No,DSL,No,Yes,No,Yes,No,Yes,Month-to-month,Yes,Electronic check,42.7,512.4,Yes
94586329,Female,0,Yes,No,12,Yes,Yes,DSL,Yes,Yes,No,No,Yes,Yes,Two year,No,Electronic check,63.36,823.68,No
64284094,Male,0,Yes,Yes,9,Yes,No,Fiber optic,Yes,No,Yes,Yes,No,No,Month-to-month,No,Bank transfer (automatic),37.71,377.1,Yes
68119636,Female,0,Yes,No,12,Yes,No,DSL,No,Yes,Yes,No,No,Yes,Month-to-month,Yes,Electronic check,63.71,2221.925,Yes
52467059,Female,1,Yes,No,33,Yes,Yes,No,No internet service,No internet service,No internet service,No internet service,No internet service,No internet service,Two year,Yes,Credit card (automatic),50.37,1712.58,No
12267067,Male,0,Yes,No,58,Yes,No,No,No internet service,No internet service,No internet service,No internet service,No internet service,No internet service,Month-to-month,Yes,Electronic check,79.44,4671.07,No
62278055,Male,1,No,No,48,Yes,No,Fiber optic,Yes,Yes,No,No,Yes,Yes,Month-to-month,Yes,Electronic check,65.65,3216.85,Yes
25878730,Male,0,No,No,5,Yes,No,Fiber optic,No,No,No,Yes,No,Yes,Month-to-month,Yes,Credit card (automatic),87.5,525.0,No
81784254,Female,0,Yes,No,11,Yes,No,DSL,No,No,No,Yes,No,No,Two year,No,Electronic check,110.28,1323.36,Yes
10791740,Female,0,Yes,No,28,Yes,No,Fiber optic,Yes,Yes,No,Yes,Yes,Yes,Month-to-month,No,Credit card (automatic),34.78,1008.62,Yes
96090303,Male,0,Yes,Yes,25,Yes,Yes,Fiber optic,Yes,No,No,Yes,Yes,No,One year,Yes,Credit card (automatic),74.34,1932.84,Yes
92993446,Male,0,No,No,67,Yes,No,DSL,No,No,Yes,Yes,Yes,No,Two year,Yes,Credit card (automatic),22.47,1527.96,No
18487605,Male,0,No,Yes,15,No,No phone service,DSL,No,No,No,No,Yes,Yes,Two year,No,Mailed check,71.61,1131.44,No
88598977,Male,0,No,No,52,Yes,No,Fiber optic,No,No,Yes,No,Yes,No,Month-to-month,Yes,Bank transfer (automatic),86.52,4585.56,Yes
16109168,Male,0,No,No,18,Yes,No,Fiber optic,No,Yes,No,No,No,Yes,Month-to-month,Yes,Mailed check,60.16,1131.01,Yes
19742790,Male,0,Yes,Yes,46,Yes,No,Fiber optic,Yes,No,Yes,No,No,No,Two year,No,Credit card (automatic),81.77,3843.19,No
58009699,Female,0,No,Yes,31,Yes,No,No,No internet service,No internet service,No internet service,No internet service,No internet service,No internet service,Month-to-month,Yes,Bank transfer (automatic),79.54,2545.28,No
77489633,Male,0,Yes,Yes,69,No,No phone service,Fiber optic,Yes,Yes,No,No,Yes,Yes,Month-to-month,Yes,Bank transfer (automatic),87.48,6127.97,Yes
24245271,Male,0,Yes,No,69,Yes,No,DSL,No,Yes,Yes,Yes,Yes,No,One year,Yes,Mailed check,33.93,2375.1,No
48901209,Male,0,No,No,60,Yes,No,Fiber optic,No,No,No,No,No,No,One year,Yes,Electronic check,102.59,6257.99,Yes
50446607,Female,0,Yes,No,4,Yes,No,Fiber optic,Yes,No,Yes,Yes,No,Yes,Month-to-month,No,Bank transfer (automatic),60.39,301.95,No
91411889,Male,0,No,No,58,No,No phone service,Fiber optic,Yes,No,No,Yes,No,Yes,Two year,Yes,Electronic check,20.4,1199.52,No
21610534,Female,0,Yes,Yes,1,Yes,Yes,No,No internet service,No internet service,No internet service,No internet service,No internet service,No internet service,Two year,Yes,Mailed check,42.45,76.41,Yes
47784631,Male,0,No,No,1,Yes,No,DSL,Yes,Yes,No,Yes,No,No,Month-to-month,Yes,Bank transfer (automatic),32.24,66.09,No
68743898,Female,1,Yes,No,2,Yes,Yes,DSL,No,Yes,Yes,No,No,No,Month-to-month,Yes,Credit card (automatic),53.91,150.95,Yes
61192463,Male,0,Yes,No,69,Yes,Yes,Fiber optic,No,No,No,Yes,No,No,Month-to-month,No,Bank transfer (automatic),44.2,3094.0,No
63031203,Female,0,No,No,42,Yes,No,DSL,Yes,Yes,No,Yes,Yes,No,Two year,Yes,Mailed check,24.08,1035.44,No
98680762,Female,0,No,No,4,Yes,No,Fiber optic,Yes,Yes,Yes,Yes,Yes,No,One year,No,Electronic check,19.83,99.15,No
14136476,Female,1,No,Yes,49,Yes,No,Fiber optic,Yes,No,Yes,Yes,Yes,No,Month-to-month,Yes,Bank transfer (automatic),69.29,3467.96,No
73617549,Male,0,No,No,9,Yes,No,DSL,No,No,No,No,Yes,Yes,One year,Yes,Credit card (automatic),112.65,1126.5,No
30981381,Female,0,No,Yes,26,Yes,Yes,Fiber optic,No,Yes,No,No,Yes,No,Two year,Yes,Credit card (automatic),74.04,1999.08,Yes
81600831,Female,0,No,No,23,Yes,No,Fiber optic,No,No,No,Yes,Yes,No,One year,No,Electronic check,52.15,1251.6,No
39509878,Male,0,Yes,Yes,21,Yes,No,DSL,Yes,Yes,No,Yes,Yes,Yes,Month-to-month,Yes,Mailed check,38.21,840.62,No
28304809,Female,1,Yes,No,2,Yes,No,Fiber optic,Yes,No,Yes,No,No,Yes,Month-to-month,Yes,Mailed check,31.64,94.92,Yes
62478133,Male,0,Yes,No,15,No,No phone service,Fiber optic,Yes,Yes,No,No,Yes,Yes,Month-to-month,Yes,Credit card (automatic),62.12,993.92,Yes
83245898,Male,0,No,No,29,Yes,No,Fiber optic,No,No,Yes,No,No,Yes,Month-to-month,Yes,Mailed check,64.04,1921.2,No
49591339,Male,1,Yes,No,42,Yes,Yes,Fiber optic,Yes,Yes,Yes,No,No,No,Month-to-month,No,Credit card (automatic),86.55,3725.98,No
95100169,Female,0,No,No,3,Yes,No,Fiber optic,No,No,Yes,No,No,No,Month-to-month,Yes,Electronic check,59.29,237.16,No
29337491,Male,0,No,No,39,Yes,Yes,DSL,Yes,No,Yes,Yes,No,Yes,Month-to-month,Yes,Electronic check,111.66,4466.4,Yes
50004466,Female,0,No,Yes,15,Yes,Yes,Fiber optic,No,No,No,No,No,No,One year,Yes,Electronic check,31.17,498.72,No
96965116,Female,0,Yes,No,71,Yes,No,Fiber optic,No,No,No,Yes,Yes,No,Month-to-month,No,Mailed check,36.27,2611.44,Yes
60080729,Female,0,Yes,No,15,Yes,No,Fiber optic,No,Yes,No,No,Yes,Yes,Month-to-month,Yes,Credit card (automatic),82.31,1300.5,No
11496555,Male,0,No,No,65,Yes,No,DSL,No,No,Yes,No,No,Yes,Two year,Yes,Mailed check,55.33,3651.78,No
84292758,Female,0,Yes,No,54,Yes,No,DSL,No,No,No,Yes,No,No,One year,Yes,Bank transfer (automatic),53.21,2926.55,No
84500200,Male,0,Yes,Yes,19,No,No phone service,No,No internet service,No internet service,No internet service,No internet service,No internet service,No internet service,Month-to-month,Yes,Credit card (automatic),46.53,930.6,Yes
28974879,Male,1,Yes,Yes,50,Yes,No,Fiber optic,Yes,Yes,Yes,Yes,Yes,No,Two year,Yes,Mailed check,28.44,1451.86,No
26540343,Female,0,Yes,No,56,Yes,Yes,Fiber optic,Yes,No,Yes,No,Yes,Yes,Month-to-month,No,Credit card (automatic),18.0,1026.0,No
15606696,Female,0,Yes,No,50,Yes,Yes,Fiber optic,No,Yes,No,No,Yes,Yes,Month-to-month,Yes,Electronic check,49.86,2542.86,No
10675093,Male,0,No,No,17,Yes,Yes,Fiber optic,Yes,No,Yes,No,No,Yes,Month-to-month,No,Electronic check,35.92,646.56,Yes
86868988,Male,0,Yes,No,58,Yes,No,DSL,No,No,Yes,No,No,No,One year,No,Credit card (automatic),78.88,4653.92,No
90081663,Male,0,No,No,27,Yes,No,DSL,No,Yes,Yes,Yes,Yes,Yes,Two year,Yes,Electronic check,68.33,2221.925,No
62892750,Female,0,Yes,No,68,Yes,No,DSL,No,No,Yes,No,No,Yes,Month-to-month,Yes,Credit card (automatic),50.56,3491.17,Yes
82095327,Female,0,No,No,27,Yes,Yes,Fiber optic,No,Yes,Yes,No,Yes,No,Month-to-month,Yes,Credit card (automatic),54.64,1529.92,Yes
83487621,Female,0,No,Yes,12,Yes,Yes,No,No internet service,No internet service,No internet service,No internet service,No internet service,No internet service,Month-to-month,No,Bank transfer (automatic),102.76,1335.88,Yes
21425533,Female,1,Yes,No,5,No,No phone service,Fiber optic,Yes,Yes,Yes,No,Yes,Yes,One year,Yes,Electronic check,45.42,272.52,Yes
50894954,Female,0,Yes,No,28,Yes,No,Fiber optic,No,No,No,Yes,Yes,No,Two year,Yes,Mailed check,98.16,2846.64,No
38192821,Male,1,Yes,No,8,Yes,No,DSL,No,Yes,Yes,No,No,No,Month-to-month,Yes,Electronic check,110.6,995.4,Yes
56150987,Female,0,No,No,28,Yes,Yes,No,No internet service,No internet service,No internet service,No internet service,No internet service,No internet service,Month-to-month,No,Electronic check,78.75,2283.75,No
38418851,Female,1,No,Yes,37,Yes,No,Fiber optic,No,No,No,No,No,Yes,Month-to-month,Yes,Electronic check,58.55,2227.83,No
65385548,Male,0,No,No,64,Yes,No,Fiber optic,Yes,No,Yes,No,No,Yes,Month-to-month,Yes,Electronic check,64.06,4163.9,Yes
96695458,Male,0,Yes,No,55,Yes,Yes,Fiber optic,No,Yes,No,Yes,No,No,Month-to-month,Yes,Bank transfer (automatic),93.09,5213.04,No
78793658,Female,0,Yes,No,29,Yes,Yes,Fiber optic,No,Yes,Yes,Yes,No,No,One year,Yes,Credit card (automatic),59.73,2221.925,No
29120002,Male,0,Yes,No,58,Yes,No,DSL,No,Yes,Yes,Yes,No,No,Month-to-month,No,Credit card (automatic),141.74,8334.31,No
31602928,Female,0,Yes,No,57,Yes,No,DSL,Yes,No,Yes,No,Yes,No,One year,Yes,Mailed check,46.3,2685.4,No
34695085,Female,0,No,No,9,Yes,No,DSL,Yes,No,Yes,No,Yes,No,Month-to-month,No,Electronic check,90.96,891.41,Yes
39633659,Female,0,Yes,No,20,Yes,Yes,Fiber optic,No,No,Yes,Yes,Yes,No,Month-to-month,Yes,Credit card (automatic),98.24,2067.95,No
92796892,Male,0,No,No,55,Yes,No,No,No internet service,No internet service,No internet service,No internet service,No internet service,No internet service,Month-to-month,No,Electronic check,20.75,2221.925,Yes
43922427,Female,0,No,No,25,Yes,Yes,DSL,No,No,No,No,Yes,No,Month-to-month,Yes,Electronic check,76.27,1983.02,No
36082023,Female,0,No,No,14,Yes,Yes,Fiber optic,No,Yes,Yes,No,Yes,No,Month-to-month,Yes,Electronic check,60.82,912.3,No
25384377,Female,0,Yes,Yes,34,Yes,Yes,DSL,Yes,No,No,Yes,No,No,Month-to-month,Yes,Electronic check,60.38,2116.32,No
34341456,Male,1,No,Yes,14,Yes,No,DSL,No,No,Yes,Yes,Yes,Yes,Two year,Yes,Mailed check,99.98,1499.7,No
86140729,Female,0,No,No,5,Yes,No,Fiber optic,Yes,Yes,Yes,No,Yes,Yes,Month-to-month,No,Bank transfer (automatic),63.46,380.76,Yes
17299874,Female,1,No,No,27,Yes,Yes,Fiber optic,Yes,Yes,Yes,No,Yes,Yes,Month-to-month,Yes,Bank transfer (automatic),113.13,3167.64,Yes
83665549,Female,0,No,No,62,Yes,No,DSL,No,No,No,No,Yes,No,Month-to-month,No,Bank transfer (automatic),32.25,2025.3,No
71909967,Female,0,No,Yes,28,Yes,No,Fiber optic,Yes,No,No,No,Yes,Yes,Month-to-month,Yes,Credit card (automatic),34.96,1013.84,No
96526748,Male,0,No,No,47,Yes,Yes,DSL,No,Yes,Yes,Yes,Yes,Yes,Month-to-month,Yes,Bank transfer (automatic),60.72,2914.56,No
83774735,Male,0,Yes,No,62,Yes,No,Fiber optic,No,No,Yes,No,No,No,Month-to-month,No,Electronic check,51.29,3231.27,No
19817298,Female,0,No,No,57,Yes,No,Fiber optic,No,No,Yes,No,Yes,No,Month-to-month,Yes,Mailed check,45.21,2622.18,No
49010740,Female,0,No,No,20,Yes,No,DSL,No,No,No,Yes,Yes,No,Two year,Yes,Bank transfer (automatic),18.0,378.0,No
19041276,Female,0,No,No,21,Yes,No,Fiber optic,Yes,No,Yes,No,No,Yes,Month-to-month,No,Mailed check,101.21,2226.62,No
43646722,Female,0,No,No,26,Yes,No,DSL,Yes,Yes,No,No,Yes,No,Month-to-month,No,Bank transfer (automatic),80.93,2185.11,No
23180503,Female,0,Yes,Yes,56,Yes,Yes,DSL,Yes,No,No,Yes,Yes,No,Month-to-month,No,Electronic check,85.42,4868.94,No
36496940,Male,0,No,No,9,Yes,No,DSL,No,Yes,No,No,Yes,No,One year,Yes,Electronic check,46.79,467.9,No
87926229,Male,0,No,Yes,21,Yes,Yes,Fiber optic,No,Yes,No,Yes,No,No,Month-to-month,Yes,Mailed check,86.48,1902.56,No
75389589,Male,0,Yes,No,43,Yes,No,DSL,Yes,No,No,Yes,No,No,One year,Yes,Electronic check,135.25,5951.0,No
54406060,Male,0,Yes,Yes,27,Yes,No,Fiber optic,Yes,Yes,No,Yes,Yes,No,Month-to-month,No,Mailed check,87.39,2446.92,No
57934299,Male,0,No,No,49,Yes,Yes,DSL,No,No,Yes,Yes,No,No,Month-to-month,No,Mailed check,70.14,3507.0,Yes
27208745,Male,0,Yes,Yes,50,No,No phone service,DSL,No,Yes,No,No,No,No,One year,Yes,Electronic check,73.06,3729.71,No
97976094,Female,0,Yes,No,0,Yes,No,No,No internet service,No internet service,No internet service,No internet service,No internet service,No internet service,One year,No,Electronic check,106.98,106.98,No
41478466,Male,0,Yes,Yes,33,Yes,No,Fiber optic,No,No,No,No,No,Yes,One year,No,Electronic check,35.52,1207.68,No
23427820,Female,0,No,No,34,Yes,No,DSL,No,Yes,No,No,No,Yes,Month-to-month,No,Mailed check,66.68,2333.8,No
48270459,Female,0,Yes,No,60,Yes,No,Fiber optic,No,No,Yes,Yes,No,No,Month-to-month,Yes,Mailed check,71.0,4331.0,No
93150000,Male,0,Yes,No,29,Yes,No,Fiber optic,Yes,Yes,Yes,No,No,Yes,Month-to-month,Yes,Electronic check,81.2,2436.0,Yes
19369589,Female,0,No,Yes,67,Yes,Yes,DSL,No,No,No,No,Yes,No,Month-to-month,No,Credit card (automatic),48.09,3270.12,No
35970938,Female,0,No,No,39,Yes,No,Fiber optic,No,Yes,Yes,No,Yes,Yes,One year,Yes,Bank transfer (automatic),18.0,720.0,No
52652506,Male,0,No,Yes,64,Yes,Yes,No,No internet service,No internet service,No internet service,No internet service,No internet service,No internet service,Month-to-month,No,Bank transfer (automatic),71.77,4650.7,No
75211190,Female,0,Yes,No,36,Yes,Yes,Fiber optic,No,No,No,No,Yes,No,Month-to-month,Yes,Electronic check,140.99,5216.63,Yes
70484679,Female,1,No,No,63,Yes,No,Fiber optic,Yes,Yes,No,No,Yes,No,Month-to-month,Yes,Electronic check,82.82,5300.48,No
54069864,Male,0,Yes,No,0,Yes,No,Fiber optic,No,No,No,No,No,No,Month-to-month,Yes,Mailed check,35.02,35.02,Yes
92724080,Male,0,No,Yes,14,Yes,No,Fiber optic,No,No,Yes,No,No,Yes,One year,No,Credit card (automatic),55.15,827.25,No
98506156,Male,0,No,No,12,Yes,No,Fiber optic,No,Yes,No,No,Yes,Yes,Month-to-month,Yes,Credit card (automatic),61.96,805.48,Yes
51027069,Female,0,Yes,No,28,Yes,No,Fiber optic,No,No,No,No,Yes,Yes,Two year,No,Bank transfer (automatic),117.39,3404.31,Yes
88405961,Female,1,No,Yes,54,No,No phone service,Fiber optic,No,No,Yes,Yes,No,No,Month-to-month,Yes,Bank transfer (automatic),66.05,3632.75,Yes
30454105,Male,0,Yes,No,44,Yes,No,DSL,No,No,Yes,No,Yes,No,Month-to-month,No,Bank transfer (automatic),102.91,4630.95,Yes
85907105,Male,1,No,No,3,Yes,No,Fiber optic,No,Yes,Yes,No,No,No,Month-to-month,Yes,Electronic check,75.95,303.8,No
86082915,Male,0,Yes,No,63,Yes,No,Fiber optic,No,No,Yes,No,No,No,Month-to-month,No,Credit card (automatic),72.45,4636.8,No
58921480,Female,0,No,No,14,Yes,No,DSL,No,Yes,Yes,Yes,No,No,One year,No,Credit card (automatic),39.9,598.5,No
52457517,Female,0,Yes,No,47,Yes,No,Fiber optic,No,Yes,No,No,No,Yes,Two year,No,Bank transfer (automatic),93.89,4506.72,No
67486445,Male,0,Yes,No,55,Yes,No,No,No internet service,No internet service,No internet service,No internet service,No internet service,No internet service,Month-to-month,No,Mailed check,53.7,3007.2,No
32634412,Female,0,No,No,69,Yes,No,No,No internet service,No internet service,No internet service,No internet service,No internet service,No internet service,Month-to-month,Yes,Credit card (automatic),103.78,7264.6,No
10648524,Male,0,No,Yes,14,Yes,Yes,Fiber optic,No,No,No,No,Yes,No,Two year,Yes,Electronic check,70.84,1062.6,No
52038976,Female,0,No,Yes,38,Yes,No,DSL,Yes,Yes,No,No,Yes,Yes,One year,No,Bank transfer (automatic),67.19,2620.41,No
43041067,Male,1,Yes,No,68,Yes,Yes,Fiber optic,Yes,No,Yes,Yes,Yes,Yes,Month-to-month,Yes,Credit card (automatic),47.78,3296.82,Yes
39732676,Male,0,Yes,Yes,59,Yes,Yes,DSL,Yes,No,Yes,No,No,Yes,Month-to-month,No,Electronic check,55.95,3357.0,No
96011893,Male,0,No,No,43,Yes,No,Fiber optic,No,No,No,Yes,Yes,Yes,Two year,Yes,Mailed check,56.22,2473.68,No
68535581,Female,0,No,Yes,42,Yes,No,Fiber optic,Yes,No,No,Yes,No,No,One year,No,Electronic check,71.36,3068.48,Yes
47135338,Male,0,Yes,Yes,3,No,No phone service,No,No internet service,No internet service,No internet service,No internet service,No internet service,No internet service,One year,No,Credit card (automatic),117.58,476.2,No
58249394,Male,0,No,No,49,Yes,No,No,No internet service,No internet service,No internet service,No internet service,No internet service,No internet service,Two year,No,Credit card (automatic),26.71,1335.5,No
28026223,Female,0,Yes,Yes,38,Yes,No,DSL,Yes,No,No,Yes,Yes,Yes,Month-to-month,Yes,Electronic check,73.95,2869.26,Yes
54501625,Male,0,Yes,No,53,Yes,Yes,DSL,Yes,No,No,Yes,No,Yes,Month-to-month,Yes,Electronic check,123.27,6656.58,Yes
74418331,Male,0,Yes,No,22,Yes,Yes,No,No internet service,No internet service,No internet service,No internet service,No internet service,No internet service,Month-to-month,No,Credit card (automatic),34.65,790.02,No
72122457,Male,0,No,No,59,Yes,No,No,No internet service,No internet service,No internet service,No internet service,No internet service,No internet service,Month-to-month,No,Mailed check,57.56,3456.48,No
69774935,Male,0,No,No,34,Yes,Yes,Fiber optic,No,Yes,No,Yes,Yes,No,Month-to-month,Yes,Electronic check,95.78,3357.09,Yes
58149482,Female,1,No,No,53,Yes,No,Fiber optic,Yes,No,Yes,No,No,Yes,Month-to-month,Yes,Electronic check,33.78,1824.12,No
50999730,Female,0,No,Yes,57,Yes,No,Fiber optic,Yes,No,Yes,No,Yes,No,Month-to-month,Yes,Credit card (automatic),115.47,6697.26,No
75360192,Female,0,Yes,No,61,Yes,Yes,Fiber optic,Yes,Yes,Yes,Yes,No,No,Two year,No,Mailed check,107.73,6679.26,No
84044139,Male,0,No,No,47,Yes,Yes,DSL,Yes,No,Yes,No,No,No,Month-to-month,Yes,Credit card (automatic),78.07,3747.36,No
24607269,Male,0,No,No,6,Yes,No,Fiber optic,No,Yes,No,No,Yes,No,One year,Yes,Bank transfer (automatic),18.0,126.0,No
33591471,Male,0,No,No,44,Yes,No,Fiber optic,No,No,No,No,No,Yes,One year,No,Bank transfer (automatic),55.53,2498.85,No
96644469,Female,0,Yes,Yes,12,Yes,Yes,DSL,No,No,Yes,Yes,No,No,Month-to-month,Yes,Electronic check,99.74,1296.62,Yes
91420187,Female,0,No,No,52,No,No phone service,No,No internet service,No internet service,No internet service,No internet service,No internet service,No internet service,Month-to-month,Yes,Electronic check,58.99,3126.47,No
21002322,Male,0,No,No,38,Yes,Yes,DSL,No,No,No,Yes,Yes,Yes,Month-to-month,Yes,Credit card (automatic),70.27,2740.53,No
47663633,Female,0,No,No,17,Yes,No,Fiber optic,No,No,Yes,No,No,No,Two year,Yes,Electronic check,130.83,2354.94,No
28790705,Female,0,No,Yes,21,Yes,No,Fiber optic,Yes,Yes,No,Yes,No,No,One year,No,Bank transfer (automatic),79.61,1751.42,No
82292089,Male,0,No,No,35,Yes,No,Fiber optic,Yes,No,No,No,Yes,Yes,Month-to-month,Yes,Electronic check,77.0,2772.0,No
36364647,Female,0,Yes,No,52,Yes,No,DSL,No,No,Yes,No,No,No,Month-to-month,Yes,Bank transfer (automatic),58.68,3110.04,Yes
45330756,Female,0,No,Yes,71,No,No phone service,Fiber optic,No,Yes,No,No,No,No,Month-to-month,No,Credit card (automatic),117.21,8415.68,Yes
94103363,Female,1,No,No,2,Yes,No,DSL,No,Yes,Yes,Yes,No,No,Month-to-month,Yes,Electronic check,100.86,307.62,Yes
20262606,Female,0,No,No,61,Yes,No,Fiber optic,Yes,No,Yes,No,No,No,Month-to-month,Yes,Mailed check,55.71,3442.88,No
20120010,Male,0,Yes,No,28,Yes,Yes,DSL,No,No,No,Yes,No,No,Two year,No,Bank transfer (automatic),48.31,1400.99,No
12500515,Female,0,Yes,No,72,Yes,No,DSL,No,No,Yes,Yes,No,No,One year,No,Credit card (automatic),45.53,3323.69,No
78072320,Female,0,Yes,No,7,No,No phone service,No,No internet service,No internet service,No internet service,No internet service,No internet service,No internet service,Month-to-month,No,Electronic check,56.18,449.44,No
94775473,Female,0,Yes,Yes,45,Yes,No,Fiber optic,No,Yes,No,Yes,No,Yes,One year,Yes,Credit card (automatic),46.71,2139.32,No
14186818,Male,1,Yes,No,55,Yes,Yes,DSL,Yes,No,No,No,No,Yes,Two year,Yes,Bank transfer (automatic),73.63,4123.28,No
88100019,Female,1,No,No,48,Yes,Yes,No,No internet service,No internet service,No internet service,No internet service,No internet service,No internet service,Two year,No,Electronic check,95.47,4678.03,No
87698748,Male,0,Yes,No,42,Yes,Yes,DSL,Yes,No,Yes,Yes,No,No,Month-to-month,Yes,Electronic check,46.27,1989.61,No
64376227,Female,0,Yes,No,9,Yes,No,DSL,Yes,Yes,Yes,No,Yes,Yes,Month-to-month,No,Bank transfer (automatic),48.89,491.34,Yes
89193333,Female,0,Yes,Yes,12,Yes,No,DSL,No,Yes,Yes,No,Yes,No,Month-to-month,Yes,Bank transfer (automatic),51.83,673.79,Yes
38556255,Female,0,Yes,Yes,56,Yes,Yes,Fiber optic,Yes,Yes,Yes,No,No,Yes,One year,Yes,Bank transfer (automatic),79.9,4554.3,Yes
14919926,Male,0,No,Yes,1,Yes,No,Fiber optic,No,No,No,No,No,Yes,Month-to-month,No,Mailed check,39.7,79.4,No
84033693,Male,0,Yes,Yes,64,No,No phone service,DSL,Yes,No,Yes,No,Yes,Yes,Two year,No,Electronic check,25.44,1653.6,No
44979330,Female,0,Yes,Yes,41,Yes,No,DSL,Yes,Yes,No,Yes,No,Yes,Two year,Yes,Bank transfer (automatic),62.69,2632.98,No
82943217,Male,0,No,No,57,Yes,No,Fiber optic,Yes,Yes,Yes,No,Yes,Yes,Month-to-month,No,Bank transfer (automatic),72.26,4191.08,No
82434236,Male,0,No,Yes,9,Yes,No,Fiber optic,Yes,No,Yes,No,No,No,Month-to-month,Yes,Electronic check,65.97,659.7,No
73364719,Female,0,Yes,No,62,Yes,No,No,No internet service,No internet service,No internet service,No internet service,No internet service,No internet service,Month-to-month,No,Electronic check,66.7,4202.1,Yes
97766064,Male,0,No,Yes,70,Yes,No,Fiber optic,Yes,Yes,No,Yes,No,Yes,Month-to-month,Yes,Credit card (automatic),95.07,6749.97,No
29949181,Female,0,No,No,60,Yes,No,Fiber optic,Yes,Yes,No,No,Yes,Yes,Two year,Yes,Electronic check,105.28,6422.08,No
59099345,Male,0,No,No,0,Yes,No,Fiber optic,Yes,No,No,No,Yes,Yes,One year,No,Electronic check,68.16,68.16,No
62680236,Male,0,No,Yes,25,Yes,Yes,Fiber optic,Yes,No,No,No,Yes,No,One year,No,Bank transfer (automatic),73.68,1915.68,No
39971710,Male,0,No,No,4,Yes,No,Fiber optic,No,No,Yes,No,No,No,Month-to-month,Yes,Electronic check,125.11,625.55,Yes
89134873,Male,0,Yes,No,34,Yes,Yes,DSL,Yes,No,No,Yes,No,Yes,Two year,Yes,Mailed check,62.43,2185.05,No
49057246,Female,0,Yes,No,12,Yes,No,Fiber optic,Yes,No,Yes,No,Yes,No,Month-to-month,Yes,Bank transfer (automatic),57.42,734.98,No
27969238,Male,1,Yes,No,26,Yes,Yes,Fiber optic,No,No,No,Yes,Yes,No,Two year,Yes,Credit card (automatic),29.54,799.06,No
72371131,Female,0,Yes,No,11,Yes,Yes,DSL,Yes,No,Yes,Yes,Yes,Yes,Month-to-month,Yes,Electronic check,90.44,1085.28,No
77259613,Female,0,No,No,49,Yes,Yes,Fiber optic,No,No,Yes,No,No,Yes,Month-to-month,No,Electronic check,26.78,1339.0,No
78506338,Male,0,No,Yes,58,Yes,No,Fiber optic,No,No,No,No,No,Yes,One year,Yes,Electronic check,50.99,3008.41,No
22153955,Male,1,Yes,No,30,Yes,Yes,DSL,No,No,Yes,Yes,No,No,Month-to-month,Yes,Electronic check,39.59,1227.29,Yes
63255602,Male,0,Yes,No,68,Yes,No,DSL,Yes,Yes,Yes,No,No,No,Two year,No,Credit card (automatic),31.51,2174.19,No
58837208,Female,1,Yes,Yes,36,Yes,Yes,DSL,Yes,Yes,No,No,No,No,Two year,Yes,Credit card (automatic),115.38,4269.06,No
77399750,Male,0,No,No,1,No,No phone service,Fiber optic,No,No,Yes,Yes,No,Yes,Month-to-month,Yes,Electronic check,74.09,148.18,No
11421591,Male,1,No,No,70,No,No phone service,Fiber optic,Yes,No,Yes,Yes,No,Yes,Month-to-month,No,Electronic check,22.28,1582.99,No
98943201,Female,0,No,No,64,Yes,No,Fiber optic,No,No,Yes,No,Yes,No,Month-to-month,Yes,Credit card (automatic),79.49,5166.85,No
42062038,Female,0,No,No,2,Yes,No,DSL,No,No,No,Yes,No,Yes,One year,No,Credit card (automatic),100.22,300.66,No
92414513,Female,1,No,Yes,19,No,No phone service,Fiber optic,No,Yes,Yes,No,Yes,No,Month-to-month,Yes,Electronic check,84.16,1683.2,No
32259144,Female,1,No,Yes,1,Yes,No,DSL,No,No,No,No,Yes,Yes,One year,Yes,Credit card (automatic),103.98,207.96,No
79006257,Male,0,Yes,No,41,No,No phone service,DSL,Yes,Yes,Yes,No,No,Yes,Month-to-month,Yes,Bank transfer (automatic),86.9,3649.8,No
28840235,Male,0,No,No,42,Yes,No,Fiber optic,No,No,Yes,Yes,No,Yes,Two year,No,Credit card (automatic),93.6,4024.8,No
69890694,Male,0,No,Yes,20,No,No phone service,Fiber optic,Yes,No,Yes,Yes,No,No,Two year,No,Electronic check,67.18,1414.14,Yes
31370471,Male,0,No,Yes,44,Yes,Yes,Fiber optic,No,Yes,No,Yes,No,No,Month-to-month,Yes,Credit card (automatic),115.21,5184.45,No
34044459,Female,0,No,No,19,Yes,Yes,DSL,Yes,No,Yes,Yes,No,Yes,Two year,No,Electronic check,94.42,1888.4,Yes
86015183,Male,1,No,No,42,Yes,No,Fiber optic,No,Yes,Yes,No,Yes,Yes,Month-to-month,No,Bank transfer (automatic),78.41,3355.95,No
85942072,Female,0,No,No,49,Yes,No,Fiber optic,No,Yes,No,Yes,No,No,Two year,No,Credit card (automatic),44.65,2232.5,No
98504955,Male,0,No,Yes,42,Yes,No,Fiber optic,No,Yes,No,Yes,Yes,Yes,One year,No,Electronic check,101.66,4371.38,No
29622504,Female,0,Yes,No,23,No,No phone service,DSL,No,Yes,No,Yes,Yes,Yes,Month-to-month,Yes,Electronic check,105.76,2538.24,Yes
74894729,Male,0,No,No,59,Yes,No,Fiber optic,Yes,No,Yes,No,No,No,Two year,Yes,Electronic check,134.42,8038.32,No
58156722,Female,0,No,No,31,Yes,No,Fiber optic,No,No,Yes,Yes,No,No,One year,Yes,Mailed check,68.48,2191.36,No
15425057,Female,0,Yes,No,4,Yes,No,Fiber optic,No,No,No,Yes,No,No,Two year,Yes,Mailed check,82.14,410.7,No
39369404,Male,0,No,No,1,Yes,No,No,No internet service,No internet service,No internet service,No internet service,No internet service,No internet service,Two year,No,Bank transfer (automatic),81.61,163.22,No
75450221,Female,0,No,Yes,25,Yes,No,No,No internet service,No internet service,No internet service,No internet service,No internet service,No internet service,One year,No,Bank transfer (automatic),18.0,468.9,No
41104946,Male,0,No,Yes,24,Yes,Yes,Fiber optic,No,Yes,No,Yes,No,No,Month-to-month,Yes,Bank transfer (automatic),95.89,2397.25,Yes
18437082,Female,0,No,Yes,49,Yes,No,No,No internet service,No internet service,No internet service,No internet service,No internet service,No internet service,Month-to-month,Yes,Electronic check,84.43,4221.5,Yes
45481411,Male,1,Yes,Yes,38,Yes,Yes,DSL,Yes,No,Yes,No,Yes,No,Month-to-month,Yes,Bank transfer (automatic),56.89,2218.71,No
59584751,Female,0,No,No,10,Yes,No,DSL,Yes,No,No,Yes,No,No,Month-to-month,No,Electronic check,45.58,501.38,Yes
41409454,Female,0,No,No,62,Yes,Yes,Fiber optic,Yes,Yes,No,No,No,Yes,Month-to-month,No,Bank transfer (automatic),35.84,2257.92,No
15745651,Female,0,Yes,Yes,67,Yes,No,No,No internet service,No internet service,No internet service,No internet service,No internet service,No internet service,Month-to-month,Yes,Bank transfer (automatic),89.1,6058.8,No
99736040,Female,0,Yes,No,17,Yes,No,Fiber optic,Yes,Yes,Yes,Yes,Yes,Yes,Two year,Yes,Mailed check,49.66,896.36,No
37752746,Female,0,No,No,27,Yes,Yes,DSL,No,Yes,Yes,Yes,No,No,Two year,Yes,Mailed check,85.68,2399.04,No
79509378,Female,0,No,No,41,Yes,Yes,Fiber optic,No,No,No,Yes,Yes,Yes,Month-to-month,Yes,Mailed check,67.81,2848.02,No
58486337,Female,0,No,No,59,Yes,Yes,DSL,Yes,No,No,No,Yes,Yes,Two year,No,Electronic check,78.51,4714.53,No
62088975,Female,0,No,No,21,Yes,Yes,Fiber optic,No,Yes,No,No,Yes,Yes,Month-to-month,Yes,Credit card (automatic),109.63,2411.86,No
73038607,Male,0,Yes,Yes,39,Yes,Yes,DSL,Yes,Yes,Yes,No,No,No,Month-to-month,Yes,Mailed check,85.9,2221.925,No
71021210,Male,1,Yes,Yes,61,No,No phone service,DSL,Yes,No,Yes,No,Yes,No,Two year,Yes,Mailed check,83.14,5154.68,No
16232730,Female,0,Yes,Yes,2,Yes,No,DSL,No,No,No,Yes,Yes,No,One year,Yes,Electronic check,54.0,162.0,No
15355917,Male,1,No,No,70,Yes,No,Fiber optic,No,Yes,Yes,Yes,No,No,Two year,No,Mailed check,85.24,6052.04,No
97043518,Male,0,Yes,No,62,Yes,No,Fiber optic,No,No,Yes,No,No,No,Two year,Yes,Mailed check,69.27,4364.01,No
53496088,Female,0,No,No,19,No,No phone service,DSL,No,No,No,Yes,Yes,Yes,Month-to-month,No,Mailed check,31.04,620.8,Yes
23854626,Male,0,No,No,70,Yes,No,Fiber optic,Yes,Yes,Yes,No,No,Yes,One year,No,Mailed check,65.35,4639.85,No
79977486,Female,0,No,No,70,Yes,No,Fiber optic,Yes,Yes,Yes,No,No,No,Month-to-month,Yes,Electronic check,106.64,7571.44,No
95035920,Male,0,Yes,No,25,Yes,Yes,No,No internet service,No internet service,No internet service,No internet service,No internet service,No internet service,Two year,No,Credit card (automatic),43.5,1131.0,No
46707919,Female,0,No,No,40,No,No phone service,No,No internet service,No internet service,No internet service,No internet service,No internet service,No internet service,Month-to-month,No,Electronic check,80.53,3301.73,Yes
45341684,Male,0,Yes,No,2,Yes,No,DSL,No,No,No,Yes,No,Yes,Two year,No,Bank transfer (automatic),66.91,200.73,Yes
87662596,Male,0,Yes,No,42,Yes,No,DSL,Yes,No,No,No,Yes,Yes,Two year,Yes,Electronic check,70.61,3036.23,No
83061428,Female,1,Yes,Yes,16,Yes,Yes,DSL,No,No,No,Yes,No,No,Month-to-month,Yes,Bank transfer (automatic),64.09,1089.53,No
86525600,Female,0,No,No,52,Yes,No,Fiber optic,Yes,No,No,Yes,No,Yes,Month-to-month,Yes,Bank transfer (automatic),78.31,4150.43,No
33333727,Male,0,Yes,No,51,Yes,Yes,Fiber optic,No,Yes,Yes,No,No,No,Month-to-month,Yes,Bank transfer (automatic),39.58,2058.16,No
60554391,Female,0,No,Yes,32,Yes,Yes,DSL,No,No,Yes,No,No,Yes,One year,No,Credit card (automatic),86.8,2864.4,No
97734815,Male,0,Yes,No,59,Yes,Yes,No,No internet service,No internet service,No internet service,No internet service,No internet service,No internet service,Two year,Yes,Credit card (automatic),56.87,3412.2,No
60803895,Male,0,Yes,No,67,Yes,No,Fiber optic,No,No,No,Yes,No,Yes,Month-to-month,Yes,Electronic check,75.47,5131.96,Yes
59029303,Male,0,Yes,Yes,55,Yes,No,Fiber optic,No,Yes,Yes,Yes,Yes,Yes,Two year,No,Mailed check,77.13,4303.85,No
88876916,Male,0,No,Yes,63,No,No phone service,Fiber optic,Yes,Yes,No,Yes,No,No,Two year,No,Credit card (automatic),77.89,4984.96,No
97689346,Male,0,No,No,7,Yes,No,Fiber optic,Yes,No,No,Yes,No,Yes,Month-to-month,No,Credit card (automatic),63.13,492.41,No
20447168,Male,0,No,No,68,Yes,No,Fiber optic,No,Yes,Yes,No,Yes,Yes,Month-to-month,Yes,Credit card (automatic),32.45,2240.67,No
79345320,Female,0,No,No,32,Yes,No,No,No internet service,No internet service,No internet service,No internet service,No internet service,No internet service,Month-to-month,Yes,Credit card (automatic),53.65,1770.45,No
43767356,Female,1,No,No,24,No,No phone service,DSL,Yes,No,No,No,Yes,No,Month-to-month,Yes,Electronic check,59.34,1483.5,No
60509993,Female,0,No,Yes,70,Yes,No,Fiber optic,No,Yes,Yes,No,No,Yes,One year,Yes,Electronic check,18.28,1297.88,No
39917031,Male,0,No,Yes,6,Yes,No,DSL,Yes,No,Yes,Yes,No,No,Month-to-month,Yes,Electronic check,53.95,377.65,Yes
79306247,Male,1,No,No,58,Yes,No,Fiber optic,No,Yes,Yes,Yes,No,No,One year,No,Mailed check,103.21,6089.39,No
64471218,Female,0,No,No,32,Yes,No,Fiber optic,Yes,No,No,Yes,No,No,Two year,Yes,Electronic check,39.05,1288.65,No
57365168,Male,0,No,No,40,No,No phone service,DSL,No,Yes,Yes,No,Yes,Yes,Month-to-month,No,Credit card (automatic),92.86,3807.26,No
56309454,Female,0,No,Yes,32,Yes,No,DSL,Yes,No,No,Yes,No,Yes,Month-to-month,Yes,Bank transfer (automatic),53.58,1768.14,No
75345452,Female,0,No,Yes,28,Yes,No,DSL,Yes,Yes,No,Yes,No,No,Month-to-month,Yes,Electronic check,52.47,1521.63,No
74707720,Male,1,No,No,38,Yes,No,Fiber optic,Yes,No,Yes,Yes,No,No,One year,Yes,Electronic check,64.28,2494.06,No
91095825,Female,0,Yes,Yes,56,Yes,Yes,Fiber optic,No,Yes,No,Yes,No,Yes,Two year,Yes,Electronic check,79.37,4524.09,No
10885526,Male,0,No,No,63,Yes,No,No,No internet service,No internet service,No internet service,No internet service,No internet service,No internet service,One year,Yes,Electronic check,56.91,3642.24,No
77355419,Female,0,Yes,Yes,65,Yes,Yes,DSL,No,No,Yes,No,No,No,Month-to-month,Yes,Bank transfer (automatic),54.26,3581.16,No
28652010,Male,1,No,No,8,No,No phone service,DSL,Yes,No,Yes,Yes,No,Yes,Month-to-month,No,Mailed check,111.44,1002.96,No
69042204,Male,0,No,No,28,Yes,No,Fiber optic,Yes,No,No,No,No,No,Month-to-month,No,Mailed check,73.76,2139.04,No
32227237,Female,0,No,No,27,Yes,No,DSL,Yes,No,No,No,No,No,One year,Yes,Electronic check,27.98,783.44,No
40868838,Male,1,Yes,No,52,Yes,Yes,DSL,No,Yes,Yes,No,No,Yes,One year,No,Mailed check,18.0,954.0,No
20346606,Male,0,Yes,No,45,Yes,No,Fiber optic,No,No,No,Yes,Yes,Yes,Two year,No,Mailed check,113.32,5218.39,No
79060560,Female,0,Yes,Yes,38,Yes,No,No,No internet service,No internet service,No internet service,No internet service,No internet service,No internet service,Month-to-month,No,Bank transfer (automatic),97.71,3810.69,Yes
96366021,Female,0,Yes,No,57,Yes,No,No,No internet service,No internet service,No internet service,No internet service,No internet service,No internet service,One year,Yes,Electronic check,75.37,4371.46,No
47689614,Male,0,No,No,53,Yes,Yes,DSL,Yes,No,No,Yes,No,No,Month-to-month,Yes,Bank transfer (automatic),74.34,4014.36,No
38389345,Female,0,No,No,5,Yes,Yes,DSL,No,No,No,No,No,No,Month-to-month,Yes,Bank transfer (automatic),69.69,421.62,No
30164926,Female,0,No,No,44,Yes,Yes,Fiber optic,Yes,No,Yes,No,No,Yes,Month-to-month,Yes,Bank transfer (automatic),72.91,3280.95,Yes
35086055,Female,0,No,No,39,No,No phone service,Fiber optic,Yes,Yes,No,No,Yes,Yes,Month-to-month,No,Mailed check,76.35,3054.0,Yes
31120146,Female,0,Yes,No,22,Yes,Yes,Fiber optic,Yes,No,Yes,Yes,Yes,Yes,Month-to-month,Yes,Electronic check,101.31,2330.13,No
58616740,Male,0,Yes,No,41,Yes,No,Fiber optic,No,No,Yes,Yes,Yes,No,Two year,Yes,Electronic check,98.4,4132.8,No
90801793,Female,0,Yes,No,37,Yes,No,DSL,No,No,No,No,No,No,One year,Yes,Credit card (automatic),75.9,2884.2,No
25882013,Female,0,No,No,15,Yes,Yes,DSL,Yes,No,No,Yes,No,No,Month-to-month,No,Credit card (automatic),76.46,1223.36,No
98732634,Female,1,No,No,46,Yes,Yes,No,No internet service,No internet service,No internet service,No internet service,No internet service,No internet service,Month-to-month,Yes,Electronic check,95.23,4475.81,No
40916561,Female,0,No,No,20,Yes,No,Fiber optic,No,No,No,Yes,No,No,Month-to-month,No,Electronic check,87.53,1838.13,No
65648506,Male,1,Yes,No,20,Yes,No,Fiber optic,Yes,No,Yes,No,No,Yes,Month-to-month,No,Electronic check,67.41,1415.61,Yes
54322017,Female,0,Yes,No,24,Yes,No,Fiber optic,Yes,No,Yes,No,No,Yes,Month-to-month,No,Electronic check,18.0,450.0,No
25212062,Male,0,No,No,60,Yes,Yes,Fiber optic,No,Yes,Yes,Yes,No,No,Month-to-month,Yes,Credit card (automatic),90.8,5538.8,No
74628070,Female,0,Yes,No,53,Yes,No,DSL,No,No,Yes,Yes,Yes,Yes,Month-to-month,Yes,Bank transfer (automatic),103.47,5587.38,No
74265413,Female,0,No,Yes,59,Yes,Yes,Fiber optic,No,Yes,No,Yes,No,No,One year,No,Credit card (automatic),62.15,3729.0,No
74293132,Male,0,Yes,No,41,Yes,No,Fiber optic,No,Yes,No,Yes,Yes,Yes,Two year,Yes,Credit card (automatic),36.67,1540.14,No
38280205,Female,0,Yes,Yes,60,No,No phone service,DSL,No,No,Yes,No,No,No,Month-to-month,No,Electronic check,98.1,5984.1,No
89294612,Male,1,No,No,31,No,No phone service,DSL,Yes,No,No,No,Yes,Yes,Two year,No,Bank transfer (automatic),98.57,3154.24,No
31642106,Male,0,Yes,Yes,52,Yes,No,Fiber optic,Yes,Yes,Yes,Yes,Yes,Yes,Month-to-month,Yes,Credit card (automatic),44.33,2349.49,No
96873663,Female,0,No,Yes,43,Yes,No,Fiber optic,Yes,No,No,No,Yes,Yes,One year,No,Bank transfer (automatic),84.25,3707.0,No
65149958,Female,1,No,No,10,Yes,Yes,Fiber optic,No,No,No,Yes,No,Yes,Month-to-month,No,Electronic check,56.33,619.63,No
13012656,Male,1,No,No,46,Yes,Yes,Fiber optic,No,Yes,Yes,No,No,Yes,Month-to-month,No,Credit card (automatic),80.31,3774.57,No
42704875,Female,1,No,No,59,Yes,No,Fiber optic,Yes,Yes,Yes,Yes,Yes,No,Month-to-month,Yes,Bank transfer (automatic),111.86,6711.6,Yes
15790734,Female,0,No,Yes,35,Yes,No,Fiber optic,Yes,Yes,No,Yes,No,Yes,Month-to-month,Yes,Electronic check,84.16,3029.76,No
27164449,Female,0,Yes,Yes,59,Yes,No,Fiber optic,No,No,No,Yes,Yes,Yes,Two year,No,Mailed check,51.3,3078.0,No
86972056,Female,0,No,Yes,32,Yes,Yes,DSL,No,No,Yes,Yes,No,Yes,Month-to-month,No,Electronic check,53.84,1779.41,Yes
89503557,Male,0,No,No,41,Yes,No,DSL,No,Yes,Yes,Yes,No,No,Month-to-month,No,Bank transfer (automatic),129.42,5442.11,No
31626387,Female,0,Yes,No,12,Yes,No,Fiber optic,Yes,No,No,No,Yes,No,Month-to-month,Yes,Electronic check,108.34,1408.42,No
28082355,Female,0,No,No,13,Yes,No,Fiber optic,No,No,No,Yes,No,No,One year,No,Electronic check,56.92,796.88,No
94495485,Male,0,No,No,57,Yes,Yes,No,No internet service,No internet service,No internet service,No internet service,No internet service,No internet service,One year,No,Electronic check,66.87,3878.46,No
78805754,Female,0,No,No,39,Yes,No,Fiber optic,Yes,No,No,No,No,No,Two year,Yes,Credit card (automatic),59.71,2388.4,No
15260108,Female,0,No,Yes,64,Yes,Yes,Fiber optic,No,No,No,No,No,Yes,One year,No,Credit card (automatic),75.65,4917.25,No
86808685,Male,0,Yes,No,4,Yes,No,DSL,No,Yes,No,No,No,No,Month-to-month,No,Credit card (automatic),93.75,468.75,No
29711900,Female,0,No,No,29,No,No phone service,Fiber optic,No,No,No,Yes,Yes,Yes,Month-to-month,Yes,Bank transfer (automatic),85.55,2570.78,No
17504382,Male,0,Yes,Yes,44,Yes,No,DSL,Yes,No,No,Yes,No,No,Month-to-month,No,Credit card (automatic),91.08,4098.6,No
32325960,Male,0,Yes,Yes,57,No,No phone service,Fiber optic,No,No,Yes,No,Yes,Yes,Two year,No,Electronic check,48.87,2824.69,No
44663022,Female,0,No,Yes,38,Yes,No,DSL,No,Yes,No,No,No,Yes,Two year,No,Credit card (automatic),73.56,2868.84,No
34164229,Male,0,No,No,11,Yes,Yes,DSL,No,Yes,No,No,No,No,Two year,Yes,Bank transfer (automatic),95.47,1145.64,No
79342339,Female,0,Yes,No,33,Yes,Yes,Fiber optic,No,No,Yes,Yes,No,No,Month-to-month,No,Bank transfer (automatic),115.55,3905.59,No
64419425,Female,0,No,No,13,Yes,No,DSL,Yes,Yes,No,Yes,No,Yes,Month-to-month,Yes,Mailed check,18.0,252.9,No
90444404,Male,1,No,No,37,Yes,No,Fiber optic,Yes,No,Yes,No,No,Yes,Two year,Yes,Bank transfer (automatic),83.94,3189.72,Yes
85645742,Male,0,No,No,15,No,No phone service,Fiber optic,Yes,Yes,No,Yes,No,No,One year,Yes,Electronic check,106.54,1683.33,No
95580271,Female,0,No,No,60,Yes,Yes,Fiber optic,No,No,No,No,Yes,Yes,One year,Yes,Bank transfer (automatic),18.0,1098.0,No
12499138,Male,0,No,No,58,Yes,No,DSL,Yes,Yes,No,No,Yes,No,One year,Yes,Credit card (automatic),110.99,6548.41,No
98817918,Male,0,Yes,Yes,66,Yes,No,DSL,Yes,No,Yes,No,Yes,No,Month-to-month,Yes,Bank transfer (automatic),136.28,9130.76,No
48044635,Male,0,Yes,No,10,Yes,No,Fiber optic,No,Yes,No,No,No,Yes,One year,Yes,Bank transfer (automatic),75.52,830.72,No
21508969,Male,0,No,No,10,Yes,No,DSL,No,Yes,No,No,No,Yes,Month-to-month,No,Electronic check,86.24,931.39,No
39070676,Female,0,No,No,15,Yes,Yes,No,No internet service,No internet service,No internet service,No internet service,No internet service,No internet service,One year,Yes,Credit card (automatic),40.92,646.54,No
70291054,Female,0,No,No,37,Yes,No,DSL,Yes,No,Yes,No,Yes,Yes,Month-to-month,Yes,Credit card (automatic),131.42,4993.96,No
91406527,Male,0,No,No,29,Yes,No,Fiber optic,No,Yes,No,No,No,Yes,One year,Yes,Electronic check,78.5,2355.0,No
73272042,Female,0,No,Yes,40,Yes,No,DSL,No,Yes,No,Yes,No,No,Month-to-month,No,Mailed check,18.0,738.0,No
74648438,Male,0,Yes,Yes,0,Yes,No,Fiber optic,No,Yes,Yes,No,No,No,Two year,Yes,Bank transfer (automatic),98.99,98.99,No
32893086,Female,0,Yes,No,37,Yes,No,No,No internet service,No internet service,No internet service,No internet service,No internet service,No internet service,Month-to-month,No,Credit card (automatic),42.8,1626.4,Yes
39442512,Female,0,Yes,No,59,Yes,Yes,Fiber optic,No,Yes,Yes,No,No,No,One year,Yes,Bank transfer (automatic),54.88,3292.8,No
65132193,Female,0,No,Yes,18,Yes,No,Fiber optic,Yes,No,Yes,No,Yes,Yes,Month-to-month,Yes,Mailed check,78.68,1494.92,No
90643207,Male,0,Yes,No,58,Yes,No,DSL,No,No,Yes,No,No,Yes,Month-to-month,Yes,Electronic check,70.77,4175.43,Yes
29154498,Female,0,No,Yes,67,Yes,Yes,No,No internet service,No internet service,No internet service,No internet service,No internet service,No internet service,Two year,No,Bank transfer (automatic),79.98,5438.64,No
88201440,Male,0,Yes,No,9,Yes,No,Fiber optic,No,No,Yes,Yes,Yes,Yes,Two year,Yes,Electronic check,83.41,834.1,No
34412077,Female,1,No,No,16,Yes,No,DSL,Yes,Yes,No,Yes,Yes,No,One year,No,Credit card (automatic),110.37,1876.29,No
93646063,Female,0,Yes,Yes,71,No,No phone service,DSL,No,Yes,Yes,No,Yes,No,Month-to-month,Yes,Bank transfer (automatic),29.42,2112.36,No
98536556,Female,0,No,No,28,No,No phone service,DSL,No,No,No,No,No,Yes,Month-to-month,Yes,Electronic check,86.08,2496.32,No
78559074,Male,0,Yes,Yes,5,Yes,No,DSL,Yes,Yes,Yes,No,Yes,No,Month-to-month,Yes,Credit card (automatic),75.0,450.0,Yes
45503367,Female,0,Yes,No,65,Yes,Yes,No,No internet service,No internet service,No internet service,No internet service,No internet service,No internet service,One year,Yes,Bank transfer (automatic),63.21,4175.02,No
32511225,Female,1,No,No,62,Yes,Yes,Fiber optic,Yes,No,Yes,No,Yes,Yes,Month-to-month,Yes,Credit card (automatic),32.24,2031.12,No
55992559,Female,0,Yes,Yes,30,Yes,No,DSL,Yes,Yes,No,No,No,No,Two year,Yes,Credit card (automatic),81.9,2538.9,No
70863732,Female,0,No,No,24,Yes,No,Fiber optic,Yes,No,No,No,No,Yes,Month-to-month,Yes,Credit card (automatic),41.43,1035.75,No
90065352,Male,0,No,No,20,Yes,Yes,Fiber optic,Yes,No,No,No,No,No,Two year,Yes,Credit card (automatic),19.38,406.98,No
89268452,Male,0,No,Yes,15,Yes,No,DSL,Yes,No,Yes,Yes,No,No,Month-to-month,No,Mailed check,64.19,1027.04,No
19239937,Female,1,No,Yes,3,Yes,Yes,DSL,No,No,Yes,No,Yes,No,One year,Yes,Electronic check,87.78,351.12,No
40845084,Male,0,Yes,Yes,45,No,No phone service,DSL,No,No,Yes,No,Yes,Yes,Two year,No,Credit card (automatic),48.36,2224.56,No
60762668,Male,0,No,No,7,Yes,No,Fiber optic,Yes,Yes,No,Yes,Yes,No,Month-to-month,Yes,Bank transfer (automatic),18.0,144.0,Yes
61735818,Female,0,Yes,Yes,5,Yes,Yes,Fiber optic,No,No,Yes,No,Yes,No,One year,Yes,Credit card (automatic),69.23,415.38,No
27745355,Male,0,Yes,No,52,No,No phone service,No,No internet service,No internet service,No internet service,No internet service,No internet service,No internet service,Two year,Yes,Bank transfer (automatic),105.98,5616.94,No
24572034,Male,0,Yes,No,63,Yes,No,Fiber optic,No,No,No,Yes,Yes,No,Two year,Yes,Credit card (automatic),48.35,3094.4,No
12222998,Female,0,Yes,No,50,No,No phone service,Fiber optic,Yes,Yes,No,No,No,No,Month-to-month,No,Electronic check,28.96,1476.96,Yes
37158762,Female,0,No,No,62,Yes,No,No,No internet service,No internet service,No internet service,No internet service,No internet service,No internet service,One year,No,Electronic check,21.95,1382.85,No
80157128,Male,0,No,No,5,No,No phone service,Fiber optic,No,No,Yes,No,Yes,No,Month-to-month,No,Credit card (automatic),48.61,291.66,Yes
77693989,Male,1,Yes,No,61,No,No phone service,Fiber optic,No,No,No,Yes,Yes,Yes,Month-to-month,No,Mailed check,70.77,4387.74,No
66343932,Female,0,Yes,Yes,32,Yes,No,Fiber optic,No,No,Yes,No,No,Yes,Month-to-month,Yes,Electronic check,55.88,1844.04,No
30073763,Female,0,Yes,No,1,Yes,No,Fiber optic,Yes,No,No,Yes,No,Yes,Month-to-month,Yes,Credit card (automatic),77.6,155.2,Yes
91270313,Female,1,Yes,No,40,Yes,No,Fiber optic,Yes,Yes,No,Yes,No,No,Month-to-month,Yes,Credit card (automatic),73.23,3006.09,No
22924976,Male,0,No,No,15,Yes,No,Fiber optic,Yes,No,Yes,No,No,Yes,Month-to-month,Yes,Bank transfer (automatic),99.96,1599.36,No
33813202,Male,1,Yes,No,58,Yes,No,Fiber optic,Yes,Yes,Yes,No,No,Yes,Month-to-month,No,Bank transfer (automatic),65.9,3888.1,No
73870080,Male,0,Yes,No,8,Yes,No,Fiber optic,No,No,Yes,Yes,No,No,Month-to-month,Yes,Credit card (automatic),88.57,797.13,No
92510102,Female,0,No,No,68,Yes,No,No,No internet service,No internet service,No internet service,No internet service,No internet service,No internet service,One year,No,Electronic check,71.23,4914.87,No
90505645,Male,0,No,Yes,9,Yes,No,Fiber optic,Yes,Yes,No,No,No,No,Month-to-month,Yes,Bank transfer (automatic),75.43,754.3,No
15239398,Male,0,No,Yes,6,Yes,No,DSL,Yes,No,Yes,No,No,No,Two year,Yes,Credit card (automatic),75.12,525.84,No
81327320,Female,0,No,No,65,Yes,No,Fiber optic,No,No,No,No,No,No,Month-to-month,Yes,Bank transfer (automatic),39.26,2591.16,No
77555702,Female,0,Yes,Yes,19,No,No phone service,No,No internet service,No internet service,No internet service,No internet service,No internet service,No internet service,One year,No,Bank transfer (automatic),67.46,1349.2,No
25772785,Male,0,Yes,No,62,Yes,Yes,Fiber optic,No,No,Yes,No,No,Yes,Month-to-month,No,Credit card (automatic),51.04,3215.52,No
22507745,Male,0,Yes,No,3,Yes,No,DSL,Yes,Yes,No,No,Yes,No,Two year,Yes,Electronic check,44.99,179.96,No
74725282,Male,0,Yes,No,27,Yes,No,No,No internet service,No internet service,No internet service,No internet service,No internet service,No internet service,Month-to-month,Yes,Bank transfer (automatic),81.86,2296.17,No
98502178,Male,0,No,No,71,Yes,No,DSL,No,No,Yes,No,Yes,No,Month-to-month,No,Electronic check,84.77,6103.44,No
27492440,Female,1,No,No,34,Yes,No,No,No internet service,No internet service,No internet service,No internet service,No internet service,No internet service,Two year,No,Electronic check,51.09,1788.15,Yes
90996996,Male,0,Yes,No,1,Yes,No,DSL,No,No,No,No,Yes,No,Two year,No,Credit card (automatic),90.9,181.8,No
82381739,Male,0,Yes,Yes,40,Yes,No,No,No internet service,No internet service,No internet service,No internet service,No internet service,No internet service,Month-to-month,Yes,Credit card (automatic),56.56,2318.96,No
10161088,Male,0,Yes,No,27,Yes,No,DSL,Yes,No,No,No,Yes,Yes,One year,No,Electronic check,96.86,2712.08,Yes
97138408,Male,1,No,No,72,Yes,No,Fiber optic,No,No,No,No,No,No,Two year,Yes,Bank transfer (automatic),135.68,9904.64,Yes
67914523,Male,1,Yes,No,0,Yes,No,Fiber optic,No,Yes,Yes,No,No,No,Month-to-month,No,Electronic check,84.36,84.36,No
80067590,Female,0,Yes,No,26,Yes,Yes,Fiber optic,Yes,No,No,Yes,No,Yes,Two year,Yes,Mailed check,66.71,1801.17,No
66463253,Male,1,No,Yes,66,Yes,Yes,Fiber optic,Yes,No,No,Yes,No,No,Month-to-month,Yes,Electronic check,49.39,3309.13,Yes
59711219,Female,0,Yes,No,38,Yes,No,Fiber optic,Yes,Yes,No,No,No,Yes,Two year,Yes,Mailed check,76.08,2951.9,No
15830187,Female,1,Yes,No,72,Yes,No,DSL,Yes,No,Yes,Yes,Yes,Yes,One year,No,Bank transfer (automatic),40.67,2968.91,No
81110769,Female,0,Yes,No,39,Yes,No,Fiber optic,No,No,No,No,Yes,Yes,Month-to-month,Yes,Credit card (automatic),62.87,2517.94,No
67573535,Female,0,Yes,No,27,Yes,No,Fiber optic,No,Yes,No,No,Yes,No,Two year,No,Mailed check,43.13,1207.64,No
40801123,Male,0,Yes,No,23,Yes,No,Fiber optic,Yes,No,Yes,No,No,No,One year,Yes,Credit card (automatic),95.22,2285.28,No
74709513,Female,0,Yes,No,50,Yes,No,DSL,No,Yes,No,No,No,Yes,One year,Yes,Electronic check,54.09,2758.59,No
61168696,Male,0,No,No,55,Yes,Yes,DSL,Yes,No,Yes,Yes,No,Yes,Two year,No,Bank transfer (automatic),69.04,3869.69,No
57045704,Male,0,No,Yes,72,Yes,No,Fiber optic,Yes,No,Yes,No,Yes,Yes,Month-to-month,Yes,Credit card (automatic),18.34,1339.74,Yes
89060695,Female,1,No,No,25,Yes,No,Fiber optic,Yes,Yes,Yes,Yes,No,No,Month-to-month,No,Electronic check,59.73,1552.98,No
87325627,Male,0,No,Yes,51,Yes,No,No,No internet service,No internet service,No internet service,No internet service,No internet service,No internet service,Two year,Yes,Credit card (automatic),58.91,3063.32,Yes
23115341,Female,0,Yes,No,5,No,No phone service,DSL,Yes,No,Yes,No,No,Yes,Two year,Yes,Electronic check,42.45,254.7,No
67108220,Female,0,No,No,58,Yes,Yes,No,No internet service,No internet service,No internet service,No internet service,No internet service,No internet service,Month-to-month,No,Credit card (automatic),61.18,3609.62,No
27969486,Male,0,Yes,Yes,11,Yes,No,No,No internet service,No internet service,No internet service,No internet service,No internet service,No internet service,One year,No,Credit card (automatic),18.0,216.0,Yes
44160831,Female,0,Yes,No,62,Yes,No,DSL,Yes,Yes,Yes,No,No,No,Two year,No,Bank transfer (automatic),35.39,2229.57,No
74040812,Female,0,Yes,Yes,35,Yes,Yes,Fiber optic,No,No,No,No,No,No,One year,Yes,Credit card (automatic),19.86,714.96,No
41207351,Male,0,Yes,No,8,Yes,Yes,Fiber optic,Yes,Yes,No,Yes,No,No,One year,Yes,Bank transfer (automatic),92.82,835.38,No
21249805,Male,0,No,Yes,66,Yes,No,Fiber optic,No,Yes,No,Yes,No,No,Month-to-month,Yes,Electronic check,69.2,4636.4,Yes
48019408,Female,0,Yes,No,28,Yes,Yes,Fiber optic,Yes,Yes,Yes,No,No,Yes,Two year,No,Electronic check,18.0,522.0,No
90301439,Male,1,Yes,No,70,No,No phone service,Fiber optic,No,No,Yes,Yes,Yes,No,One year,Yes,Bank transfer (automatic),99.76,7082.96,Yes
82978342,Male,0,Yes,No,7,Yes,Yes,DSL,No,Yes,No,No,No,Yes,Month-to-month,Yes,Mailed check,82.78,662.24,Yes
64847632,Male,1,Yes,No,42,Yes,No,DSL,Yes,Yes,No,Yes,Yes,Yes,Two year,No,Credit card (automatic),66.78,2874.88,No
44601998,Female,0,Yes,Yes,34,Yes,Yes,DSL,No,Yes,Yes,No,No,No,Month-to-month,No,Bank transfer (automatic),80.23,2808.05,No
35369971,Male,0,Yes,Yes,21,Yes,Yes,Fiber optic,No,Yes,No,No,No,No,Month-to-month,No,Mailed check,66.11,1454.42,No
10734097,Male,1,Yes,No,65,Yes,No,DSL,Yes,Yes,No,No,No,No,Month-to-month,Yes,Mailed check,59.38,3919.08,No
10954835,Male,0,No,No,20,No,No phone service,No,No internet service,No internet service,No internet service,No internet service,No internet service,No internet service,Two year,Yes,Electronic check,72.46,1507.17,No
87576121,Male,0,Yes,Yes,70,Yes,Yes,Fiber optic,Yes,Yes,No,No,No,Yes,Month-to-month,Yes,Electronic check,71.73,5092.83,No
80134216,Female,0,Yes,Yes,40,Yes,No,Fiber optic,No,Yes,No,No,No,No,Month-to-month,Yes,Bank transfer (automatic),45.5,1865.5,No
25814687,Female,0,No,No,40,Yes,No,No,No internet service,No internet service,No internet service,No internet service,No internet service,No internet service,Month-to-month,Yes,Mailed check,92.31,3784.71,No
79761254,Female,0,No,No,48,Yes,Yes,DSL,Yes,Yes,No,No,No,No,One year,Yes,Bank transfer (automatic),46.16,2261.84,Yes
10965569,Female,0,Yes,No,3,Yes,No,DSL,Yes,Yes,Yes,No,No,No,Month-to-month,Yes,Credit card (automatic),60.9,243.6,No
60335658,Male,1,Yes,Yes,64,Yes,Yes,No,No internet service,No internet service,No internet service,No internet service,No internet service,No internet service,Month-to-month,Yes,Credit card (automatic),95.45,6204.25,Yes
97851693,Female,0,No,No,9,Yes,Yes,Fiber optic,No,Yes,Yes,Yes,Yes,Yes,One year,Yes,Mailed check,102.54,1030.53,No
37570830,Male,0,Yes,Yes,66,Yes,No,DSL,No,No,No,No,No,No,Month-to-month,Yes,Credit card (automatic),98.31,6586.77,No
52399610,Male,0,No,No,9,No,No phone service,DSL,Yes,No,No,No,Yes,Yes,One year,Yes,Credit card (automatic),19.18,187.96,No
64874257,Female,0,Yes,No,72,Yes,Yes,No,No internet service,No internet service,No internet service,No internet service,No internet service,No internet service,Two year,Yes,Electronic check,64.37,4699.01,No
58623028,Female,1,No,No,16,Yes,No,Fiber optic,No,No,No,No,No,No,Two year,Yes,Credit card (automatic),35.2,598.4,No
24305357,Male,0,No,No,66,Yes,No,DSL,No,No,No,No,Yes,No,Month-to-month,Yes,Mailed check,38.62,2587.54,No
30774029,Male,0,No,Yes,52,Yes,No,No,No internet service,No internet service,No internet service,No internet service,No internet service,No internet service,Month-to-month,No,Bank transfer (automatic),50.8,2682.24,No
67186360,Female,1,Yes,No,34,Yes,No,Fiber optic,Yes,Yes,Yes,No,No,No,Month-to-month,Yes,Bank transfer (automatic),61.31,2145.85,No
97453041,Female,0,Yes,No,3,Yes,No,No,No internet service,No internet service,No internet service,No internet service,No internet service,No internet service,Two year,No,Bank transfer (automatic),53.32,215.95,Yes
88567056,Male,0,Yes,Yes,67,No,No phone service,DSL,No,No,No,Yes,Yes,No,Month-to-month,No,Credit card (automatic),18.0,1224.0,No
44042008,Male,0,No,No,10,Yes,No,Fiber optic,Yes,No,No,No,Yes,No,Month-to-month,No,Bank transfer (automatic),77.68,854.48,No
45071480,Female,0,No,No,43,Yes,No,DSL,No,No,No,Yes,No,Yes,One year,Yes,Electronic check,67.22,2957.68,No
81954780,Male,0,Yes,No,59,Yes,No,Fiber optic,Yes,Yes,No,Yes,No,Yes,Two year,Yes,Bank transfer (automatic),106.97,6418.2,No
66849468,Female,0,No,No,69,Yes,No,DSL,Yes,No,Yes,Yes,No,No,Month-to-month,Yes,Electronic check,67.34,4713.8,No
85788756,Female,0,Yes,No,61,Yes,No,DSL,No,No,No,Yes,No,No,Month-to-month,No,Credit card (automatic),18.0,1116.0,Yes
59075919,Female,0,Yes,No,31,Yes,No,DSL,No,No,Yes,No,Yes,No,Two year,No,Electronic check,29.13,932.16,No
92125234,Female,0,No,No,45,Yes,No,DSL,Yes,No,Yes,Yes,No,Yes,Month-to-month,Yes,Electronic check,19.0,874.0,Yes
46985109,Female,0,Yes,No,22,Yes,Yes,No,No internet service,No internet service,No internet service,No internet service,No internet service,No internet service,Month-to-month,No,Electronic check,61.9,1423.7,Yes
63345392,Male,0,Yes,No,36,Yes,No,DSL,No,No,Yes,Yes,No,Yes,Two year,No,Credit card (automatic),117.55,4349.35,Yes
37339300,Female,1,Yes,No,57,Yes,Yes,Fiber optic,No,Yes,No,Yes,No,Yes,Month-to-month,No,Credit card (automatic),84.98,4928.84,No
65462544,Female,0,No,Yes,42,No,No phone service,Fiber optic,No,No,No,No,No,No,One year,No,Electronic check,74.21,3191.03,No
84102271,Female,0,No,No,14,Yes,Yes,Fiber optic,No,No,Yes,Yes,Yes,Yes,Two year,Yes,Mailed check,37.07,556.05,No
84834795,Male,0,No,No,66,Yes,Yes,Fiber optic,No,No,No,Yes,No,Yes,One year,No,Mailed check,82.83,5549.61,No
74755726,Female,0,No,Yes,1,Yes,No,Fiber optic,No,Yes,Yes,No,No,Yes,Month-to-month,Yes,Credit card (automatic),61.26,122.52,No
33987338,Female,0,No,Yes,70,Yes,No,No,No internet service,No internet service,No internet service,No internet service,No internet service,No internet service,Two year,No,Electronic check,77.97,5539.77,No
59689143,Male,0,Yes,No,4,Yes,No,Fiber optic,No,No,No,Yes,Yes,No,Month-to-month,Yes,Electronic check,85.4,409.92,No
85040303,Male,0,No,No,52,Yes,No,No,No internet service,No internet service,No internet service,No internet service,No internet service,No internet service,Month-to-month,Yes,Electronic check,55.96,2965.88,No
84478941,Female,0,No,No,44,Yes,No,Fiber optic,No,No,No,No,No,No,One year,Yes,Mailed check,78.46,3530.7,No
74929189,Male,0,No,No,40,Yes,No,Fiber optic,No,No,No,No,Yes,No,Month-to-month,Yes,Bank transfer (automatic),125.4,5141.4,No
44061458,Male,0,No,Yes,62,Yes,No,Fiber optic,No,Yes,Yes,No,Yes,No,Month-to-month,Yes,Credit card (automatic),107.84,6772.35,Yes
51158280,Male,0,No,No,71,Yes,Yes,DSL,No,No,No,Yes,Yes,No,Month-to-month,Yes,Mailed check,97.26,7002.72,Yes
87531025,Female,0,Yes,Yes,31,Yes,No,DSL,Yes,No,No,No,No,Yes,Month-to-month,Yes,Mailed check,141.42,4525.44,Yes
56218720,Male,0,Yes,No,1,Yes,No,Fiber optic,Yes,No,No,No,No,Yes,Month-to-month,Yes,Electronic check,128.73,257.46,No
63436070,Female,0,No,No,9,Yes,No,DSL,No,No,No,No,Yes,Yes,Month-to-month,No,Electronic check,115.64,1156.4,Yes
28531242,Male,0,No,No,42,Yes,Yes,Fiber optic,No,Yes,No,Yes,No,Yes,Two year,Yes,Credit card (automatic),38.7,1656.36,No
98487446,Male,0,No,No,42,Yes,No,DSL,No,No,Yes,Yes,Yes,No,Two year,No,Electronic check,34.38,1478.34,No
25983420,Female,0,Yes,No,66,Yes,Yes,Fiber optic,No,No,No,No,Yes,Yes,Month-to-month,Yes,Electronic check,32.01,2144.67,No
40839382,Male,0,Yes,No,22,Yes,Yes,No,No internet service,No internet service,No internet service,No internet service,No internet service,No internet service,Month-to-month,Yes,Electronic check,95.65,2199.95,No
69940949,Female,1,No,No,59,Yes,No,Fiber optic,No,Yes,No,No,No,No,Two year,Yes,Bank transfer (automatic),92.64,5539.87,Yes
31715773,Male,0,No,No,5,Yes,No,DSL,Yes,Yes,Yes,No,No,No,Two year,Yes,Mailed check,83.66,485.23,No
23459168,Female,0,No,No,12,Yes,No,DSL,No,No,No,Yes,No,Yes,Month-to-month,Yes,Bank transfer (automatic),38.14,497.73,No
38784084,Female,0,Yes,Yes,20,Yes,No,No,No internet service,No internet service,No internet service,No internet service,No internet service,No internet service,One year,Yes,Credit card (automatic),98.95,2077.95,Yes
78228715,Female,0,No,No,57,Yes,No,No,No internet service,No internet service,No internet service,No internet service,No internet service,No internet service,Month-to-month,Yes,Electronic check,61.11,3544.38,Yes
63762374,Male,0,No,No,27,Yes,Yes,No,No internet service,No internet service,No internet service,No internet service,No internet service,No internet service,Month-to-month,Yes,Electronic check,63.62,1781.36,No
55424358,Female,0,No,Yes,69,Yes,No,DSL,Yes,Yes,No,No,Yes,Yes,Month-to-month,No,Bank transfer (automatic),91.47,6402.9,No
83897088,Female,0,Yes,No,7,Yes,No,Fiber optic,No,No,No,Yes,No,No,One year,No,Electronic check,65.06,520.48,Yes
92413089,Female,0,Yes,Yes,57,Yes,No,No,No internet service,No internet service,No internet service,No internet service,No internet service,No internet service,Month-to-month,Yes,Bank transfer (automatic),67.23,3885.89,No
16986408,Male,0,No,No,39,Yes,No,DSL,No,Yes,Yes,Yes,Yes,Yes,Month-to-month,Yes,Credit card (automatic),27.37,1094.8,Yes
31573890,Male,0,Yes,No,0,Yes,Yes,DSL,No,Yes,Yes,No,Yes,Yes,Month-to-month,No,Bank transfer (automatic),24.55,19.64,No
62224611,Female,0,No,No,64,Yes,No,DSL,Yes,No,No,Yes,No,Yes,Month-to-month,Yes,Electronic check,100.73,6547.45,Yes
95345915,Female,0,No,No,9,Yes,No,No,No internet service,No internet service,No internet service,No internet service,No internet service,No internet service,Two year,Yes,Credit card (automatic),79.66,800.58,No
10710096,Female,0,No,No,59,Yes,No,Fiber optic,Yes,No,Yes,Yes,Yes,No,One year,Yes,Mailed check,42.38,2542.8,No
22225702,Female,1,Yes,Yes,68,Yes,No,No,No internet service,No internet service,No internet service,No internet service,No internet service,No internet service,Month-to-month,Yes,Credit card (automatic),80.44,5554.38,Yes
29505652,Female,0,Yes,Yes,19,Yes,No,DSL,Yes,Yes,Yes,No,No,Yes,Month-to-month,No,Credit card (automatic),70.79,1415.8,No
73306295,Male,0,No,Yes,61,Yes,Yes,Fiber optic,No,No,Yes,No,Yes,Yes,Month-to-month,Yes,Mailed check,33.35,2067.7,Yes
90563579,Female,0,No,No,12,Yes,No,DSL,No,No,No,No,No,No,Two year,No,Mailed check,66.71,867.23,No
68435370,Female,1,Yes,Yes,57,Yes,No,DSL,No,Yes,No,No,Yes,No,Month-to-month,Yes,Electronic check,78.1,4529.8,No
21830043,Female,0,Yes,No,36,Yes,No,Fiber optic,Yes,No,No,No,Yes,No,Month-to-month,No,Electronic check,19.49,721.13,No
18600733,Male,0,No,No,9,Yes,No,Fiber optic,No,Yes,No,Yes,No,Yes,One year,No,Bank transfer (automatic),96.68,966.8,No
45311610,Male,0,Yes,No,2,Yes,No,Fiber optic,No,No,Yes,No,No,Yes,Month-to-month,No,Bank transfer (automatic),76.29,228.87,No
39765498,Male,0,No,Yes,33,Yes,No,No,No internet service,No internet service,No internet service,No internet service,No internet service,No internet service,Month-to-month,Yes,Mailed check,121.07,4116.38,No
59772648,Female,0,Yes,No,33,Yes,Yes,DSL,Yes,Yes,Yes,Yes,No,Yes,Month-to-month,Yes,Credit card (automatic),108.12,3676.08,Yes
20742751,Female,1,No,Yes,29,Yes,No,DSL,No,No,Yes,No,Yes,Yes,Month-to-month,Yes,Electronic check,118.4,3528.32,No
91742470,Female,0,No,No,36,Yes,No,Fiber optic,Yes,No,No,Yes,Yes,Yes,Month-to-month,Yes,Electronic check,48.86,1810.26,No
15067435,Female,1,No,No,67,Yes,No,No,No internet service,No internet service,No internet service,No internet service,No internet service,No internet service,Month-to-month,No,Electronic check,87.76,5967.68,No
61583363,Male,0,Yes,Yes,33,Yes,Yes,Fiber optic,No,No,No,No,No,Yes,Month-to-month,No,Bank transfer (automatic),72.19,2454.46,No
63773642,Male,1,No,Yes,31,Yes,No,Fiber optic,Yes,Yes,No,No,Yes,Yes,Month-to-month,No,Electronic check,116.37,3700.57,No
92405066,Male,0,Yes,No,57,Yes,Yes,Fiber optic,No,Yes,No,No,Yes,Yes,Month-to-month,Yes,Credit card (automatic),111.09,6443.22,No
98070348,Male,1,No,No,23,Yes,No,DSL,Yes,No,Yes,No,No,No,Month-to-month,Yes,Bank transfer (automatic),120.5,2892.0,No
79928180,Female,0,No,No,8,Yes,Yes,DSL,No,Yes,No,Yes,Yes,No,Month-to-month,No,Credit card (automatic),62.76,564.84,No
48449249,Male,0,No,No,40,Yes,Yes,Fiber optic,Yes,No,Yes,Yes,No,Yes,Month-to-month,Yes,Bank transfer (automatic),33.14,1358.74,No
90191410,Female,0,Yes,No,23,Yes,Yes,No,No internet service,No internet service,No internet service,No internet service,No internet service,No internet service,Month-to-month,No,Electronic check,43.03,1032.72,Yes
17712557,Female,0,No,No,24,Yes,No,Fiber optic,No,Yes,Yes,Yes,No,No,Month-to-month,Yes,Electronic check,82.5,2062.5,No
33524492,Male,0,Yes,No,35,Yes,No,Fiber optic,Yes,No,Yes,Yes,Yes,Yes,Month-to-month,Yes,Mailed check,33.38,1201.68,Yes
95938445,Female,1,Yes,No,7,Yes,No,Fiber optic,Yes,No,Yes,No,No,Yes,One year,Yes,Bank transfer (automatic),76.31,610.48,No
76353000,Female,0,Yes,No,58,Yes,No,Fiber optic,No,Yes,Yes,No,Yes,No,Month-to-month,No,Credit card (automatic),63.93,3771.87,Yes
68917831,Female,0,Yes,Yes,34,Yes,No,No,No internet service,No internet service,No internet service,No internet service,No internet service,No internet service,One year,Yes,Credit card (automatic),18.0,630.0,No
11437525,Male,0,Yes,No,37,Yes,No,Fiber optic,No,No,Yes,No,No,Yes,Month-to-month,Yes,Electronic check,77.76,2954.88,No
37072687,Male,1,Yes,Yes,31,Yes,No,DSL,No,No,No,No,Yes,No,Two year,No,Electronic check,90.4,2892.8,No
98165507,Female,0,No,Yes,50,No,No phone service,Fiber optic,Yes,Yes,Yes,No,Yes,Yes,Month-to-month,Yes,Credit card (automatic),106.14,5413.14,Yes
79545356,Male,0,Yes,No,27,Yes,Yes,Fiber optic,No,Yes,No,No,Yes,No,Month-to-month,Yes,Bank transfer (automatic),53.65,1502.2,No
48387144,Female,0,No,No,55,Yes,Yes,Fiber optic,No,Yes,Yes,No,Yes,No,Month-to-month,No,Electronic check,38.45,2153.2,No
36138432,Female,0,Yes,Yes,7,Yes,No,No,No internet service,No internet service,No internet service,No internet service,No internet service,No internet service,Month-to-month,No,Credit card (automatic),58.3,466.4,Yes
14510970,Male,0,No,No,40,Yes,Yes,DSL,Yes,No,Yes,No,No,No,Month-to-month,Yes,Bank transfer (automatic),33.82,1386.62,Yes
90465529,Male,0,No,No,22,Yes,No,Fiber optic,No,Yes,No,No,No,Yes,Month-to-month,No,Credit card (automatic),86.45,1988.35,Yes
78524572,Male,0,No,Yes,53,Yes,Yes,Fiber optic,No,Yes,No,No,No,Yes,Month-to-month,No,Credit card (automatic),73.32,3959.28,No
79231333,Female,0,No,No,22,Yes,No,DSL,No,No,Yes,No,No,No,Month-to-month,Yes,Mailed check,34.06,783.38,Yes
41094351,Male,0,Yes,No,31,No,No phone service,No,No internet service,No internet service,No internet service,No internet service,No internet service,No internet service,One year,Yes,Bank transfer (automatic),57.3,1836.46,No
92569402,Male,0,No,Yes,9,No,No phone service,Fiber optic,No,Yes,No,No,Yes,No,One year,Yes,Mailed check,116.83,1168.3,No
32747608,Male,0,Yes,No,34,Yes,Yes,Fiber optic,No,No,Yes,No,No,Yes,Month-to-month,No,Electronic check,68.15,2385.25,No
14840043,Female,0,No,No,62,Yes,No,No,No internet service,No internet service,No internet service,No internet service,No internet service,No internet service,Two year,No,Credit card (automatic),48.25,3039.75,No
58283485,Male,0,Yes,No,66,Yes,Yes,DSL,No,No,Yes,Yes,Yes,Yes,Two year,No,Credit card (automatic),54.19,3630.73,No
42112480,Male,0,Yes,Yes,35,Yes,No,Fiber optic,No,No,No,No,No,Yes,Month-to-month,No,Electronic check,75.25,2709.0,No
97915178,Female,0,Yes,No,48,No,No phone service,Fiber optic,Yes,Yes,Yes,No,No,Yes,Month-to-month,Yes,Credit card (automatic),124.66,6108.34,No
10038556,Female,0,No,Yes,45,Yes,No,No,No internet service,No internet service,No internet service,No internet service,No internet service,No internet service,Two year,No,Credit card (automatic),38.5,1771.0,No
31131878,Female,0,No,No,26,Yes,No,Fiber optic,No,No,Yes,No,No,No,Two year,Yes,Electronic check,112.85,3046.95,No
21655844,Male,0,No,Yes,30,Yes,Yes,Fiber optic,No,Yes,No,No,No,No,Month-to-month,No,Electronic check,60.74,1882.94,No
47035619,Male,0,No,No,33,No,No phone service,DSL,Yes,Yes,No,No,No,Yes,Month-to-month,Yes,Bank transfer (automatic),108.6,3692.4,No
63611082,Male,0,Yes,No,58,Yes,No,No,No internet service,No internet service,No internet service,No internet service,No internet service,No internet service,One year,No,Mailed check,35.33,2084.47,No
57395992,Male,1,No,Yes,53,Yes,No,Fiber optic,No,No,No,No,No,No,Month-to-month,No,Credit card (automatic),116.56,6300.07,No
99880518,Male,0,No,Yes,65,Yes,Yes,Fiber optic,No,Yes,Yes,No,No,Yes,One year,Yes,Electronic check,123.42,8145.72,No
63035211,Female,0,No,Yes,29,Yes,No,DSL,No,No,No,No,No,No,Month-to-month,No,Mailed check,125.94,3778.2,No
64418707,Female,0,No,Yes,72,No,No phone service,Fiber optic,No,Yes,Yes,No,Yes,No,One year,No,Bank transfer (automatic),69.88,2221.925,No
88662348,Male,0,No,No,22,Yes,Yes,DSL,No,Yes,No,No,No,Yes,Two year,Yes,Credit card (automatic),70.09,1612.07,No
36885204,Female,0,No,No,8,Yes,Yes,No,No internet service,No internet service,No internet service,No internet service,No internet service,No internet service,Two year,Yes,Electronic check,47.84,430.56,No
79490249,Female,0,Yes,No,54,No,No phone service,No,No internet service,No internet service,No internet service,No internet service,No internet service,No internet service,Month-to-month,Yes,Electronic check,40.71,2239.05,No
12062459,Male,1,Yes,No,0,Yes,No,DSL,No,No,No,Yes,Yes,No,One year,No,Electronic check,96.99,96.99,No
19209640,Female,0,Yes,No,55,Yes,Yes,Fiber optic,Yes,No,Yes,Yes,Yes,No,Month-to-month,No,Mailed check,70.47,3946.32,No
22101856,Female,0,Yes,Yes,38,Yes,No,Fiber optic,No,Yes,No,Yes,No,Yes,Month-to-month,Yes,Bank transfer (automatic),84.41,3291.99,Yes
83765077,Female,0,Yes,No,17,Yes,Yes,No,No internet service,No internet service,No internet service,No internet service,No internet service,No internet service,Month-to-month,Yes,Bank transfer (automatic),82.75,1489.5,No
48184109,Female,0,No,No,41,Yes,No,Fiber optic,Yes,Yes,No,No,Yes,No,Two year,Yes,Credit card (automatic),31.2,1310.4,No
85042992,Male,0,Yes,No,72,Yes,No,No,No internet service,No internet service,No internet service,No internet service,No internet service,No internet service,Month-to-month,No,Electronic check,33.49,2444.77,Yes
88239864,Male,0,No,No,64,Yes,No,Fiber optic,No,Yes,Yes,No,Yes,No,Month-to-month,No,Bank transfer (automatic),93.58,6082.7,No
56720553,Male,0,No,No,32,No,No phone service,DSL,Yes,Yes,Yes,No,Yes,No,Two year,Yes,Mailed check,82.95,2737.35,No
56637316,Female,0,Yes,No,29,Yes,Yes,Fiber optic,Yes,Yes,Yes,No,Yes,Yes,Month-to-month,Yes,Credit card (automatic),66.42,1992.6,No
47112255,Male,1,Yes,Yes,4,Yes,Yes,Fiber optic,No,Yes,No,Yes,No,Yes,One year,Yes,Mailed check,81.97,409.85,No
40372869,Male,0,No,Yes,49,Yes,No,DSL,No,No,Yes,No,No,No,Two year,Yes,Electronic check,113.49,5651.8,No
91384718,Male,0,No,No,64,Yes,Yes,DSL,Yes,Yes,Yes,Yes,No,No,Month-to-month,No,Credit card (automatic),97.7,6355.38,Yes
36108729,Female,0,No,No,9,Yes,No,No,No internet service,No internet service,No internet service,No internet service,No internet service,No internet service,Month-to-month,Yes,Credit card (automatic),77.9,779.0,No
71036720,Male,0,Yes,Yes,59,Yes,No,Fiber optic,Yes,No,Yes,No,No,Yes,Month-to-month,Yes,Electronic check,83.43,5005.8,Yes
64218119,Male,1,No,No,26,Yes,Yes,DSL,No,Yes,Yes,No,No,No,Two year,No,Credit card (automatic),114.23,3084.21,No
87162674,Male,0,Yes,No,71,Yes,No,No,No internet service,No internet service,No internet service,No internet service,No internet service,No internet service,One year,Yes,Credit card (automatic),57.66,4151.52,Yes
10624307,Male,0,No,No,27,No,No phone service,DSL,No,No,Yes,No,No,No,Month-to-month,Yes,Bank transfer (automatic),76.91,2153.48,No
45045256,Female,0,No,Yes,44,Yes,No,DSL,No,Yes,No,Yes,Yes,Yes,One year,Yes,Mailed check,69.28,3117.6,No
33492771,Male,0,Yes,No,51,Yes,No,Fiber optic,Yes,Yes,No,Yes,Yes,No,Month-to-month,No,Electronic check,50.94,2638.69,No
64644684,Female,0,Yes,No,65,Yes,No,No,No internet service,No internet service,No internet service,No internet service,No internet service,No internet service,Month-to-month,No,Electronic check,63.98,4222.68,No
77946127,Male,0,Yes,Yes,61,Yes,No,Fiber optic,No,No,No,No,No,No,Two year,Yes,Electronic check,39.48,2447.76,No
24289484,Female,1,Yes,No,59,Yes,Yes,Fiber optic,No,Yes,No,Yes,Yes,Yes,Month-to-month,Yes,Electronic check,101.88,6112.8,Yes
84978145,Female,0,No,No,39,Yes,Yes,DSL,No,No,Yes,Yes,Yes,Yes,Two year,No,Bank transfer (automatic),56.92,2276.8,No
19715480,Female,0,Yes,No,14,Yes,No,Fiber optic,Yes,Yes,No,No,Yes,No,Two year,Yes,Electronic check,76.35,1145.25,No
77534222,Male,0,No,Yes,6,Yes,No,Fiber optic,No,No,Yes,No,Yes,No,Month-to-month,Yes,Electronic check,101.39,709.73,Yes
49493811,Female,0,Yes,No,38,Yes,No,No,No internet service,No internet service,No internet service,No internet service,No internet service,No internet service,Two year,Yes,Electronic check,111.4,4344.6,Yes
55629449,Male,0,No,Yes,50,Yes,No,Fiber optic,No,Yes,Yes,No,Yes,No,Month-to-month,Yes,Bank transfer (automatic),71.78,3660.78,Yes
25704681,Male,0,No,No,6,Yes,No,DSL,Yes,No,Yes,No,No,No,Two year,Yes,Electronic check,67.15,470.05,No
78892172,Female,0,No,No,11,Yes,No,Fiber optic,Yes,Yes,No,No,No,Yes,Month-to-month,No,Electronic check,91.15,1093.8,Yes
44587020,Female,0,No,No,13,Yes,Yes,DSL,Yes,No,Yes,No,Yes,Yes,Month-to-month,Yes,Credit card (automatic),82.37,1153.18,No
82196170,Female,0,Yes,No,33,Yes,No,No,No internet service,No internet service,No internet service,No internet service,No internet service,No internet service,Two year,No,Electronic check,35.65,1212.1,No
87160950,Male,0,No,No,38,Yes,No,DSL,No,No,No,Yes,Yes,No,One year,Yes,Bank transfer (automatic),119.4,4656.6,No
43573422,Male,1,Yes,No,72,Yes,No,DSL,No,Yes,Yes,No,Yes,No,One year,Yes,Credit card (automatic),77.14,5635.08,No
69427400,Female,0,Yes,No,63,Yes,Yes,Fiber optic,Yes,No,No,No,Yes,Yes,Month-to-month,Yes,Electronic check,94.51,6048.64,Yes
60610858,Female,0,Yes,Yes,11,Yes,Yes,DSL,No,No,No,No,Yes,Yes,Two year,No,Mailed check,80.64,951.55,No
85587210,Male,0,No,Yes,33,No,No phone service,DSL,Yes,No,No,No,No,Yes,Month-to-month,Yes,Bank transfer (automatic),85.41,2903.94,No
74911705,Male,0,No,Yes,26,Yes,No,Fiber optic,No,No,No,No,No,Yes,Two year,Yes,Credit card (automatic),65.06,1759.87,Yes
42651583,Male,0,No,No,21,Yes,No,Fiber optic,No,Yes,No,No,Yes,Yes,Two year,No,Credit card (automatic),90.9,2004.35,No
55588495,Male,0,Yes,No,17,Yes,No,Fiber optic,No,No,No,Yes,No,Yes,Month-to-month,Yes,Electronic check,90.33,1625.94,Yes
71585593,Female,1,Yes,No,45,Yes,No,No,No internet service,No internet service,No internet service,No internet service,No internet service,No internet service,One year,Yes,Mailed check,95.58,4396.68,No
71836850,Female,0,No,Yes,43,Yes,Yes,Fiber optic,No,No,No,No,No,Yes,Month-to-month,No,Mailed check,28.95,1273.8,Yes
88762521,Female,1,No,No,17,Yes,No,No,No internet service,No internet service,No internet service,No internet service,No internet service,No internet service,One year,Yes,Credit card (automatic),33.47,602.46,No
13670948,Female,0,Yes,Yes,36,Yes,No,DSL,No,No,No,No,No,No,Month-to-month,Yes,Credit card (automatic),73.69,2726.53,No
74688940,Female,0,No,No,6,Yes,No,DSL,Yes,No,Yes,Yes,No,Yes,Month-to-month,Yes,Credit card (automatic),57.99,405.93,No
25605267,Female,0,Yes,No,67,Yes,No,Fiber optic,Yes,No,Yes,Yes,No,No,Two year,Yes,Electronic check,107.12,7284.16,No
44603983,Female,0,Yes,Yes,59,Yes,No,DSL,No,No,Yes,No,No,No,One year,Yes,Electronic check,43.73,2615.05,No
19066979,Male,0,Yes,No,47,No,No phone service,DSL,Yes,No,No,Yes,Yes,Yes,Month-to-month,Yes,Credit card (automatic),96.77,4625.61,No
61361533,Male,0,Yes,Yes,50,Yes,No,No,No internet service,No internet service,No internet service,No internet service,No internet service,No internet service,Month-to-month,Yes,Electronic check,19.96,1017.96,No
95048646,Male,0,Yes,No,51,Yes,No,Fiber optic,No,Yes,Yes,Yes,No,No,Month-to-month,Yes,Bank transfer (automatic),24.45,1271.4,No
39579214,Male,0,No,No,51,Yes,No,DSL,No,Yes,Yes,Yes,No,Yes,One year,No,Electronic check,69.31,3604.12,No
40860700,Female,0,No,No,53,No,No phone service,Fiber optic,Yes,No,Yes,Yes,No,Yes,One year,No,Bank transfer (automatic),80.61,4352.94,No
52376656,Male,0,No,No,40,Yes,Yes,DSL,No,Yes,Yes,Yes,No,No,Month-to-month,Yes,Credit card (automatic),89.34,3662.94,Yes
65354876,Female,0,No,No,41,Yes,No,Fiber optic,No,No,Yes,Yes,Yes,No,Month-to-month,Yes,Bank transfer (automatic),99.28,4174.72,No
57391778,Male,0,No,No,21,Yes,No,DSL,Yes,No,No,No,No,No,One year,Yes,Mailed check,79.62,1751.64,No
79324022,Female,0,Yes,No,38,Yes,No,DSL,Yes,No,Yes,No,No,Yes,One year,Yes,Credit card (automatic),67.45,2630.55,Yes
81893982,Male,0,No,No,22,Yes,No,DSL,No,No,Yes,Yes,Yes,Yes,Month-to-month,No,Electronic check,46.13,1060.99,No
11305024,Female,0,No,Yes,47,Yes,No,No,No internet service,No internet service,No internet service,No internet service,No internet service,No internet service,Month-to-month,Yes,Mailed check,18.0,864.0,Yes
45346197,Female,0,Yes,No,32,Yes,No,DSL,No,No,Yes,No,Yes,Yes,Month-to-month,No,Bank transfer (automatic),90.57,2988.81,Yes
43320572,Male,1,Yes,Yes,40,Yes,Yes,Fiber optic,No,No,Yes,Yes,Yes,No,Month-to-month,Yes,Electronic check,43.52,1784.32,No
48559355,Female,1,No,Yes,29,Yes,No,DSL,Yes,No,Yes,No,Yes,Yes,One year,No,Electronic check,74.33,2229.9,No
22483514,Male,1,No,Yes,46,Yes,No,Fiber optic,Yes,No,Yes,Yes,Yes,No,Month-to-month,No,Bank transfer (automatic),96.02,4493.74,No
63543563,Male,0,Yes,Yes,56,Yes,No,Fiber optic,Yes,Yes,Yes,Yes,No,No,Month-to-month,No,Bank transfer (automatic),160.37,9141.09,No
55901507,Male,0,No,Yes,71,Yes,No,Fiber optic,No,Yes,Yes,No,No,Yes,Month-to-month,Yes,Credit card (automatic),67.75,4864.45,No
20204415,Male,0,No,Yes,56,Yes,No,Fiber optic,Yes,Yes,Yes,No,No,No,One year,Yes,Electronic check,36.65,2090.88,No
84430642,Male,0,Yes,No,61,Yes,No,No,No internet service,No internet service,No internet service,No internet service,No internet service,No internet service,Two year,Yes,Electronic check,74.6,4625.2,No
33955951,Female,1,No,Yes,56,Yes,No,DSL,No,No,No,No,No,No,One year,No,Bank transfer (automatic),18.0,1026.9,No
73962190,Male,0,No,Yes,67,Yes,No,DSL,No,Yes,Yes,Yes,No,No,One year,Yes,Bank transfer (automatic),65.02,4421.36,No
52127291,Male,0,Yes,No,71,Yes,Yes,No,No internet service,No internet service,No internet service,No internet service,No internet service,No internet service,One year,Yes,Mailed check,70.64,5086.08,No
57451057,Male,0,No,Yes,24,Yes,Yes,No,No internet service,No internet service,No internet service,No internet service,No internet service,No internet service,Month-to-month,Yes,Bank transfer (automatic),74.64,1866.0,No
39335449,Female,0,Yes,Yes,39,Yes,No,Fiber optic,No,Yes,No,No,Yes,Yes,Month-to-month,No,Electronic check,106.25,4250.0,Yes
87002404,Male,0,Yes,No,16,No,No phone service,Fiber optic,No,Yes,No,No,Yes,Yes,Two year,No,Bank transfer (automatic),91.46,1554.82,No
46114740,Male,0,Yes,No,47,No,No phone service,DSL,No,No,Yes,Yes,Yes,No,Two year,No,Mailed check,49.24,2363.52,No
34532913,Male,1,No,No,38,Yes,No,Fiber optic,No,Yes,Yes,Yes,Yes,Yes,Month-to-month,Yes,Bank transfer (automatic),110.39,4305.21,No
35523849,Female,1,No,No,14,Yes,No,DSL,Yes,Yes,No,No,No,No,Month-to-month,Yes,Bank transfer (automatic),108.31,1624.65,No
76974557,Female,0,Yes,No,16,Yes,No,No,No internet service,No internet service,No internet service,No internet service,No internet service,No internet service,Two year,Yes,Electronic check,44.64,761.11,No
36798789,Female,0,Yes,No,34,Yes,No,DSL,Yes,No,Yes,No,No,Yes,Month-to-month,Yes,Bank transfer (automatic),20.67,723.45,No
41522559,Male,0,Yes,No,32,Yes,No,Fiber optic,No,Yes,Yes,Yes,Yes,No,Two year,No,Credit card (automatic),18.0,594.0,No
42488275,Male,0,No,No,17,Yes,Yes,Fiber optic,No,Yes,No,No,No,Yes,Month-to-month,Yes,Electronic check,88.38,1590.84,Yes
45622106,Female,1,No,No,29,Yes,Yes,DSL,Yes,No,No,No,Yes,Yes,Month-to-month,No,Electronic check,100.61,3018.3,Yes
37753358,Female,0,No,Yes,36,Yes,No,Fiber optic,No,No,No,Yes,Yes,No,Two year,No,Electronic check,57.87,2141.19,Yes
40763714,Female,0,No,No,6,Yes,No,No,No internet service,No internet service,No internet service,No internet service,No internet service,No internet service,One year,No,Electronic check,69.32,485.24,No
37214866,Female,0,No,Yes,27,Yes,Yes,Fiber optic,Yes,No,No,Yes,Yes,Yes,Month-to-month,Yes,Credit card (automatic),86.48,2421.44,No
43513553,Male,0,Yes,No,17,Yes,No,No,No internet service,No internet service,No internet service,No internet service,No internet service,No internet service,Month-to-month,No,Credit card (automatic),79.16,1424.88,Yes
93026670,Male,0,Yes,No,46,Yes,No,DSL,No,No,No,No,No,No,Two year,Yes,Mailed check,81.15,3814.05,No
57785185,Female,0,No,No,22,Yes,Yes,DSL,No,Yes,Yes,No,Yes,No,Month-to-month,No,Credit card (automatic),133.42,3068.66,No
30937370,Male,0,No,No,19,Yes,No,No,No internet service,No internet service,No internet service,No internet service,No internet service,No internet service,Month-to-month,No,Electronic check,65.23,1291.55,Yes
24319594,Female,0,Yes,No,30,Yes,No,DSL,No,No,No,Yes,No,No,Two year,Yes,Mailed check,75.59,2343.29,No
26089818,Male,0,No,Yes,13,No,No phone service,Fiber optic,No,Yes,No,Yes,No,No,One year,No,Bank transfer (automatic),53.0,742.0,No
20534423,Female,0,No,Yes,22,Yes,Yes,Fiber optic,Yes,No,No,No,No,No,Two year,No,Electronic check,102.92,2367.16,No
99043272,Female,0,Yes,No,1,Yes,No,Fiber optic,No,No,No,No,No,Yes,Month-to-month,No,Bank transfer (automatic),115.81,231.62,Yes
76124358,Female,0,No,No,28,Yes,No,Fiber optic,No,Yes,Yes,Yes,Yes,Yes,One year,Yes,Credit card (automatic),77.11,2236.19,No
92386462,Male,0,No,No,49,Yes,Yes,Fiber optic,No,Yes,Yes,Yes,No,No,Month-to-month,Yes,Credit card (automatic),81.67,4083.5,Yes
10889014,Male,0,Yes,No,72,Yes,No,No,No internet service,No internet service,No internet service,No internet service,No internet service,No internet service,Two year,No,Electronic check,111.41,8132.93,Yes
82675403,Male,0,No,No,58,Yes,Yes,DSL,Yes,No,Yes,Yes,Yes,No,Month-to-month,No,Credit card (automatic),58.28,3441.43,No
15672460,Female,1,Yes,No,32,Yes,No,Fiber optic,Yes,Yes,No,No,No,No,Month-to-month,Yes,Bank transfer (automatic),79.41,2604.65,Yes
74732147,Female,0,Yes,No,47,Yes,Yes,DSL,Yes,No,Yes,No,No,Yes,Month-to-month,Yes,Bank transfer (automatic),21.66,1039.68,Yes
59821155,Female,0,No,No,43,Yes,No,Fiber optic,No,Yes,No,No,No,Yes,One year,Yes,Electronic check,74.06,3258.64,No
93304578,Male,0,Yes,No,11,Yes,Yes,DSL,No,Yes,Yes,Yes,No,No,Month-to-month,Yes,Bank transfer (automatic),63.85,766.2,No
52334540,Female,0,Yes,No,41,Yes,No,Fiber optic,Yes,No,No,Yes,Yes,Yes,Month-to-month,Yes,Electronic check,106.06,4454.52,Yes
76080806,Male,0,Yes,No,34,Yes,Yes,DSL,No,Yes,No,No,No,Yes,Month-to-month,Yes,Mailed check,64.88,2274.04,No
87110685,Male,1,Yes,No,40,Yes,No,DSL,No,No,Yes,No,Yes,No,Two year,No,Electronic check,60.56,2482.96,No
46874043,Male,0,Yes,No,54,Yes,No,Fiber optic,Yes,Yes,Yes,No,No,Yes,One year,Yes,Electronic check,118.21,6501.55,No
75874779,Female,0,No,No,12,No,No phone service,DSL,No,No,Yes,Yes,No,Yes,Month-to-month,Yes,Bank transfer (automatic),64.02,832.26,No
34544645,Female,0,Yes,No,38,No,No phone service,Fiber optic,No,Yes,Yes,No,Yes,No,Month-to-month,No,Bank transfer (automatic),89.25,3462.9,No
78603195,Female,0,No,No,65,Yes,Yes,Fiber optic,No,Yes,No,No,Yes,Yes,Two year,No,Mailed check,112.64,7434.24,Yes
47616749,Male,0,No,No,34,Yes,No,DSL,No,No,No,Yes,No,Yes,One year,Yes,Bank transfer (automatic),52.52,1838.2,No
63402482,Male,0,Yes,Yes,71,Yes,No,Fiber optic,No,Yes,No,No,Yes,Yes,Month-to-month,Yes,Credit card (automatic),95.93,6887.77,No
39808788,Female,0,No,No,32,Yes,No,No,No internet service,No internet service,No internet service,No internet service,No internet service,No internet service,Month-to-month,Yes,Electronic check,47.74,1565.87,No
87398691,Female,0,No,No,35,Yes,No,No,No internet service,No internet service,No internet service,No internet service,No internet service,No internet service,Month-to-month,No,Electronic check,89.51,3226.84,No
27212880,Male,0,Yes,No,12,Yes,Yes,Fiber optic,No,Yes,Yes,No,Yes,No,Month-to-month,No,Electronic check,96.0,1248.0,Yes
17267644,Male,0,Yes,No,55,Yes,No,DSL,No,Yes,Yes,Yes,No,No,One year,Yes,Bank transfer (automatic),53.51,2996.56,No
80563016,Female,0,No,No,45,Yes,Yes,DSL,No,No,Yes,No,No,Yes,Month-to-month,Yes,Bank transfer (automatic),18.0,828.0,No
66797703,Male,0,No,No,72,Yes,No,Fiber optic,Yes,No,Yes,Yes,No,Yes,Two year,Yes,Bank transfer (automatic),38.28,2794.44,No
74199033,Female,0,Yes,Yes,45,Yes,No,Fiber optic,No,No,Yes,No,No,No,Month-to-month,Yes,Bank transfer (automatic),74.66,3434.36,No
82580645,Female,0,Yes,Yes,43,Yes,No,DSL,No,No,Yes,No,No,No,Month-to-month,No,Mailed check,38.03,1665.71,No
14370484,Male,0,Yes,No,45,Yes,No,Fiber optic,No,Yes,Yes,No,No,No,Month-to-month,No,Credit card (automatic),57.66,2652.36,No
77441081,Male,0,Yes,No,68,Yes,No,No,No internet service,No internet service,No internet service,No internet service,No internet service,No internet service,Month-to-month,Yes,Electronic check,85.34,5888.46,No
56612335,Male,0,No,No,30,Yes,No,Fiber optic,Yes,Yes,No,No,No,Yes,Two year,No,Bank transfer (automatic),61.45,1904.95,No
62843790,Female,0,Yes,Yes,23,Yes,Yes,Fiber optic,Yes,Yes,No,Yes,No,No,Two year,Yes,Electronic check,72.42,1738.08,No
33461307,Male,0,Yes,No,31,No,No phone service,DSL,No,Yes,Yes,No,Yes,Yes,Month-to-month,No,Electronic check,50.05,1601.6,No
71363812,Female,0,Yes,No,66,Yes,Yes,Fiber optic,Yes,No,No,No,No,Yes,Two year,Yes,Electronic check,126.45,8472.15,Yes
26155543,Female,0,Yes,No,15,Yes,Yes,Fiber optic,Yes,No,Yes,Yes,No,Yes,Two year,Yes,Bank transfer (automatic),48.34,773.44,No
79552316,Male,0,Yes,No,56,Yes,Yes,Fiber optic,No,No,Yes,No,No,No,Month-to-month,Yes,Electronic check,68.54,3906.78,No
71749629,Female,0,Yes,No,23,Yes,Yes,Fiber optic,Yes,No,No,Yes,Yes,No,Month-to-month,No,Electronic check,86.21,2069.04,No
52365995,Male,0,Yes,No,33,Yes,No,Fiber optic,No,No,Yes,Yes,No,Yes,Month-to-month,Yes,Credit card (automatic),38.64,1313.76,Yes
11129926,Male,0,No,No,51,Yes,No,Fiber optic,No,No,No,No,No,No,Month-to-month,No,Electronic check,70.45,3663.4,No
11586450,Female,0,No,No,47,Yes,No,DSL,No,No,No,Yes,Yes,Yes,Month-to-month,Yes,Bank transfer (automatic),63.73,3059.04,No
38286706,Female,0,Yes,No,52,Yes,No,No,No internet service,No internet service,No internet service,No internet service,No internet service,No internet service,Month-to-month,Yes,Credit card (automatic),93.16,4937.48,No
60925964,Female,0,No,No,54,Yes,Yes,No,No internet service,No internet service,No internet service,No internet service,No internet service,No internet service,Month-to-month,No,Credit card (automatic),71.14,3916.26,Yes
87981603,Female,0,Yes,No,37,Yes,No,Fiber optic,No,No,Yes,Yes,No,Yes,Two year,Yes,Bank transfer (automatic),52.45,1993.1,No
23522144,Male,0,No,Yes,1,Yes,No,DSL,Yes,Yes,No,No,No,Yes,Month-to-month,No,Electronic check,78.9,157.8,No
53679307,Male,0,Yes,Yes,68,Yes,No,DSL,No,Yes,Yes,No,Yes,No,Two year,No,Credit card (automatic),103.74,7158.06,No
58533442,Female,0,Yes,No,52,Yes,Yes,No,No internet service,No internet service,No internet service,No internet service,No internet service,No internet service,One year,Yes,Electronic check,61.05,3238.7,No
92245683,Female,0,No,No,49,Yes,No,No,No internet service,No internet service,No internet service,No internet service,No internet service,No internet service,One year,Yes,Electronic check,71.84,3592.0,No
44856447,Male,0,Yes,No,28,Yes,Yes,DSL,No,No,Yes,No,Yes,No,Month-to-month,Yes,Credit card (automatic),67.62,1960.98,Yes
35119175,Male,0,Yes,No,54,Yes,Yes,Fiber optic,No,Yes,Yes,No,Yes,Yes,Two year,Yes,Electronic check,81.92,4489.22,No
83626933,Female,1,No,No,60,Yes,No,Fiber optic,No,Yes,No,No,No,Yes,Month-to-month,No,Bank transfer (automatic),47.24,2881.64,No
45279000,Female,0,No,No,49,Yes,No,DSL,No,Yes,Yes,No,No,No,Two year,Yes,Mailed check,125.93,6296.5,No
41828278,Male,0,No,No,15,Yes,Yes,Fiber optic,Yes,No,Yes,Yes,No,No,Month-to-month,Yes,Credit card (automatic),110.97,1775.52,No
46159360,Female,0,Yes,Yes,69,Yes,No,Fiber optic,No,No,Yes,No,Yes,No,Month-to-month,Yes,Bank transfer (automatic),59.78,4184.6,No
73262903,Female,0,No,No,43,Yes,No,DSL,Yes,Yes,Yes,No,Yes,Yes,One year,No,Credit card (automatic),133.46,5872.24,No
92286747,Male,0,Yes,No,15,Yes,No,DSL,No,No,Yes,Yes,No,Yes,One year,No,Bank transfer (automatic),18.0,288.0,No
56049627,Male,0,Yes,No,27,Yes,Yes,DSL,Yes,No,No,Yes,No,Yes,One year,Yes,Electronic check,96.04,2693.92,No
59113508,Male,0,No,No,56,Yes,Yes,No,No internet service,No internet service,No internet service,No internet service,No internet service,No internet service,One year,Yes,Credit card (automatic),180.84,10307.88,No
34684475,Male,0,No,No,25,Yes,No,Fiber optic,Yes,Yes,No,No,No,No,Month-to-month,Yes,Mailed check,62.65,1628.9,Yes
76943778,Male,0,No,No,10,Yes,No,Fiber optic,Yes,No,No,No,No,Yes,Month-to-month,No,Credit card (automatic),96.64,1063.04,No
66900650,Female,0,No,No,0,Yes,Yes,Fiber optic,No,No,No,No,Yes,No,Two year,No,Credit card (automatic),96.71,96.71,No
38257191,Female,0,Yes,No,68,Yes,No,No,No internet service,No internet service,No internet service,No internet service,No internet service,No internet service,Month-to-month,Yes,Bank transfer (automatic),63.44,4377.36,Yes
66249702,Female,0,Yes,Yes,42,Yes,Yes,DSL,No,No,No,No,Yes,Yes,Month-to-month,Yes,Mailed check,86.98,3740.14,No
59970552,Female,1,Yes,No,45,No,No phone service,DSL,Yes,Yes,No,Yes,No,No,Month-to-month,No,Electronic check,121.17,5573.82,No
58999937,Male,0,No,Yes,35,Yes,Yes,DSL,No,Yes,Yes,No,Yes,Yes,One year,No,Bank transfer (automatic),44.31,1597.38,No
63766628,Male,0,Yes,No,65,Yes,No,No,No internet service,No internet service,No internet service,No internet service,No internet service,No internet service,Month-to-month,Yes,Bank transfer (automatic),85.59,5648.94,No
47531240,Male,0,No,No,56,Yes,Yes,Fiber optic,No,No,No,No,Yes,No,Two year,No,Electronic check,99.09,5648.13,No
70495821,Male,0,No,Yes,5,Yes,No,Fiber optic,Yes,No,No,Yes,No,No,Two year,No,Credit card (automatic),49.92,299.52,No
34144323,Female,0,No,No,61,Yes,No,DSL,Yes,Yes,Yes,Yes,Yes,Yes,Month-to-month,Yes,Electronic check,73.88,4580.56,No
86693314,Female,0,No,No,26,Yes,Yes,Fiber optic,No,Yes,No,Yes,No,Yes,Two year,No,Credit card (automatic),85.77,2315.79,No
27601200,Male,1,No,No,25,Yes,No,DSL,Yes,No,No,Yes,Yes,Yes,Two year,No,Credit card (automatic),49.71,1292.46,No
87295013,Male,0,No,Yes,12,Yes,No,Fiber optic,No,Yes,No,No,Yes,No,Two year,No,Credit card (automatic),115.03,1495.39,No
40677709,Male,0,No,No,17,Yes,No,DSL,Yes,No,No,No,No,Yes,Month-to-month,Yes,Credit card (automatic),79.23,1426.14,Yes
23404289,Male,0,Yes,Yes,37,No,No phone service,Fiber optic,No,No,No,No,Yes,Yes,One year,Yes,Credit card (automatic),49.91,1896.58,Yes
46231955,Male,0,Yes,Yes,5,No,No phone service,Fiber optic,No,Yes,No,Yes,No,No,Month-to-month,No,Credit card (automatic),36.95,214.31,No
41649234,Male,0,No,No,27,Yes,No,No,No internet service,No internet service,No internet service,No internet service,No internet service,No internet service,Month-to-month,Yes,Bank transfer (automatic),62.97,1763.16,No
84536479,Female,0,No,Yes,4,Yes,No,DSL,Yes,Yes,No,Yes,No,No,Month-to-month,Yes,Electronic check,61.8,312.09,No
68011418,Male,0,Yes,No,58,Yes,No,Fiber optic,No,No,Yes,No,No,No,Month-to-month,Yes,Electronic check,83.1,4902.9,No
61121302,Male,0,Yes,Yes,72,Yes,Yes,No,No internet service,No internet service,No internet service,No internet service,No internet service,No internet service,Month-to-month,Yes,Bank transfer (automatic),35.45,2587.85,Yes
36315159,Female,0,No,No,44,No,No phone service,DSL,Yes,No,No,No,No,No,Two year,No,Bank transfer (automatic),52.0,2340.0,No
29574814,Male,0,No,No,52,Yes,No,Fiber optic,Yes,No,No,Yes,No,Yes,Two year,Yes,Mailed check,116.57,6154.9,No
30072000,Female,0,Yes,No,1,Yes,No,Fiber optic,Yes,No,No,Yes,No,No,Month-to-month,Yes,Credit card (automatic),24.77,49.54,Yes
73483243,Male,0,No,No,48,Yes,Yes,DSL,No,Yes,No,No,No,No,Month-to-month,Yes,Electronic check,52.92,2595.73,Yes
11307588,Female,0,No,No,72,Yes,No,DSL,Yes,No,No,Yes,No,No,Month-to-month,Yes,Electronic check,34.53,2520.69,No
33703827,Male,0,No,No,62,Yes,No,DSL,No,No,No,No,No,Yes,Month-to-month,No,Credit card (automatic),77.42,4881.33,Yes
66575546,Female,0,Yes,Yes,69,Yes,No,Fiber optic,No,Yes,No,Yes,No,No,Month-to-month,No,Mailed check,92.31,6461.7,No
77054885,Male,0,Yes,No,57,Yes,Yes,DSL,Yes,Yes,No,Yes,Yes,No,One year,No,Electronic check,177.83,10314.14,No
28048483,Female,1,Yes,Yes,3,Yes,No,DSL,No,No,No,Yes,Yes,Yes,Month-to-month,Yes,Electronic check,100.07,380.27,Yes
94644676,Female,1,Yes,No,29,Yes,No,Fiber optic,No,Yes,Yes,No,No,Yes,Month-to-month,Yes,Bank transfer (automatic),34.32,1022.74,No
79391501,Male,0,Yes,No,56,Yes,No,Fiber optic,No,No,No,No,Yes,No,One year,Yes,Electronic check,87.52,4988.64,No
81669929,Male,1,No,Yes,46,Yes,No,DSL,Yes,Yes,Yes,Yes,No,Yes,Month-to-month,Yes,Mailed check,67.4,3167.8,No
52376193,Female,0,Yes,No,17,Yes,No,Fiber optic,No,Yes,Yes,Yes,No,Yes,Month-to-month,Yes,Credit card (automatic),56.54,1006.41,No
75313057,Female,0,No,Yes,43,Yes,Yes,No,No internet service,No internet service,No internet service,No internet service,No internet service,No internet service,Month-to-month,Yes,Mailed check,70.7,3110.8,No
50269906,Male,0,No,No,51,Yes,No,DSL,Yes,No,No,No,Yes,No,Two year,No,Mailed check,96.84,5035.68,No
43685164,Male,0,Yes,Yes,48,Yes,Yes,DSL,No,No,No,Yes,No,Yes,Month-to-month,Yes,Electronic check,95.06,4662.69,No
85448945,Male,0,No,No,29,No,No phone service,DSL,No,No,No,Yes,No,No,Two year,Yes,Electronic check,29.52,885.6,No
86213459,Female,0,No,Yes,51,Yes,No,DSL,Yes,No,No,Yes,Yes,No,Month-to-month,No,Mailed check,71.32,3708.64,No
16403434,Male,0,No,Yes,36,Yes,Yes,Fiber optic,Yes,Yes,No,Yes,Yes,No,Month-to-month,No,Electronic check,40.13,1484.81,Yes
63472598,Female,0,Yes,No,62,No,No phone service,No,No internet service,No internet service,No internet service,No internet service,No internet service,No internet service,Two year,Yes,Mailed check,74.87,4716.81,No
23284172,Female,0,No,Yes,11,Yes,No,Fiber optic,Yes,No,No,No,Yes,Yes,Two year,No,Bank transfer (automatic),56.81,670.36,No
31923376,Male,0,Yes,No,16,Yes,No,Fiber optic,No,Yes,Yes,No,No,Yes,Month-to-month,No,Electronic check,94.6,1612.93,Yes
18057946,Male,0,No,No,33,Yes,Yes,Fiber optic,No,Yes,Yes,Yes,No,No,Month-to-month,Yes,Electronic check,61.78,2100.52,No
38919534,Male,0,Yes,Yes,27,Yes,No,DSL,No,Yes,No,Yes,Yes,No,Month-to-month,No,Credit card (automatic),49.01,1372.28,Yes
44130183,Female,1,No,No,3,Yes,No,DSL,Yes,No,Yes,Yes,Yes,Yes,Month-to-month,Yes,Bank transfer (automatic),71.8,272.84,No
73960038,Female,0,Yes,Yes,45,Yes,No,Fiber optic,No,Yes,No,Yes,Yes,Yes,Month-to-month,No,Bank transfer (automatic),69.41,3192.86,No
94538675,Female,0,Yes,Yes,13,Yes,Yes,Fiber optic,Yes,Yes,No,No,No,No,Month-to-month,Yes,Mailed check,65.25,913.5,No
22925420,Male,0,No,Yes,12,No,No phone service,DSL,No,Yes,No,Yes,No,No,Month-to-month,Yes,Bank transfer (automatic),56.62,736.06,No
70378491,Female,0,No,No,57,Yes,No,DSL,Yes,Yes,No,Yes,No,No,Month-to-month,No,Mailed check,18.0,1044.0,No
54916840,Female,0,Yes,Yes,48,Yes,No,Fiber optic,Yes,Yes,No,No,Yes,Yes,Two year,No,Electronic check,128.32,6287.68,No
44865621,Female,1,Yes,No,49,Yes,No,Fiber optic,Yes,Yes,No,No,Yes,No,Month-to-month,No,Mailed check,29.71,1485.5,No
58447502,Male,0,No,No,66,Yes,No,Fiber optic,Yes,Yes,No,No,No,No,Month-to-month,No,Bank transfer (automatic),77.23,5174.41,No
58359530,Female,0,No,No,20,Yes,Yes,Fiber optic,Yes,Yes,No,No,No,No,Two year,Yes,Electronic check,81.32,1707.72,No
85208908,Male,0,Yes,No,50,Yes,No,Fiber optic,Yes,Yes,Yes,Yes,No,No,Two year,Yes,Bank transfer (automatic),135.34,6902.34,Yes
84825240,Female,0,No,No,37,Yes,No,DSL,Yes,No,No,Yes,Yes,Yes,Month-to-month,No,Electronic check,139.39,5296.82,Yes
44589898,Male,0,No,No,25,Yes,No,No,No internet service,No internet service,No internet service,No internet service,No internet service,No internet service,Month-to-month,No,Electronic check,82.23,2137.98,Yes
56189726,Female,0,Yes,Yes,5,Yes,Yes,DSL,No,Yes,Yes,Yes,No,No,Month-to-month,Yes,Bank transfer (automatic),39.26,235.56,No
12662253,Male,0,No,No,17,Yes,Yes,DSL,Yes,No,No,No,No,Yes,Month-to-month,Yes,Electronic check,40.19,723.42,Yes
65265613,Male,0,No,No,5,Yes,No,No,No internet service,No internet service,No internet service,No internet service,No internet service,No internet service,One year,No,Bank transfer (automatic),51.34,308.04,No
26272220,Female,0,No,No,40,Yes,Yes,DSL,Yes,No,No,No,Yes,Yes,Two year,Yes,Bank transfer (automatic),69.13,2834.33,No
57122567,Male,0,Yes,Yes,56,Yes,No,Fiber optic,No,No,Yes,No,No,No,Two year,No,Electronic check,56.06,3195.42,No
91279039,Female,0,No,Yes,49,Yes,No,No,No internet service,No internet service,No internet service,No internet service,No internet service,No internet service,Month-to-month,Yes,Mailed check,40.91,2045.5,Yes
36703705,Male,0,Yes,No,24,Yes,No,Fiber optic,Yes,No,No,Yes,Yes,Yes,Month-to-month,Yes,Credit card (automatic),72.67,1816.75,No
87424000,Male,1,No,Yes,47,No,No phone service,DSL,Yes,Yes,No,Yes,Yes,Yes,Month-to-month,No,Bank transfer (automatic),44.73,2147.04,No
87295245,Female,0,Yes,No,23,Yes,Yes,Fiber optic,Yes,No,No,No,Yes,Yes,Month-to-month,No,Electronic check,111.49,2675.76,No
97223468,Female,0,No,Yes,29,Yes,Yes,No,No internet service,No internet service,No internet service,No internet service,No internet service,No internet service,Month-to-month,Yes,Electronic check,44.98,1349.4,No
97124881,Female,0,No,No,44,Yes,No,Fiber optic,No,No,No,No,No,No,Month-to-month,Yes,Credit card (automatic),49.47,2216.26,No
82267959,Female,0,Yes,No,42,Yes,Yes,Fiber optic,Yes,Yes,Yes,No,Yes,No,Month-to-month,No,Mailed check,73.37,3154.91,No
33426205,Female,0,No,Yes,71,Yes,Yes,No,No internet service,No internet service,No internet service,No internet service,No internet service,No internet service,Two year,No,Electronic check,30.81,2218.32,No
48199537,Female,0,No,Yes,55,Yes,No,No,No internet service,No internet service,No internet service,No internet service,No internet service,No internet service,One year,Yes,Mailed check,58.86,3296.16,No
57661928,Female,0,Yes,No,72,Yes,No,Fiber optic,Yes,No,Yes,Yes,No,No,Month-to-month,Yes,Bank transfer (automatic),24.9,1817.7,Yes
53632879,Male,0,No,Yes,69,No,No phone service,DSL,No,No,No,No,Yes,No,Two year,Yes,Bank transfer (automatic),68.21,4774.7,No
78510704,Female,0,No,No,32,Yes,No,Fiber optic,Yes,No,Yes,Yes,Yes,No,Month-to-month,Yes,Bank transfer (automatic),45.15,1489.95,Yes
75430302,Female,1,Yes,No,44,Yes,No,DSL,No,Yes,No,No,No,No,Month-to-month,Yes,Credit card (automatic),55.16,2482.2,Yes
69985944,Male,0,No,Yes,6,Yes,No,Fiber optic,Yes,No,Yes,No,No,Yes,Month-to-month,No,Mailed check,74.17,519.19,No
20523679,Female,0,No,No,17,Yes,Yes,Fiber optic,Yes,Yes,No,No,Yes,Yes,Two year,Yes,Mailed check,57.97,1043.46,No
61146483,Female,0,Yes,No,69,Yes,No,Fiber optic,Yes,Yes,Yes,Yes,Yes,Yes,Two year,Yes,Mailed check,92.01,6440.7,No
92364557,Female,0,No,No,44,Yes,No,Fiber optic,No,No,Yes,No,Yes,Yes,Month-to-month,No,Electronic check,40.32,1814.4,No
48456543,Male,0,Yes,No,36,No,No phone service,No,No internet service,No internet service,No internet service,No internet service,No internet service,No internet service,Month-to-month,Yes,Bank transfer (automatic),55.82,2065.34,Yes
72243750,Male,0,No,No,20,Yes,No,DSL,No,No,No,Yes,No,Yes,Two year,Yes,Bank transfer (automatic),60.25,1268.26,No
94786974,Female,0,No,No,43,Yes,No,DSL,Yes,Yes,No,No,No,Yes,Month-to-month,Yes,Credit card (automatic),94.23,4146.12,No
29441214,Male,0,Yes,No,29,Yes,No,Fiber optic,Yes,No,Yes,Yes,No,No,Month-to-month,No,Electronic check,101.67,3050.1,No
32491607,Male,0,No,Yes,10,Yes,No,Fiber optic,Yes,Yes,Yes,Yes,Yes,No,One year,No,Bank transfer (automatic),40.83,449.13,No
95977279,Male,1,No,Yes,7,Yes,Yes,Fiber optic,Yes,No,No,No,Yes,Yes,One year,No,Electronic check,57.89,451.54,No
55283492,Male,0,Yes,No,4,Yes,No,No,No internet service,No internet service,No internet service,No internet service,No internet service,No internet service,One year,Yes,Credit card (automatic),18.0,90.0,Yes
66615250,Male,0,No,No,7,Yes,No,Fiber optic,Yes,Yes,No,No,No,Yes,Two year,Yes,Electronic check,69.97,559.76,No
94728082,Female,0,No,No,4,Yes,Yes,Fiber optic,No,No,Yes,Yes,No,No,Month-to-month,Yes,Credit card (automatic),71.36,342.53,No
92182875,Female,1,Yes,Yes,9,Yes,Yes,DSL,Yes,Yes,No,Yes,No,No,One year,Yes,Credit card (automatic),112.5,1130.62,No
86723896,Female,0,No,No,14,Yes,Yes,Fiber optic,No,Yes,Yes,Yes,No,No,Two year,No,Mailed check,64.76,971.4,No
64327674,Male,0,Yes,No,55,Yes,Yes,Fiber optic,No,Yes,No,No,No,Yes,Month-to-month,Yes,Electronic check,66.36,3719.48,No
19575640,Male,0,Yes,No,54,Yes,No,Fiber optic,Yes,No,Yes,No,No,No,Two year,Yes,Electronic check,56.62,3114.1,No
20618223,Male,0,No,Yes,2,No,No phone service,No,No internet service,No internet service,No internet service,No internet service,No internet service,No internet service,One year,Yes,Credit card (automatic),85.86,261.87,No
31743203,Male,0,No,No,40,Yes,Yes,Fiber optic,No,No,Yes,Yes,No,No,Month-to-month,No,Bank transfer (automatic),77.71,3186.11,Yes
56120632,Female,1,No,No,9,Yes,No,No,No internet service,No internet service,No internet service,No internet service,No internet service,No internet service,One year,No,Credit card (automatic),82.9,829.0,No
40630893,Male,0,Yes,Yes,6,Yes,No,Fiber optic,No,No,Yes,Yes,No,Yes,Two year,No,Bank transfer (automatic),134.24,939.68,No
52074850,Male,0,No,No,62,No,No phone service,Fiber optic,Yes,No,No,Yes,No,No,Two year,Yes,Electronic check,25.35,1597.05,No
52530677,Male,0,No,No,62,Yes,No,Fiber optic,Yes,No,No,Yes,No,Yes,Month-to-month,Yes,Electronic check,18.0,1134.0,No
97645934,Male,0,Yes,No,25,Yes,No,Fiber optic,Yes,Yes,No,No,Yes,Yes,Two year,Yes,Electronic check,91.38,2375.88,No
49105187,Male,0,Yes,No,33,No,No phone service,DSL,Yes,No,No,Yes,Yes,No,Month-to-month,No,Mailed check,68.6,2332.4,Yes
45899536,Female,1,No,No,71,Yes,No,DSL,No,No,Yes,No,No,No,Month-to-month,Yes,Electronic check,52.8,3801.6,Yes
91253395,Male,0,Yes,Yes,38,No,No phone service,DSL,No,No,Yes,No,Yes,No,One year,No,Bank transfer (automatic),100.38,3914.82,Yes
96522692,Female,1,Yes,Yes,59,Yes,Yes,No,No internet service,No internet service,No internet service,No internet service,No internet service,No internet service,Month-to-month,Yes,Electronic check,75.11,4491.58,No
63077115,Male,0,No,No,68,Yes,Yes,DSL,No,No,No,No,Yes,No,Month-to-month,No,Mailed check,57.8,3988.2,No
46406303,Male,0,No,Yes,25,Yes,No,Fiber optic,Yes,No,No,Yes,Yes,Yes,Month-to-month,Yes,Electronic check,96.8,2516.8,No
69713250,Female,0,No,No,61,Yes,No,Fiber optic,No,No,No,No,Yes,No,One year,No,Bank transfer (automatic),92.55,5742.73,No
58743159,Male,0,No,No,9,No,No phone service,Fiber optic,Yes,Yes,No,No,No,Yes,Month-to-month,Yes,Bank transfer (automatic),89.53,899.78,Yes
88775038,Female,0,No,Yes,53,Yes,No,Fiber optic,Yes,Yes,Yes,Yes,No,No,Month-to-month,No,Credit card (automatic),31.83,1720.41,Yes
79918804,Female,0,No,No,30,Yes,No,DSL,No,Yes,No,No,No,Yes,Month-to-month,Yes,Electronic check,45.34,1405.54,No
70436720,Female,0,Yes,No,37,Yes,No,No,No internet service,No internet service,No internet service,No internet service,No internet service,No internet service,Month-to-month,No,Credit card (automatic),78.83,2995.54,No
65564671,Male,0,Yes,Yes,24,Yes,No,No,No internet service,No internet service,No internet service,No internet service,No internet service,No internet service,Month-to-month,No,Credit card (automatic),84.17,2108.46,Yes
32457056,Male,0,Yes,No,64,Yes,No,Fiber optic,No,No,No,Yes,Yes,Yes,One year,Yes,Electronic check,112.13,7288.45,No
34680787,Male,0,Yes,No,49,Yes,Yes,No,No internet service,No internet service,No internet service,No internet service,No internet service,No internet service,Two year,No,Credit card (automatic),52.74,2637.0,No
13100576,Female,0,Yes,No,23,Yes,No,DSL,Yes,Yes,No,Yes,Yes,No,Month-to-month,No,Electronic check,69.91,1677.84,No
26782572,Male,0,Yes,No,26,Yes,No,DSL,No,No,No,No,No,No,Month-to-month,No,Electronic check,105.13,2843.77,Yes
41491128,Male,0,Yes,Yes,49,Yes,Yes,Fiber optic,No,Yes,No,No,Yes,No,Month-to-month,No,Credit card (automatic),65.83,3291.5,No
98855162,Female,0,Yes,Yes,49,Yes,Yes,No,No internet service,No internet service,No internet service,No internet service,No internet service,No internet service,One year,No,Credit card (automatic),74.97,3748.5,No
43775489,Female,0,No,Yes,14,Yes,Yes,DSL,No,No,Yes,Yes,No,Yes,Month-to-month,No,Mailed check,68.68,1030.2,No
20746107,Female,0,Yes,No,16,Yes,Yes,Fiber optic,Yes,Yes,Yes,Yes,No,No,Month-to-month,Yes,Electronic check,87.09,1484.88,Yes
38262427,Male,0,No,No,28,Yes,Yes,DSL,Yes,No,Yes,No,No,No,Month-to-month,Yes,Mailed check,85.15,2469.35,No
32402343,Male,0,Yes,Yes,4,Yes,No,No,No internet service,No internet service,No internet service,No internet service,No internet service,No internet service,One year,Yes,Credit card (automatic),21.8,109.0,No
63290556,Male,0,No,No,10,Yes,No,Fiber optic,No,No,Yes,Yes,Yes,No,Month-to-month,Yes,Bank transfer (automatic),89.39,983.29,No
23825676,Female,0,No,Yes,51,Yes,No,Fiber optic,No,Yes,No,Yes,No,Yes,Month-to-month,No,Electronic check,120.31,6232.06,Yes
22825003,Male,0,No,Yes,33,Yes,No,No,No internet service,No internet service,No internet service,No internet service,No internet service,No internet service,One year,No,Mailed check,28.39,965.26,No
18562070,Female,1,No,No,32,Yes,Yes,DSL,Yes,No,No,Yes,No,Yes,Month-to-month,No,Bank transfer (automatic),80.2,2630.56,Yes
73509922,Female,0,No,No,48,Yes,Yes,Fiber optic,No,Yes,No,No,No,No,Month-to-month,Yes,Credit card (automatic),87.33,4279.17,Yes
83609531,Male,0,Yes,No,30,Yes,Yes,DSL,No,No,No,No,No,Yes,One year,Yes,Credit card (automatic),30.39,942.09,No
17224328,Female,0,No,No,17,Yes,No,DSL,Yes,Yes,No,Yes,No,No,Month-to-month,No,Credit card (automatic),47.13,848.34,No
13538638,Male,0,No,No,4,Yes,Yes,DSL,No,No,No,Yes,Yes,No,Two year,Yes,Credit card (automatic),49.55,247.75,No
63286118,Female,0,No,No,29,Yes,No,DSL,No,Yes,No,Yes,Yes,No,Month-to-month,No,Electronic check,76.52,2295.6,Yes
80327779,Male,0,Yes,No,44,Yes,Yes,No,No internet service,No internet service,No internet service,No internet service,No internet service,No internet service,One year,Yes,Credit card (automatic),29.07,1308.15,No
21173787,Female,1,No,No,37,Yes,Yes,Fiber optic,No,Yes,No,No,Yes,Yes,Month-to-month,Yes,Credit card (automatic),49.42,1877.96,Yes
23949034,Male,0,No,No,28,Yes,Yes,DSL,Yes,Yes,Yes,No,No,No,One year,No,Bank transfer (automatic),80.91,2346.39,No
45225746,Female,0,No,No,35,Yes,No,Fiber optic,No,No,Yes,Yes,Yes,No,Month-to-month,No,Mailed check,95.84,3450.24,No
92960269,Female,0,No,No,8,Yes,Yes,Fiber optic,No,No,Yes,Yes,No,Yes,One year,Yes,Credit card (automatic),70.93,638.37,No
30840572,Male,0,Yes,No,22,No,No phone service,No,No internet service,No internet service,No internet service,No internet service,No internet service,No internet service,Month-to-month,Yes,Bank transfer (automatic),38.46,884.58,No
21316066,Female,0,Yes,No,2,No,No phone service,Fiber optic,Yes,Yes,No,Yes,No,No,Month-to-month,Yes,Credit card (automatic),61.8,185.4,Yes
97890153,Male,0,Yes,No,55,Yes,Yes,Fiber optic,No,No,No,Yes,No,No,One year,No,Mailed check,76.08,4264.28,No
62324272,Male,0,Yes,Yes,39,Yes,No,Fiber optic,No,Yes,No,Yes,Yes,Yes,One year,No,Electronic check,115.67,4626.8,No
51523026,Female,0,Yes,No,55,Yes,No,DSL,Yes,Yes,No,No,No,No,Month-to-month,Yes,Credit card (automatic),82.75,4634.0,No
40783635,Female,0,Yes,No,57,Yes,No,Fiber optic,No,Yes,No,Yes,No,Yes,Month-to-month,Yes,Credit card (automatic),132.58,7689.64,Yes
43204998,Male,0,Yes,No,30,Yes,No,Fiber optic,No,Yes,Yes,No,Yes,No,Month-to-month,Yes,Credit card (automatic),94.82,2939.42,Yes
48141360,Male,0,No,Yes,10,Yes,No,Fiber optic,Yes,Yes,Yes,No,No,Yes,Two year,No,Credit card (automatic),106.45,1170.95,No
69479985,Male,1,Yes,Yes,41,No,No phone service,Fiber optic,Yes,Yes,No,No,No,No,Two year,No,Mailed check,50.46,2109.23,No
94084814,Male,0,No,Yes,2,No,No phone service,Fiber optic,No,No,No,Yes,Yes,No,Month-to-month,Yes,Bank transfer (automatic),92.83,278.49,No
26966692,Male,0,No,No,56,Yes,Yes,No,No internet service,No internet service,No internet service,No internet service,No internet service,No internet service,Month-to-month,Yes,Credit card (automatic),75.39,4297.23,No
27619715,Female,0,No,Yes,13,No,No phone service,No,No internet service,No internet service,No internet service,No internet service,No internet service,No internet service,Month-to-month,No,Electronic check,143.48,2008.72,Yes
80698159,Male,1,Yes,No,45,Yes,No,Fiber optic,No,No,No,Yes,Yes,No,Month-to-month,No,Electronic check,59.58,2740.68,No
32898616,Male,0,No,Yes,18,Yes,No,Fiber optic,Yes,No,Yes,Yes,No,Yes,One year,No,Electronic check,123.42,2344.98,Yes
13834774,Female,0,No,Yes,59,Yes,No,Fiber optic,No,No,Yes,No,No,No,Month-to-month,Yes,Electronic check,121.53,7291.8,No
14718421,Female,0,No,No,30,Yes,No,Fiber optic,Yes,Yes,Yes,Yes,Yes,No,Month-to-month,No,Mailed check,52.79,1636.49,Yes
99060057,Female,0,No,No,35,No,No phone service,No,No internet service,No internet service,No internet service,No internet service,No internet service,No internet service,Month-to-month,No,Mailed check,79.34,2856.24,Yes
57894420,Female,0,No,Yes,31,Yes,No,DSL,No,Yes,No,No,No,Yes,Month-to-month,No,Mailed check,27.04,865.28,No
53647781,Male,1,No,No,62,Yes,No,Fiber optic,Yes,Yes,No,No,No,No,Two year,Yes,Credit card (automatic),124.38,7811.06,No
73908407,Female,1,Yes,Yes,25,Yes,Yes,DSL,No,No,No,No,Yes,Yes,Two year,No,Electronic check,18.0,468.0,No
72705646,Female,0,Yes,Yes,64,No,No phone service,Fiber optic,Yes,No,No,No,No,No,Month-to-month,Yes,Bank transfer (automatic),21.64,1406.6,No
82555977,Female,0,No,No,1,No,No phone service,DSL,Yes,Yes,No,Yes,Yes,No,Month-to-month,No,Credit card (automatic),65.37,117.67,Yes
46562845,Male,0,Yes,No,69,Yes,No,No,No internet service,No internet service,No internet service,No internet service,No internet service,No internet service,Month-to-month,Yes,Bank transfer (automatic),41.78,2924.6,No
83624500,Male,0,Yes,No,44,Yes,No,Fiber optic,Yes,Yes,No,Yes,Yes,Yes,Two year,Yes,Electronic check,40.07,1803.15,Yes
69706076,Female,1,No,No,24,No,No phone service,No,No internet service,No internet service,No internet service,No internet service,No internet service,No internet service,Month-to-month,Yes,Electronic check,59.77,1494.25,Yes
28134815,Female,0,Yes,No,39,Yes,No,No,No internet service,No internet service,No internet service,No internet service,No internet service,No internet service,Month-to-month,Yes,Credit card (automatic),98.72,3929.06,No
82381952,Male,0,No,Yes,17,No,No phone service,Fiber optic,No,No,No,Yes,Yes,Yes,One year,Yes,Mailed check,99.93,1798.74,No
33761455,Male,0,No,Yes,11,Yes,No,Fiber optic,No,No,No,Yes,Yes,Yes,Month-to-month,Yes,Mailed check,83.77,1005.24,No
89299984,Female,0,Yes,Yes,23,Yes,No,DSL,No,Yes,Yes,No,No,No,One year,No,Credit card (automatic),84.95,2038.8,No
90206393,Female,0,Yes,No,42,Yes,No,No,No internet service,No internet service,No internet service,No internet service,No internet service,No internet service,Two year,No,Bank transfer (automatic),71.17,3046.08,No
71276220,Female,0,Yes,Yes,31,Yes,No,Fiber optic,No,Yes,Yes,No,Yes,Yes,Month-to-month,Yes,Bank transfer (automatic),101.11,3240.58,No
94697764,Female,0,Yes,Yes,46,Yes,Yes,DSL,Yes,No,Yes,No,Yes,No,One year,Yes,Bank transfer (automatic),73.72,3464.84,No
95342494,Male,0,Yes,No,44,Yes,No,Fiber optic,No,No,No,No,No,Yes,Month-to-month,No,Bank transfer (automatic),46.46,2090.7,No
85696716,Male,1,Yes,Yes,34,No,No phone service,DSL,Yes,No,No,No,No,Yes,Month-to-month,No,Credit card (automatic),61.82,2163.7,Yes
68381674,Male,0,Yes,Yes,8,No,No phone service,Fiber optic,Yes,Yes,Yes,No,Yes,Yes,Month-to-month,No,Bank transfer (automatic),77.23,695.07,No
80257585,Male,0,Yes,Yes,9,Yes,No,DSL,No,No,Yes,No,No,Yes,Two year,No,Electronic check,95.72,957.2,No
95870691,Female,0,No,Yes,64,Yes,Yes,Fiber optic,Yes,Yes,No,Yes,Yes,No,Month-to-month,No,Electronic check,79.87,5175.58,No
95836028,Male,0,No,No,58,Yes,No,Fiber optic,Yes,No,Yes,No,Yes,No,Two year,Yes,Electronic check,33.19,1958.21,No
81643293,Male,0,No,No,56,Yes,No,DSL,No,Yes,Yes,No,No,No,Month-to-month,Yes,Credit card (automatic),95.33,5414.74,No
51562039,Female,0,No,Yes,9,Yes,No,No,No internet service,No internet service,No internet service,No internet service,No internet service,No internet service,Two year,Yes,Bank transfer (automatic),58.98,589.8,No
56596140,Female,0,Yes,Yes,18,No,No phone service,Fiber optic,Yes,Yes,No,No,Yes,Yes,Month-to-month,No,Credit card (automatic),85.73,1628.87,No
74646194,Male,0,No,No,49,Yes,No,Fiber optic,No,No,Yes,Yes,No,Yes,Month-to-month,Yes,Bank transfer (automatic),22.77,1138.5,Yes
82433029,Female,0,Yes,No,67,Yes,Yes,No,No internet service,No internet service,No internet service,No internet service,No internet service,No internet service,Two year,No,Mailed check,87.35,5939.8,No
40484663,Female,1,Yes,No,4,Yes,No,No,No internet service,No internet service,No internet service,No internet service,No internet service,No internet service,Month-to-month,No,Credit card (automatic),99.1,495.5,No
22019737,Male,0,No,No,28,Yes,No,Fiber optic,No,No,Yes,Yes,No,Yes,Month-to-month,Yes,Credit card (automatic),54.66,1585.14,Yes
69305486,Male,0,Yes,Yes,4,Yes,No,DSL,No,No,No,No,No,No,Two year,No,Bank transfer (automatic),82.09,410.45,No
51321368,Female,1,Yes,No,59,No,No phone service,Fiber optic,Yes,No,No,No,Yes,No,Two year,No,Bank transfer (automatic),75.97,4558.2,Yes
59094606,Male,0,No,No,64,Yes,No,No,No internet service,No internet service,No internet service,No internet service,No internet service,No internet service,One year,Yes,Bank transfer (automatic),48.79,3173.79,No
65325058,Female,0,No,Yes,27,Yes,Yes,Fiber optic,Yes,Yes,Yes,No,Yes,No,Two year,No,Electronic check,98.6,2760.8,Yes
44870711,Male,0,Yes,No,0,Yes,No,Fiber optic,No,No,No,No,No,Yes,Month-to-month,Yes,Credit card (automatic),63.65,63.65,No
30900054,Male,0,Yes,No,28,Yes,No,No,No internet service,No internet service,No internet service,No internet service,No internet service,No internet service,One year,Yes,Credit card (automatic),58.28,1693.03,No
50744867,Male,0,No,Yes,50,Yes,No,DSL,Yes,Yes,No,No,Yes,No,One year,No,Bank transfer (automatic),87.98,2221.925,No
11416778,Female,0,No,No,35,Yes,No,DSL,No,No,Yes,Yes,Yes,No,Two year,Yes,Electronic check,76.11,2739.96,No
10012394,Male,0,Yes,No,31,No,No phone service,No,No internet service,No internet service,No internet service,No internet service,No internet service,No internet service,Two year,No,Credit card (automatic),90.2,2886.4,No
80238316,Male,0,No,Yes,63,Yes,No,DSL,No,No,Yes,Yes,Yes,No,Month-to-month,No,Credit card (automatic),74.69,4780.16,No
28293937,Female,0,No,No,13,Yes,Yes,DSL,No,No,Yes,Yes,Yes,Yes,Month-to-month,Yes,Credit card (automatic),82.49,1154.86,No
56155452,Female,0,Yes,No,31,Yes,No,No,No internet service,No internet service,No internet service,No internet service,No internet service,No internet service,One year,Yes,Electronic check,68.0,2176.0,No
48488577,Female,0,No,Yes,8,No,No phone service,Fiber optic,No,Yes,No,No,Yes,Yes,Two year,No,Electronic check,50.15,441.32,No
72974683,Female,0,No,No,10,Yes,No,Fiber optic,No,Yes,No,Yes,Yes,No,Month-to-month,Yes,Mailed check,48.58,534.38,No
81819757,Male,0,Yes,No,47,Yes,No,Fiber optic,Yes,Yes,Yes,Yes,Yes,Yes,Month-to-month,No,Electronic check,49.98,2399.04,Yes
11116303,Female,1,No,No,50,Yes,No,DSL,No,Yes,No,No,No,No,Month-to-month,No,Bank transfer (automatic),54.61,2787.84,No
76025948,Female,0,Yes,No,3,Yes,No,Fiber optic,Yes,No,No,Yes,Yes,No,Month-to-month,No,Bank transfer (automatic),162.27,649.08,No
74030858,Male,0,No,No,40,Yes,Yes,Fiber optic,Yes,No,Yes,No,Yes,No,Month-to-month,Yes,Credit card (automatic),86.47,3545.27,Yes
50213043,Female,0,No,No,24,No,No phone service,DSL,Yes,No,No,Yes,Yes,Yes,Month-to-month,Yes,Mailed check,48.65,1216.25,No
11225756,Male,0,Yes,No,16,Yes,Yes,Fiber optic,No,Yes,Yes,No,Yes,Yes,Month-to-month,Yes,Bank transfer (automatic),100.53,1709.01,Yes
67772049,Female,1,No,No,46,Yes,Yes,DSL,No,No,Yes,No,No,Yes,One year,Yes,Mailed check,126.4,5940.8,No
49315407,Male,0,No,Yes,7,Yes,No,DSL,No,No,Yes,No,Yes,No,One year,Yes,Electronic check,54.47,435.76,No
90128487,Male,0,Yes,Yes,57,Yes,No,DSL,Yes,Yes,No,No,No,Yes,Month-to-month,Yes,Credit card (automatic),56.26,3251.83,No
41033204,Male,0,Yes,Yes,0,Yes,No,Fiber optic,No,No,No,No,No,No,Month-to-month,No,Electronic check,18.0,18.0,No
10968781,Female,1,Yes,No,1,Yes,No,No,No internet service,No internet service,No internet service,No internet service,No internet service,No internet service,Month-to-month,No,Electronic check,61.59,123.18,Yes
83579795,Male,1,No,Yes,9,Yes,Yes,Fiber optic,Yes,No,No,Yes,No,Yes,Month-to-month,Yes,Electronic check,94.06,940.6,No
60149632,Female,0,No,No,26,Yes,No,DSL,No,Yes,No,No,No,No,One year,Yes,Credit card (automatic),59.91,1617.57,No
35309568,Female,1,No,No,12,Yes,No,DSL,No,Yes,Yes,No,No,No,Month-to-month,Yes,Electronic check,38.92,505.96,No
65262252,Female,0,Yes,Yes,62,Yes,No,Fiber optic,Yes,No,No,Yes,No,No,Month-to-month,Yes,Mailed check,25.36,1598.95,No
85236332,Male,0,No,No,10,Yes,Yes,DSL,Yes,Yes,Yes,No,No,No,Month-to-month,Yes,Mailed check,79.33,872.63,No
68667423,Female,1,Yes,No,13,Yes,No,DSL,Yes,Yes,No,No,Yes,No,Month-to-month,No,Electronic check,51.31,720.91,Yes
62982727,Male,1,Yes,No,25,Yes,Yes,Fiber optic,Yes,Yes,No,No,No,No,Two year,No,Bank transfer (automatic),130.82,3407.86,No
43540489,Female,0,No,Yes,68,No,No phone service,Fiber optic,No,No,Yes,Yes,No,No,Two year,Yes,Mailed check,71.6,4940.4,No
31913660,Female,0,Yes,No,38,Yes,Yes,No,No internet service,No internet service,No internet service,No internet service,No internet service,No internet service,Month-to-month,No,Bank transfer (automatic),46.66,1810.41,No
96703417,Male,0,No,No,27,Yes,No,No,No internet service,No internet service,No internet service,No internet service,No internet service,No internet service,One year,Yes,Electronic check,96.44,2700.32,No
62307771,Female,0,No,No,16,Yes,No,Fiber optic,Yes,No,Yes,No,Yes,Yes,Month-to-month,Yes,Electronic check,131.22,2230.74,Yes
60782359,Male,1,No,No,36,Yes,No,Fiber optic,Yes,No,Yes,No,No,No,Two year,No,Bank transfer (automatic),124.21,4595.77,No
39607414,Female,0,No,No,26,Yes,No,Fiber optic,No,No,No,No,No,Yes,Two year,Yes,Bank transfer (automatic),42.41,1145.07,No
45296615,Male,1,Yes,No,66,Yes,No,DSL,No,No,No,Yes,No,No,Month-to-month,Yes,Electronic check,32.05,2147.35,No
20631350,Male,1,No,Yes,67,Yes,No,Fiber optic,No,No,No,No,No,Yes,Two year,No,Mailed check,31.16,2118.88,No
66672010,Female,0,No,Yes,46,Yes,Yes,DSL,Yes,Yes,Yes,Yes,Yes,No,Month-to-month,No,Mailed check,90.98,4276.06,No
93929434,Female,1,No,No,33,No,No phone service,DSL,Yes,No,No,Yes,No,No,One year,Yes,Bank transfer (automatic),61.25,2082.5,No
42153442,Male,0,Yes,Yes,17,Yes,No,DSL,Yes,Yes,No,No,Yes,Yes,Month-to-month,Yes,Bank transfer (automatic),49.45,890.1,No
79338228,Male,0,No,No,34,Yes,Yes,No,No internet service,No internet service,No internet service,No internet service,No internet service,No internet service,Month-to-month,Yes,Electronic check,94.75,3316.25,No
92304487,Female,0,No,No,17,Yes,No,No,No internet service,No internet service,No internet service,No internet service,No internet service,No internet service,Two year,Yes,Electronic check,43.61,784.98,No
46489118,Female,0,Yes,No,69,Yes,Yes,Fiber optic,Yes,No,Yes,No,No,Yes,Month-to-month,Yes,Mailed check,100.49,7034.3,No
48208680,Male,0,No,Yes,33,Yes,No,DSL,No,No,Yes,No,Yes,No,Month-to-month,No,Mailed check,39.88,1355.92,Yes
97034430,Male,1,No,No,32,Yes,Yes,DSL,Yes,Yes,No,Yes,Yes,Yes,Two year,No,Electronic check,59.57,1965.81,No
81396350,Female,0,Yes,No,71,Yes,Yes,Fiber optic,Yes,No,No,Yes,No,No,Month-to-month,No,Bank transfer (automatic),111.61,8035.92,No
46080681,Female,0,Yes,No,42,No,No phone service,Fiber optic,Yes,Yes,Yes,Yes,Yes,No,Two year,No,Credit card (automatic),73.74,3170.82,No
65419020,Female,1,No,No,26,Yes,No,Fiber optic,No,No,Yes,No,No,Yes,Month-to-month,Yes,Bank transfer (automatic),39.03,1053.81,No
35233016,Male,0,Yes,Yes,47,Yes,No,DSL,Yes,No,Yes,Yes,No,No,Two year,No,Electronic check,115.45,5541.6,No
19189076,Female,0,No,No,68,Yes,No,Fiber optic,No,No,Yes,Yes,Yes,Yes,Month-to-month,Yes,Electronic check,104.05,7179.45,No
34482277,Male,0,No,No,70,Yes,Yes,No,No internet service,No internet service,No internet service,No internet service,No internet service,No internet service,Month-to-month,Yes,Bank transfer (automatic),113.16,8034.36,Yes
28337367,Female,0,Yes,No,21,Yes,Yes,DSL,No,No,Yes,Yes,No,No,Two year,Yes,Electronic check,18.74,412.28,No
48868823,Female,0,No,No,33,No,No phone service,Fiber optic,No,Yes,Yes,No,No,Yes,Two year,Yes,Mailed check,78.98,2685.32,No
24811778,Male,0,No,No,42,Yes,No,DSL,Yes,No,Yes,Yes,Yes,Yes,Month-to-month,Yes,Bank transfer (automatic),48.89,2102.27,Yes
95482292,Male,0,No,No,15,Yes,No,DSL,Yes,No,Yes,No,No,No,Two year,Yes,Bank transfer (automatic),51.84,829.44,No
71115104,Male,0,No,No,13,Yes,No,No,No internet service,No internet service,No internet service,No internet service,No internet service,No internet service,Month-to-month,Yes,Electronic check,89.28,1249.92,No
92910238,Female,0,No,Yes,38,No,No phone service,Fiber optic,No,No,No,Yes,No,Yes,Month-to-month,No,Mailed check,18.0,698.4,No
70769389,Male,0,Yes,No,70,Yes,No,Fiber optic,No,Yes,Yes,No,No,No,Month-to-month,Yes,Mailed check,74.75,5307.25,Yes
46525224,Male,0,Yes,No,11,Yes,No,Fiber optic,No,Yes,No,No,No,Yes,Two year,No,Electronic check,116.0,1392.0,No
93584597,Male,0,Yes,No,54,Yes,No,No,No internet service,No internet service,No internet service,No internet service,No internet service,No internet service,Month-to-month,Yes,Bank transfer (automatic),74.35,4089.25,Yes
76034587,Female,0,Yes,Yes,5,Yes,No,DSL,No,No,Yes,No,Yes,Yes,Month-to-month,No,Credit card (automatic),102.81,616.86,Yes
35204672,Female,0,No,No,39,Yes,No,DSL,No,Yes,No,Yes,No,Yes,Two year,No,Credit card (automatic),73.61,2944.4,No
53036072,Female,0,Yes,Yes,12,Yes,Yes,No,No internet service,No internet service,No internet service,No internet service,No internet service,No internet service,Two year,Yes,Electronic check,44.42,577.46,No
12603206,Male,0,No,No,68,Yes,No,No,No internet service,No internet service,No internet service,No internet service,No internet service,No internet service,One year,Yes,Bank transfer (automatic),127.9,8825.1,No
30421134,Female,0,Yes,No,23,Yes,No,Fiber optic,No,No,Yes,No,Yes,No,Two year,No,Credit card (automatic),64.23,1541.52,No
16661503,Male,0,Yes,Yes,58,Yes,No,Fiber optic,No,Yes,Yes,Yes,Yes,Yes,Two year,No,Credit card (automatic),32.21,1902.0,No
81802559,Male,0,No,No,45,Yes,No,DSL,Yes,No,No,No,No,No,Month-to-month,No,Bank transfer (automatic),28.38,1305.48,No
12970357,Male,0,Yes,No,72,Yes,Yes,No,No internet service,No internet service,No internet service,No internet service,No internet service,No internet service,Month-to-month,No,Electronic check,64.43,4706.61,Yes
34956121,Male,0,No,No,43,Yes,Yes,Fiber optic,Yes,No,No,No,No,Yes,Two year,No,Electronic check,96.22,4233.68,No
23726915,Female,0,Yes,Yes,10,Yes,Yes,DSL,No,Yes,Yes,Yes,Yes,No,One year,Yes,Electronic check,69.67,766.37,No
47864772,Female,0,No,No,60,Yes,No,Fiber optic,Yes,Yes,Yes,No,No,Yes,Two year,Yes,Credit card (automatic),25.08,1529.88,No
46130759,Female,0,No,No,35,Yes,No,DSL,Yes,Yes,No,No,Yes,Yes,One year,No,Bank transfer (automatic),72.51,2610.36,No
26782477,Male,1,No,Yes,71,Yes,Yes,DSL,No,No,No,Yes,No,No,Month-to-month,No,Electronic check,102.73,7396.56,No
68843284,Female,0,Yes,No,9,Yes,Yes,DSL,No,Yes,Yes,Yes,No,No,Two year,Yes,Credit card (automatic),66.18,661.8,No
11101134,Male,0,No,No,0,Yes,Yes,DSL,Yes,No,No,No,No,Yes,Two year,Yes,Credit card (automatic),113.7,113.7,No
41247296,Female,1,No,Yes,62,Yes,Yes,DSL,No,No,Yes,No,No,Yes,Month-to-month,No,Credit card (automatic),44.92,2829.96,No
22106034,Female,0,No,No,11,Yes,No,DSL,Yes,No,No,Yes,Yes,No,One year,Yes,Credit card (automatic),96.93,1163.16,No
30224423,Female,0,Yes,No,4,No,No phone service,DSL,No,No,No,Yes,No,Yes,Month-to-month,Yes,Electronic check,84.52,422.6,No
11976335,Male,0,Yes,Yes,35,No,No phone service,DSL,Yes,Yes,Yes,Yes,No,Yes,Month-to-month,No,Credit card (automatic),85.85,3090.6,No
76247126,Male,0,Yes,Yes,16,Yes,Yes,DSL,Yes,No,No,Yes,No,Yes,Month-to-month,Yes,Electronic check,83.36,1417.12,Yes
39150491,Female,1,Yes,No,57,Yes,No,DSL,No,No,Yes,Yes,No,Yes,Month-to-month,Yes,Credit card (automatic),60.13,3475.51,No
55890766,Male,1,No,No,21,No,No phone service,Fiber optic,No,Yes,Yes,No,No,No,Month-to-month,No,Credit card (automatic),79.01,1738.22,No
66404064,Female,0,Yes,No,30,No,No phone service,Fiber optic,Yes,No,No,Yes,No,No,Month-to-month,Yes,Bank transfer (automatic),57.19,1772.89,No
51819114,Male,1,Yes,No,25,Yes,No,DSL,No,No,Yes,Yes,Yes,Yes,One year,Yes,Bank transfer (automatic),78.23,2033.98,No
76893545,Male,0,No,Yes,12,Yes,Yes,DSL,No,No,No,No,No,No,One year,Yes,Electronic check,78.76,1023.88,No
59848072,Female,0,No,No,62,Yes,No,No,No internet service,No internet service,No internet service,No internet service,No internet service,No internet service,One year,No,Electronic check,63.01,3969.63,No
72234675,Male,0,No,No,66,Yes,No,Fiber optic,Yes,No,Yes,No,No,No,Two year,Yes,Bank transfer (automatic),65.73,4403.91,No
14259684,Female,0,No,No,62,Yes,Yes,Fiber optic,Yes,No,Yes,Yes,Yes,Yes,Two year,No,Bank transfer (automatic),27.14,1709.82,No
54325223,Male,0,Yes,No,10,Yes,No,Fiber optic,No,No,No,No,Yes,Yes,One year,Yes,Electronic check,71.57,772.96,No
20767361,Female,0,No,Yes,68,Yes,Yes,DSL,Yes,No,No,No,No,No,Month-to-month,Yes,Credit card (automatic),87.72,6035.14,No
29607576,Male,0,Yes,No,63,Yes,Yes,Fiber optic,Yes,No,No,Yes,No,No,Month-to-month,No,Electronic check,77.25,4944.0,Yes
17521339,Female,0,Yes,Yes,67,Yes,Yes,Fiber optic,No,Yes,No,No,Yes,Yes,Month-to-month,No,Mailed check,74.28,5054.75,No
45769504,Male,0,Yes,No,31,Yes,No,Fiber optic,Yes,Yes,No,No,No,Yes,One year,No,Electronic check,26.91,861.12,No
62669959,Male,0,Yes,Yes,9,Yes,No,Fiber optic,Yes,Yes,No,Yes,Yes,No,Two year,Yes,Credit card (automatic),81.47,814.7,No
19581091,Male,0,Yes,Yes,53,Yes,No,Fiber optic,No,Yes,No,Yes,Yes,Yes,Two year,Yes,Electronic check,33.11,1787.94,Yes
82905989,Male,1,Yes,No,54,Yes,No,Fiber optic,Yes,Yes,No,No,Yes,Yes,Month-to-month,No,Mailed check,47.46,2610.3,Yes
73102032,Male,0,No,No,61,Yes,Yes,DSL,No,Yes,No,No,Yes,No,One year,Yes,Electronic check,35.39,2194.18,No
34374441,Female,0,No,No,54,Yes,No,DSL,Yes,Yes,Yes,No,No,No,One year,Yes,Credit card (automatic),39.08,2149.4,Yes
35795612,Female,1,No,No,34,Yes,No,DSL,No,Yes,Yes,Yes,Yes,No,One year,Yes,Bank transfer (automatic),74.28,2603.51,No
43565097,Female,0,No,No,66,Yes,No,DSL,Yes,No,No,No,No,Yes,Two year,No,Credit card (automatic),29.39,1969.13,No
61214452,Male,0,Yes,No,64,Yes,No,Fiber optic,Yes,Yes,Yes,No,No,Yes,Month-to-month,Yes,Electronic check,33.03,2146.95,Yes
11693222,Female,0,Yes,No,16,Yes,No,DSL,Yes,No,Yes,Yes,Yes,Yes,One year,Yes,Bank transfer (automatic),117.47,1996.99,No
26369402,Male,0,Yes,No,41,Yes,No,No,No internet service,No internet service,No internet service,No internet service,No internet service,No internet service,Month-to-month,Yes,Credit card (automatic),126.0,5292.0,No
43415162,Male,0,Yes,No,58,Yes,No,Fiber optic,No,Yes,Yes,Yes,Yes,Yes,Month-to-month,Yes,Electronic check,99.84,5890.56,No
61646699,Female,0,No,No,69,Yes,Yes,Fiber optic,No,No,No,No,No,No,Two year,No,Credit card (automatic),61.02,4271.4,Yes
69453211,Female,0,No,No,10,Yes,Yes,DSL,Yes,Yes,Yes,No,No,No,Month-to-month,No,Credit card (automatic),104.2,1146.2,No
43173547,Female,0,Yes,No,27,Yes,Yes,DSL,Yes,Yes,Yes,No,Yes,Yes,Two year,Yes,Mailed check,86.04,2409.12,No
14497675,Female,1,Yes,No,38,Yes,Yes,Fiber optic,Yes,Yes,No,Yes,Yes,Yes,Two year,No,Electronic check,18.0,702.0,No
36733470,Female,0,Yes,No,53,Yes,No,Fiber optic,No,No,Yes,No,Yes,Yes,Two year,Yes,Electronic check,104.8,5659.2,Yes
71852177,Female,1,Yes,No,10,Yes,Yes,DSL,Yes,No,No,No,No,No,Month-to-month,Yes,Credit card (automatic),32.46,357.06,No
22611138,Male,1,Yes,No,57,Yes,No,No,No internet service,No internet service,No internet service,No internet service,No internet service,No internet service,One year,Yes,Bank transfer (automatic),54.61,3167.38,No
79946108,Male,0,No,No,39,Yes,No,DSL,No,No,No,No,No,No,One year,No,Electronic check,79.08,3163.2,No
99390064,Female,0,Yes,Yes,3,Yes,No,Fiber optic,No,No,No,No,No,Yes,One year,No,Credit card (automatic),78.83,315.32,No
37977300,Female,0,No,No,63,Yes,Yes,No,No internet service,No internet service,No internet service,No internet service,No internet service,No internet service,Month-to-month,No,Electronic check,81.5,5216.0,No
73461570,Female,1,Yes,No,47,Yes,Yes,DSL,No,Yes,Yes,No,No,No,Two year,Yes,Mailed check,105.92,5084.16,No
62227199,Male,0,Yes,Yes,69,Yes,Yes,Fiber optic,No,No,Yes,Yes,Yes,No,Month-to-month,No,Electronic check,78.11,5467.7,Yes
51890609,Male,0,No,No,30,Yes,No,No,No internet service,No internet service,No internet service,No internet service,No internet service,No internet service,Month-to-month,Yes,Bank transfer (automatic),74.75,2302.3,No
53360807,Female,0,No,No,1,Yes,No,DSL,Yes,Yes,Yes,No,No,No,One year,Yes,Bank transfer (automatic),116.0,237.8,Yes
31288466,Female,0,Yes,No,42,Yes,No,No,No internet service,No internet service,No internet service,No internet service,No internet service,No internet service,Month-to-month,Yes,Mailed check,67.61,2907.23,No
94444996,Male,1,No,No,40,Yes,No,Fiber optic,No,Yes,No,Yes,No,Yes,Month-to-month,Yes,Electronic check,66.54,2728.14,No
15662097,Male,0,Yes,Yes,59,Yes,No,No,No internet service,No internet service,No internet service,No internet service,No internet service,No internet service,Month-to-month,Yes,Bank transfer (automatic),83.45,5007.0,No
83763371,Female,1,Yes,No,45,Yes,Yes,DSL,Yes,No,No,Yes,No,No,Two year,Yes,Credit card (automatic),130.01,5980.46,Yes
79917538,Male,0,No,Yes,39,No,No phone service,No,No internet service,No internet service,No internet service,No internet service,No internet service,No internet service,Two year,No,Credit card (automatic),49.35,1974.0,No
26393556,Female,0,No,Yes,58,Yes,No,Fiber optic,No,Yes,No,No,Yes,No,Two year,Yes,Bank transfer (automatic),18.51,1092.09,No
43999060,Female,1,Yes,No,44,Yes,No,Fiber optic,Yes,No,No,No,Yes,No,Month-to-month,Yes,Electronic check,69.7,3136.5,No
74589542,Male,0,Yes,Yes,41,Yes,Yes,No,No internet service,No internet service,No internet service,No internet service,No internet service,No internet service,Month-to-month,Yes,Bank transfer (automatic),111.91,4700.22,No
95700705,Male,1,No,Yes,20,Yes,No,Fiber optic,Yes,Yes,No,No,Yes,Yes,One year,No,Electronic check,87.54,1838.34,No
50106013,Female,0,Yes,No,2,Yes,No,DSL,Yes,Yes,No,No,Yes,Yes,Two year,No,Bank transfer (automatic),54.55,163.65,No
36672234,Male,0,Yes,No,65,Yes,No,DSL,No,No,No,Yes,No,Yes,Month-to-month,No,Electronic check,70.2,4633.2,No
58375646,Female,0,No,No,10,Yes,No,DSL,No,Yes,Yes,No,No,No,Month-to-month,No,Mailed check,40.51,445.61,No
16991067,Male,1,No,No,23,Yes,No,Fiber optic,Yes,No,Yes,Yes,No,No,Month-to-month,No,Mailed check,18.0,432.0,No
99482259,Female,1,Yes,No,49,Yes,No,No,No internet service,No internet service,No internet service,No internet service,No internet service,No internet service,Month-to-month,No,Electronic check,61.47,3073.5,Yes
39231043,Male,0,No,Yes,20,Yes,No,Fiber optic,Yes,No,Yes,No,No,No,Month-to-month,Yes,Mailed check,40.13,842.73,Yes
25157001,Male,0,No,No,24,No,No phone service,Fiber optic,Yes,Yes,Yes,No,Yes,Yes,Month-to-month,No,Electronic check,60.61,1515.25,No
41670798,Female,0,Yes,No,3,Yes,No,Fiber optic,Yes,No,Yes,Yes,No,No,Month-to-month,No,Electronic check,25.37,101.48,No
94947603,Male,0,No,No,42,Yes,No,DSL,No,No,No,No,No,Yes,Two year,Yes,Bank transfer (automatic),121.66,5231.38,No
68272190,Male,0,No,No,46,Yes,No,Fiber optic,No,No,No,No,Yes,Yes,Month-to-month,Yes,Credit card (automatic),98.44,4631.6,No
53555463,Male,0,Yes,No,22,Yes,No,DSL,No,Yes,No,Yes,No,No,Two year,Yes,Bank transfer (automatic),54.02,1242.46,No
12022353,Female,1,Yes,Yes,59,Yes,No,DSL,No,No,Yes,Yes,Yes,Yes,Month-to-month,Yes,Credit card (automatic),71.39,4286.97,Yes
32462726,Male,0,No,Yes,20,Yes,No,Fiber optic,Yes,No,Yes,Yes,Yes,Yes,One year,Yes,Electronic check,101.85,2138.85,No
47057520,Male,1,No,Yes,65,Yes,Yes,DSL,No,Yes,Yes,Yes,No,No,Two year,No,Electronic check,79.23,5229.18,Yes
88476684,Female,0,Yes,No,50,Yes,Yes,DSL,No,No,No,No,No,No,Month-to-month,Yes,Credit card (automatic),59.58,3038.58,No
26059096,Male,0,No,No,14,Yes,Yes,Fiber optic,No,No,Yes,No,No,No,Month-to-month,Yes,Electronic check,84.14,1262.1,No
63124490,Female,1,No,No,57,Yes,No,Fiber optic,No,No,Yes,Yes,No,Yes,Two year,No,Bank transfer (automatic),62.1,3601.8,No
42626898,Female,0,No,No,25,Yes,Yes,Fiber optic,No,Yes,Yes,No,Yes,Yes,Month-to-month,No,Mailed check,65.7,1708.2,No
11198544,Male,1,No,No,58,Yes,Yes,No,No internet service,No internet service,No internet service,No internet service,No internet service,No internet service,Two year,No,Bank transfer (automatic),122.42,7198.3,No
15636254,Male,1,Yes,No,44,Yes,Yes,Fiber optic,No,No,Yes,No,No,No,Month-to-month,No,Credit card (automatic),82.82,3726.9,Yes
87990837,Male,0,Yes,No,65,Yes,No,Fiber optic,Yes,Yes,Yes,No,No,Yes,Month-to-month,Yes,Credit card (automatic),67.64,4464.24,No
73789750,Female,0,No,No,34,Yes,Yes,Fiber optic,Yes,No,Yes,No,No,Yes,Two year,No,Credit card (automatic),40.14,1396.87,No
90022258,Male,0,Yes,No,63,No,No phone service,Fiber optic,No,No,No,No,No,Yes,Two year,Yes,Electronic check,86.23,5523.03,No
30802666,Female,0,No,No,26,Yes,No,DSL,Yes,No,No,No,Yes,Yes,Month-to-month,No,Mailed check,101.08,2734.21,Yes
59848284,Female,0,Yes,No,30,Yes,No,Fiber optic,No,No,No,Yes,No,No,Two year,Yes,Electronic check,104.62,3243.22,No
22009789,Female,0,Yes,No,11,No,No phone service,DSL,No,No,No,Yes,No,No,Month-to-month,Yes,Bank transfer (automatic),146.95,1763.4,No
43382936,Male,0,Yes,No,44,No,No phone service,DSL,No,No,No,No,Yes,No,Month-to-month,Yes,Electronic check,40.59,1828.58,No
31165928,Male,0,No,No,31,Yes,No,Fiber optic,Yes,No,No,Yes,Yes,No,Month-to-month,Yes,Credit card (automatic),18.0,576.0,No
77098020,Male,0,No,No,53,No,No phone service,Fiber optic,Yes,No,No,No,No,No,Month-to-month,Yes,Bank transfer (automatic),99.96,5377.85,Yes
22267708,Male,0,No,No,65,Yes,No,Fiber optic,No,Yes,Yes,Yes,Yes,Yes,Month-to-month,Yes,Bank transfer (automatic),34.01,2244.66,No
93033107,Female,0,Yes,No,31,Yes,Yes,Fiber optic,No,No,No,No,No,Yes,Month-to-month,Yes,Credit card (automatic),35.28,1128.96,Yes
55422244,Male,0,Yes,No,14,Yes,No,Fiber optic,No,No,No,No,Yes,No,One year,Yes,Bank transfer (automatic),86.71,1300.65,No
93903841,Female,0,No,Yes,54,Yes,No,Fiber optic,No,Yes,Yes,No,No,Yes,One year,Yes,Bank transfer (automatic),79.4,4367.0,Yes
18060088,Male,0,Yes,No,40,Yes,Yes,DSL,Yes,Yes,Yes,No,No,Yes,One year,No,Credit card (automatic),50.78,2081.98,No
18022882,Female,0,No,No,39,Yes,No,Fiber optic,Yes,No,Yes,No,No,No,Month-to-month,Yes,Electronic check,45.34,1813.6,No
57716774,Male,0,No,Yes,71,Yes,No,DSL,No,No,No,No,No,Yes,Month-to-month,No,Electronic check,70.96,5109.12,No
96513378,Male,0,Yes,No,48,Yes,No,DSL,Yes,Yes,Yes,Yes,Yes,No,One year,Yes,Bank transfer (automatic),55.61,2724.89,No
30658582,Male,0,No,No,37,Yes,Yes,Fiber optic,Yes,No,No,No,No,Yes,Month-to-month,Yes,Electronic check,73.71,2786.24,No
81988124,Female,0,Yes,No,55,Yes,No,DSL,No,Yes,No,Yes,Yes,Yes,Month-to-month,Yes,Bank transfer (automatic),40.01,2240.56,No
24413864,Female,1,No,No,33,No,No phone service,Fiber optic,No,No,Yes,Yes,No,No,One year,Yes,Bank transfer (automatic),43.65,2221.925,No
26888275,Male,0,Yes,No,0,Yes,No,No,No internet service,No internet service,No internet service,No internet service,No internet service,No internet service,Month-to-month,No,Bank transfer (automatic),23.59,18.87,No
75477163,Female,0,Yes,No,9,Yes,No,Fiber optic,No,No,Yes,No,Yes,No,Month-to-month,Yes,Electronic check,80.99,793.7,No
41229060,Male,0,No,No,39,Yes,No,Fiber optic,Yes,No,No,No,Yes,No,Two year,Yes,Bank transfer (automatic),50.57,2012.69,No
52512063,Male,0,No,No,15,Yes,No,Fiber optic,No,No,No,No,No,No,Two year,No,Electronic check,91.86,1469.76,No
84940527,Female,0,No,Yes,45,No,No phone service,No,No internet service,No internet service,No internet service,No internet service,No internet service,No internet service,Two year,No,Credit card (automatic),18.0,824.4,No
96522918,Male,1,No,Yes,23,Yes,Yes,DSL,Yes,Yes,No,Yes,Yes,Yes,Month-to-month,Yes,Credit card (automatic),28.42,682.08,No
56616197,Male,0,No,No,13,Yes,No,Fiber optic,Yes,Yes,Yes,No,No,Yes,Month-to-month,No,Bank transfer (automatic),64.77,906.78,Yes
68883853,Female,1,Yes,No,38,Yes,No,Fiber optic,No,No,No,Yes,Yes,Yes,Month-to-month,Yes,Bank transfer (automatic),49.69,1937.91,Yes
35899364,Male,0,No,No,17,No,No phone service,No,No internet service,No internet service,No internet service,No internet service,No internet service,No internet service,Month-to-month,Yes,Electronic check,37.58,676.44,No
12865928,Female,1,No,No,40,No,No phone service,DSL,Yes,No,No,No,No,Yes,Two year,Yes,Mailed check,61.59,2525.19,No
60703288,Male,0,Yes,No,55,Yes,Yes,DSL,Yes,Yes,No,No,No,Yes,Month-to-month,Yes,Electronic check,61.41,3438.96,No
58072427,Male,0,No,No,35,Yes,Yes,No,No internet service,No internet service,No internet service,No internet service,No internet service,No internet service,Two year,No,Bank transfer (automatic),96.12,3465.13,No
28083446,Male,0,No,Yes,23,Yes,Yes,DSL,No,No,Yes,No,No,No,Two year,Yes,Bank transfer (automatic),77.98,1871.52,No
43647879,Male,0,Yes,No,28,Yes,Yes,DSL,No,Yes,No,Yes,No,Yes,Two year,Yes,Electronic check,103.79,3015.1,No
15300062,Female,0,No,No,21,Yes,Yes,Fiber optic,No,Yes,Yes,Yes,Yes,No,Month-to-month,Yes,Credit card (automatic),116.05,2553.1,No
75136149,Male,0,Yes,No,10,Yes,No,Fiber optic,Yes,Yes,Yes,No,No,No,One year,Yes,Credit card (automatic),50.98,560.78,No
68720256,Female,0,Yes,No,40,Yes,No,No,No internet service,No internet service,No internet service,No internet service,No internet service,No internet service,Month-to-month,Yes,Electronic check,103.07,4225.87,No
85031037,Male,0,Yes,No,48,No,No phone service,Fiber optic,Yes,Yes,No,No,No,Yes,Two year,Yes,Electronic check,96.22,4714.78,No
49555923,Male,0,No,No,10,Yes,Yes,Fiber optic,Yes,Yes,Yes,Yes,Yes,Yes,Month-to-month,No,Credit card (automatic),68.76,756.36,No
82844534,Female,0,Yes,No,51,No,No phone service,DSL,No,Yes,Yes,Yes,Yes,Yes,Month-to-month,Yes,Mailed check,85.76,4459.52,Yes
75779034,Female,1,No,No,66,Yes,No,Fiber optic,Yes,Yes,No,Yes,No,No,One year,No,Electronic check,75.79,5081.72,No
35471281,Male,0,No,No,7,Yes,No,DSL,Yes,No,Yes,Yes,No,Yes,Month-to-month,Yes,Credit card (automatic),68.25,546.0,No
86061419,Male,0,No,Yes,30,Yes,Yes,DSL,No,No,Yes,No,Yes,Yes,One year,Yes,Mailed check,77.76,2410.56,Yes
35048615,Female,0,Yes,Yes,5,No,No phone service,No,No internet service,No internet service,No internet service,No internet service,No internet service,No internet service,Month-to-month,Yes,Electronic check,79.79,482.73,Yes
82963514,Female,0,No,No,70,Yes,Yes,DSL,No,No,Yes,No,Yes,No,Month-to-month,Yes,Mailed check,100.63,7144.73,Yes
56662763,Female,1,No,No,12,Yes,Yes,Fiber optic,Yes,Yes,No,Yes,Yes,Yes,Month-to-month,No,Credit card (automatic),38.69,502.97,No
53443711,Male,0,No,No,5,Yes,No,No,No internet service,No internet service,No internet service,No internet service,No internet service,No internet service,Month-to-month,Yes,Mailed check,92.86,557.16,Yes
72866875,Female,0,No,No,66,Yes,No,DSL,No,Yes,Yes,No,Yes,Yes,One year,No,Electronic check,35.46,2375.82,No
46953423,Male,1,No,No,26,Yes,Yes,DSL,Yes,No,No,Yes,No,Yes,One year,Yes,Electronic check,67.48,1821.96,No
90353461,Female,0,No,No,44,Yes,Yes,Fiber optic,No,Yes,Yes,No,No,No,Month-to-month,Yes,Credit card (automatic),77.84,3502.8,No
84426456,Male,0,Yes,Yes,25,Yes,No,DSL,No,No,Yes,No,Yes,Yes,Month-to-month,Yes,Mailed check,18.0,468.0,Yes
31520928,Female,1,Yes,No,3,Yes,No,Fiber optic,No,No,No,No,No,No,Month-to-month,Yes,Electronic check,61.26,245.04,No
19244458,Male,0,Yes,No,36,Yes,No,DSL,Yes,No,Yes,No,Yes,Yes,Month-to-month,No,Credit card (automatic),83.37,3084.69,No
81288059,Female,0,Yes,No,20,No,No phone service,No,No internet service,No internet service,No internet service,No internet service,No internet service,No internet service,One year,Yes,Electronic check,66.72,1387.78,Yes
30807167,Male,0,No,Yes,27,Yes,No,No,No internet service,No internet service,No internet service,No internet service,No internet service,No internet service,Month-to-month,No,Electronic check,42.47,1189.16,No
70315326,Female,0,No,No,31,Yes,Yes,No,No internet service,No internet service,No internet service,No internet service,No internet service,No internet service,Two year,Yes,Mailed check,91.74,2940.27,No
49684512,Male,1,No,No,52,Yes,No,DSL,Yes,Yes,No,Yes,Yes,Yes,Month-to-month,No,Electronic check,46.26,2451.78,No
45346140,Male,0,No,No,32,Yes,No,DSL,No,Yes,No,No,No,Yes,Two year,Yes,Credit card (automatic),76.24,2515.92,No
82693120,Female,0,No,No,25,Yes,No,DSL,Yes,Yes,Yes,No,Yes,Yes,One year,Yes,Mailed check,66.69,1733.94,No
59273033,Male,0,Yes,No,16,Yes,No,Fiber optic,No,Yes,Yes,Yes,No,Yes,One year,Yes,Bank transfer (automatic),67.44,1146.48,No
70945449,Male,0,No,No,55,No,No phone service,DSL,No,No,No,Yes,No,No,Two year,Yes,Electronic check,75.07,4203.92,No
10096613,Female,0,Yes,No,29,No,No phone service,No,No internet service,No internet service,No internet service,No internet service,No internet service,No internet service,Two year,No,Credit card (automatic),51.42,1542.6,No
95634408,Female,0,Yes,No,4,Yes,No,Fiber optic,Yes,Yes,No,Yes,Yes,No,Month-to-month,No,Credit card (automatic),97.19,485.95,No
77908497,Female,0,No,Yes,5,Yes,Yes,Fiber optic,No,No,Yes,No,No,No,Two year,Yes,Credit card (automatic),45.63,276.06,No
60874366,Male,1,Yes,No,61,Yes,Yes,Fiber optic,No,Yes,No,Yes,No,No,Month-to-month,No,Bank transfer (automatic),95.13,5898.06,Yes
34901990,Male,0,Yes,No,9,Yes,No,Fiber optic,Yes,No,Yes,No,No,Yes,Month-to-month,Yes,Credit card (automatic),58.86,588.6,Yes
12512536,Female,0,No,No,69,Yes,No,DSL,Yes,Yes,No,No,Yes,No,Month-to-month,Yes,Credit card (automatic),18.0,1260.0,Yes
93179370,Male,0,Yes,No,9,Yes,Yes,DSL,Yes,No,Yes,No,No,No,Two year,Yes,Electronic check,46.56,465.6,No
58865345,Male,0,Yes,Yes,43,Yes,No,Fiber optic,No,Yes,No,No,No,No,One year,Yes,Electronic check,109.26,4807.44,No
93241474,Male,0,Yes,Yes,55,Yes,No,Fiber optic,Yes,Yes,No,No,Yes,No,Two year,Yes,Electronic check,104.73,5843.93,No
42049389,Male,0,Yes,No,3,Yes,Yes,DSL,No,No,No,Yes,Yes,No,Two year,Yes,Credit card (automatic),18.0,72.0,No
53042832,Male,1,Yes,No,12,Yes,No,No,No internet service,No internet service,No internet service,No internet service,No internet service,No internet service,One year,Yes,Electronic check,47.8,621.4,No
18501586,Male,1,No,No,18,Yes,Yes,No,No internet service,No internet service,No internet service,No internet service,No internet service,No internet service,Month-to-month,Yes,Electronic check,18.0,342.0,Yes
98354109,Female,0,Yes,Yes,69,Yes,No,DSL,Yes,No,Yes,Yes,Yes,No,Month-to-month,No,Credit card (automatic),73.0,5110.0,No
82337519,Male,0,No,No,61,Yes,No,Fiber optic,Yes,No,No,No,Yes,No,Month-to-month,Yes,Electronic check,49.67,3079.54,No
62008140,Male,0,Yes,Yes,8,Yes,No,DSL,No,Yes,No,No,Yes,No,Month-to-month,Yes,Electronic check,80.64,725.76,No
35483846,Female,0,No,No,45,Yes,Yes,DSL,Yes,No,No,Yes,Yes,No,Month-to-month,Yes,Credit card (automatic),90.23,4150.58,No
80339453,Male,0,No,Yes,55,Yes,No,No,No internet service,No internet service,No internet service,No internet service,No internet service,No internet service,Month-to-month,Yes,Credit card (automatic),115.37,6460.72,Yes
76779917,Male,0,No,No,39,Yes,Yes,No,No internet service,No internet service,No internet service,No internet service,No internet service,No internet service,Month-to-month,No,Bank transfer (automatic),121.74,4869.6,Yes
84016756,Male,0,No,No,66,Yes,No,Fiber optic,No,Yes,Yes,Yes,No,Yes,Two year,No,Electronic check,127.7,8555.9,No
30687181,Female,0,No,No,61,Yes,No,No,No internet service,No internet service,No internet service,No internet service,No internet service,No internet service,Month-to-month,No,Electronic check,97.88,6068.56,No
92280734,Female,0,Yes,Yes,45,Yes,No,Fiber optic,Yes,Yes,Yes,No,Yes,No,Month-to-month,Yes,Electronic check,65.59,3004.02,No
48000942,Male,0,No,No,5,Yes,No,Fiber optic,No,No,No,No,No,Yes,Two year,Yes,Credit card (automatic),18.0,108.0,No
53298644,Male,0,No,No,28,Yes,No,Fiber optic,No,No,No,No,No,No,Two year,Yes,Electronic check,46.18,1339.22,No
65003032,Female,1,Yes,Yes,18,Yes,Yes,DSL,No,No,No,Yes,Yes,Yes,Two year,Yes,Bank transfer (automatic),29.28,556.32,No
96020669,Male,1,Yes,No,14,Yes,No,DSL,Yes,Yes,No,No,Yes,Yes,Month-to-month,No,Credit card (automatic),83.78,1256.7,Yes
53221337,Female,0,Yes,No,56,Yes,Yes,Fiber optic,No,Yes,No,No,No,No,Month-to-month,Yes,Credit card (automatic),132.52,7553.64,No
24826245,Female,0,No,No,37,Yes,Yes,Fiber optic,No,No,Yes,No,No,No,One year,Yes,Mailed check,43.2,1641.6,No
22919301,Female,0,Yes,Yes,20,Yes,No,Fiber optic,No,No,Yes,Yes,No,No,Month-to-month,Yes,Electronic check,25.5,535.5,No
80222787,Female,0,Yes,No,50,Yes,No,Fiber optic,Yes,Yes,Yes,Yes,Yes,No,One year,No,Electronic check,39.13,1995.63,No
98434857,Male,0,Yes,No,38,Yes,Yes,DSL,Yes,No,No,Yes,No,No,Month-to-month,Yes,Electronic check,122.93,4794.27,Yes
18949617,Female,0,No,No,19,Yes,No,Fiber optic,No,Yes,Yes,No,Yes,No,Month-to-month,Yes,Bank transfer (automatic),107.85,2135.43,Yes
15875684,Female,0,Yes,Yes,1,Yes,No,Fiber optic,Yes,No,No,No,Yes,Yes,One year,No,Mailed check,102.08,183.74,No
27418007,Female,0,Yes,No,31,Yes,No,DSL,Yes,No,Yes,No,No,Yes,Two year,No,Bank transfer (automatic),29.63,948.16,No
33976493,Female,0,No,No,3,Yes,No,No,No internet service,No internet service,No internet service,No internet service,No internet service,No internet service,Two year,No,Electronic check,97.74,395.85,No
14197492,Female,1,No,Yes,6,Yes,No,Fiber optic,No,No,No,No,No,No,Two year,No,Credit card (automatic),71.68,501.76,No
37122588,Female,0,No,No,2,Yes,No,DSL,No,No,No,No,No,Yes,Month-to-month,No,Bank transfer (automatic),95.71,267.99,No
24368701,Male,0,No,No,24,Yes,No,Fiber optic,Yes,No,Yes,No,Yes,No,Two year,No,Bank transfer (automatic),38.08,952.0,No
75145297,Male,0,Yes,Yes,8,Yes,Yes,Fiber optic,No,Yes,No,Yes,Yes,No,Two year,No,Electronic check,69.25,623.25,No
35718350,Female,0,Yes,No,25,No,No phone service,Fiber optic,Yes,No,No,No,Yes,No,Month-to-month,Yes,Bank transfer (automatic),52.35,1361.1,No
23254482,Female,0,Yes,No,63,Yes,No,No,No internet service,No internet service,No internet service,No internet service,No internet service,No internet service,One year,Yes,Electronic check,90.7,5804.8,No
14270425,Male,0,No,Yes,17,Yes,No,Fiber optic,No,Yes,Yes,Yes,No,Yes,Month-to-month,Yes,Credit card (automatic),136.07,2422.05,Yes
86639957,Female,0,Yes,Yes,1,Yes,No,No,No internet service,No internet service,No internet service,No internet service,No internet service,No internet service,Month-to-month,Yes,Mailed check,30.94,61.88,No
96134450,Female,0,No,No,0,Yes,No,No,No internet service,No internet service,No internet service,No internet service,No internet service,No internet service,One year,Yes,Electronic check,63.68,66.86,Yes
62156850,Female,0,No,No,47,No,No phone service,DSL,Yes,No,Yes,Yes,No,Yes,Month-to-month,Yes,Credit card (automatic),101.14,4854.72,Yes
98304696,Female,0,Yes,Yes,62,Yes,Yes,DSL,Yes,Yes,No,Yes,No,Yes,Two year,Yes,Electronic check,57.7,3635.1,No
75754558,Male,0,Yes,No,35,Yes,No,Fiber optic,No,No,No,No,No,Yes,Month-to-month,Yes,Mailed check,45.31,1622.1,Yes
80574548,Female,0,Yes,No,62,Yes,Yes,Fiber optic,No,Yes,No,No,Yes,No,One year,No,Electronic check,72.88,4576.86,No
93747900,Male,0,Yes,No,25,Yes,No,No,No internet service,No internet service,No internet service,No internet service,No internet service,No internet service,Month-to-month,Yes,Electronic check,57.92,1505.92,No
89228847,Female,0,Yes,No,5,No,No phone service,Fiber optic,Yes,Yes,No,Yes,No,Yes,One year,No,Electronic check,122.54,735.24,No
44351488,Female,0,No,No,25,No,No phone service,Fiber optic,Yes,Yes,No,No,Yes,No,One year,No,Electronic check,79.59,2073.32,No
16588161,Male,0,Yes,Yes,42,Yes,No,Fiber optic,No,No,No,No,No,No,Month-to-month,Yes,Bank transfer (automatic),85.01,3655.43,No
59171204,Female,1,Yes,No,0,Yes,No,Fiber optic,Yes,No,Yes,Yes,No,No,Month-to-month,Yes,Mailed check,44.04,44.04,Yes
39624910,Male,1,Yes,No,8,No,No phone service,DSL,Yes,Yes,Yes,Yes,No,No,Month-to-month,Yes,Credit card (automatic),74.11,666.99,No
91329718,Female,0,No,Yes,26,Yes,No,DSL,No,Yes,No,No,Yes,No,Two year,No,Bank transfer (automatic),68.04,1837.08,No
19512542,Male,1,No,Yes,70,Yes,No,Fiber optic,Yes,Yes,No,Yes,Yes,No,One year,No,Credit card (automatic),90.59,6431.89,No
11756387,Female,0,No,Yes,2,Yes,Yes,Fiber optic,No,Yes,Yes,No,No,No,Two year,Yes,Electronic check,89.95,269.85,No
38016352,Male,1,No,No,60,Yes,Yes,Fiber optic,No,No,Yes,No,No,Yes,One year,No,Electronic check,53.12,3240.32,No
98013189,Female,0,No,Yes,72,Yes,No,DSL,No,No,No,No,Yes,No,Month-to-month,Yes,Mailed check,73.87,5392.51,No
75955329,Male,0,Yes,No,1,Yes,No,DSL,No,Yes,Yes,No,No,No,Month-to-month,Yes,Credit card (automatic),99.22,198.44,Yes
20731620,Female,0,Yes,No,30,Yes,No,Fiber optic,No,Yes,No,No,Yes,No,Month-to-month,No,Mailed check,51.4,1593.4,Yes
72821834,Male,0,Yes,Yes,64,Yes,Yes,No,No internet service,No internet service,No internet service,No internet service,No internet service,No internet service,Month-to-month,Yes,Bank transfer (automatic),127.16,8265.4,No
95753950,Female,0,No,No,17,Yes,No,No,No internet service,No internet service,No internet service,No internet service,No internet service,No internet service,Month-to-month,Yes,Mailed check,34.81,626.58,Yes
18147041,Male,1,Yes,Yes,5,Yes,No,Fiber optic,Yes,Yes,No,Yes,No,No,Two year,No,Bank transfer (automatic),62.28,373.68,No
58442674,Female,0,Yes,Yes,41,Yes,Yes,No,No internet service,No internet service,No internet service,No internet service,No internet service,No internet service,One year,No,Mailed check,43.05,1808.1,No
84896161,Female,0,No,No,67,Yes,No,DSL,No,No,No,No,No,Yes,Month-to-month,No,Mailed check,85.29,5799.72,No
65828293,Male,0,No,No,3,Yes,No,No,No internet service,No internet service,No internet service,No internet service,No internet service,No internet service,Month-to-month,Yes,Bank transfer (automatic),70.35,281.4,No
59535555,Female,0,No,No,3,Yes,No,Fiber optic,No,No,Yes,Yes,Yes,Yes,Month-to-month,No,Mailed check,29.65,120.08,No
17824896,Female,0,Yes,No,64,Yes,No,Fiber optic,Yes,No,No,No,Yes,Yes,Month-to-month,No,Credit card (automatic),132.49,8611.85,No
92803389,Male,0,No,No,40,Yes,No,DSL,Yes,No,No,No,No,No,Month-to-month,No,Electronic check,52.5,2152.5,No
45677170,Male,0,No,Yes,42,Yes,No,No,No internet service,No internet service,No internet service,No internet service,No internet service,No internet service,One year,Yes,Mailed check,18.0,774.0,No
81003974,Female,0,Yes,Yes,54,Yes,Yes,Fiber optic,No,Yes,Yes,Yes,Yes,No,Two year,Yes,Credit card (automatic),77.11,4225.63,No
15456373,Male,0,No,No,18,Yes,No,DSL,No,No,No,No,No,Yes,Month-to-month,No,Mailed check,73.8,1402.2,No
19447334,Male,0,No,Yes,20,Yes,No,DSL,Yes,Yes,No,No,Yes,Yes,Month-to-month,Yes,Mailed check,51.1,1073.1,No
50789378,Female,0,Yes,No,57,Yes,No,DSL,Yes,No,Yes,No,No,No,Month-to-month,Yes,Mailed check,44.83,2600.14,Yes
20460308,Male,1,Yes,Yes,29,No,No phone service,Fiber optic,No,Yes,No,No,Yes,No,Month-to-month,Yes,Mailed check,69.33,2079.9,No
38977615,Male,0,No,No,6,Yes,Yes,DSL,Yes,Yes,No,No,Yes,No,One year,No,Bank transfer (automatic),38.43,261.32,No
79724133,Male,0,Yes,No,68,Yes,Yes,Fiber optic,No,No,Yes,Yes,Yes,Yes,Month-to-month,Yes,Electronic check,95.64,6599.16,Yes
23035125,Female,0,No,Yes,63,Yes,Yes,No,No internet service,No internet service,No internet service,No internet service,No internet service,No internet service,Two year,No,Mailed check,93.17,5962.88,Yes
23586205,Male,0,Yes,No,1,Yes,No,No,No internet service,No internet service,No internet service,No internet service,No internet service,No internet service,Month-to-month,Yes,Credit card (automatic),72.15,144.3,Yes
41006711,Female,0,No,No,66,Yes,No,DSL,Yes,Yes,No,No,No,Yes,Two year,No,Electronic check,35.29,2366.19,No
81358338,Female,0,No,Yes,8,Yes,Yes,DSL,Yes,Yes,No,No,Yes,Yes,Two year,Yes,Bank transfer (automatic),36.25,326.25,No
61718263,Female,0,No,No,22,Yes,Yes,Fiber optic,Yes,Yes,No,Yes,No,No,Month-to-month,No,Credit card (automatic),80.77,1857.71,No
35428946,Male,0,Yes,Yes,13,Yes,No,DSL,No,No,Yes,No,Yes,Yes,Month-to-month,No,Mailed check,82.66,1140.71,Yes
35920053,Male,0,Yes,Yes,53,Yes,No,No,No internet service,No internet service,No internet service,No internet service,No internet service,No internet service,One year,Yes,Bank transfer (automatic),70.7,3817.8,No
80624297,Male,0,Yes,Yes,44,No,No phone service,Fiber optic,Yes,No,Yes,Yes,Yes,Yes,One year,Yes,Electronic check,85.89,3865.05,No
98164473,Male,0,Yes,No,15,Yes,No,Fiber optic,No,Yes,No,No,No,No,Month-to-month,Yes,Bank transfer (automatic),85.89,1374.24,Yes
43388408,Female,0,Yes,Yes,71,Yes,Yes,DSL,No,Yes,Yes,No,Yes,Yes,Month-to-month,Yes,Mailed check,70.64,5086.08,No
86507818,Female,0,No,Yes,56,No,No phone service,Fiber optic,No,No,Yes,No,No,Yes,One year,Yes,Credit card (automatic),72.4,4126.8,No
93929707,Female,0,Yes,No,7,Yes,No,No,No internet service,No internet service,No internet service,No internet service,No internet service,No internet service,One year,Yes,Electronic check,21.2,169.6,No
34011268,Female,1,No,No,24,Yes,No,Fiber optic,No,No,Yes,No,No,Yes,Month-to-month,No,Electronic check,70.98,1760.3,No
84950330,Male,0,Yes,No,40,Yes,Yes,No,No internet service,No internet service,No internet service,No internet service,No internet service,No internet service,Two year,No,Electronic check,65.29,2680.15,No
84912498,Male,0,No,Yes,61,Yes,Yes,DSL,No,No,No,No,Yes,No,One year,Yes,Electronic check,45.69,2823.64,No
65725133,Female,0,No,No,17,Yes,Yes,DSL,No,No,No,Yes,Yes,No,Month-to-month,Yes,Credit card (automatic),87.66,1560.35,No
24161873,Female,0,Yes,No,49,Yes,Yes,No,No internet service,No internet service,No internet service,No internet service,No internet service,No internet service,Month-to-month,Yes,Credit card (automatic),68.1,3405.0,Yes
95714702,Female,0,No,No,40,Yes,No,Fiber optic,No,Yes,No,Yes,Yes,No,Month-to-month,Yes,Credit card (automatic),78.76,2221.925,No
87385064,Female,0,No,Yes,33,Yes,No,DSL,Yes,Yes,Yes,No,Yes,No,Month-to-month,Yes,Electronic check,18.0,612.0,No
58045029,Male,0,No,No,11,Yes,No,Fiber optic,No,No,Yes,Yes,Yes,Yes,Month-to-month,Yes,Electronic check,64.69,776.28,No
71568435,Male,0,No,No,41,Yes,No,Fiber optic,No,No,No,No,Yes,Yes,Month-to-month,Yes,Credit card (automatic),89.28,3754.22,No
99287317,Male,0,Yes,No,54,Yes,No,Fiber optic,No,No,Yes,No,No,No,Month-to-month,No,Electronic check,58.59,3222.45,No
67321034,Female,0,Yes,Yes,58,Yes,No,No,No internet service,No internet service,No internet service,No internet service,No internet service,No internet service,Month-to-month,No,Mailed check,64.75,3820.25,No
23972387,Female,0,Yes,Yes,50,No,No phone service,DSL,Yes,No,No,Yes,Yes,No,Month-to-month,Yes,Bank transfer (automatic),77.09,3935.44,No
32388767,Female,1,No,No,52,Yes,Yes,Fiber optic,No,No,Yes,Yes,No,No,Month-to-month,Yes,Electronic check,69.75,3696.75,No
34212413,Male,0,No,No,8,Yes,No,Fiber optic,Yes,Yes,No,No,Yes,No,Month-to-month,Yes,Credit card (automatic),109.41,984.69,Yes
83815115,Male,1,No,Yes,2,Yes,No,Fiber optic,Yes,Yes,No,No,No,No,Month-to-month,Yes,Credit card (automatic),86.09,258.27,Yes
63896091,Female,1,Yes,No,7,Yes,Yes,Fiber optic,No,Yes,No,Yes,No,No,Month-to-month,No,Mailed check,83.95,671.6,Yes
77738718,Male,1,No,Yes,58,Yes,No,Fiber optic,No,No,Yes,Yes,Yes,No,Month-to-month,Yes,Bank transfer (automatic),79.7,4702.3,Yes
55300210,Female,0,No,No,29,Yes,No,DSL,Yes,Yes,No,No,No,Yes,Two year,Yes,Bank transfer (automatic),107.46,3223.8,Yes
98252435,Male,0,Yes,No,66,No,No phone service,Fiber optic,Yes,No,No,No,Yes,Yes,Month-to-month,Yes,Bank transfer (automatic),83.04,5563.68,Yes
31230084,Male,0,Yes,No,54,Yes,No,DSL,Yes,Yes,Yes,Yes,Yes,No,Month-to-month,Yes,Mailed check,37.36,2054.8,No
81658908,Male,0,Yes,Yes,33,Yes,No,DSL,No,Yes,No,No,No,No,Month-to-month,No,Electronic check,101.11,3437.74,No
90519326,Male,0,No,No,42,Yes,No,Fiber optic,No,Yes,Yes,No,Yes,Yes,Month-to-month,Yes,Electronic check,46.86,2017.32,No
69460086,Female,1,No,No,27,Yes,Yes,DSL,No,No,No,Yes,No,Yes,Two year,No,Electronic check,87.19,2441.32,No
57288136,Female,1,Yes,No,36,Yes,No,Fiber optic,No,No,Yes,Yes,No,No,Month-to-month,Yes,Credit card (automatic),35.28,1305.36,Yes
52299387,Female,0,Yes,No,29,No,No phone service,DSL,No,No,No,No,No,Yes,Month-to-month,No,Mailed check,20.15,604.5,No
83830667,Female,0,No,Yes,70,Yes,No,Fiber optic,Yes,Yes,Yes,Yes,No,Yes,Month-to-month,Yes,Credit card (automatic),61.8,4387.8,No
53574336,Male,0,No,No,61,Yes,Yes,No,No internet service,No internet service,No internet service,No internet service,No internet service,No internet service,Month-to-month,No,Electronic check,119.94,7436.28,Yes
59891348,Male,0,No,Yes,28,Yes,No,DSL,Yes,No,No,Yes,No,No,One year,Yes,Bank transfer (automatic),40.04,1153.15,No
65343779,Female,0,No,No,1,Yes,No,Fiber optic,No,No,No,No,No,No,Month-to-month,Yes,Mailed check,37.3,74.6,No
94992144,Male,0,Yes,No,56,Yes,Yes,Fiber optic,No,No,No,Yes,No,Yes,Month-to-month,No,Electronic check,48.65,2773.05,No
67792552,Female,0,No,Yes,56,No,No phone service,DSL,Yes,Yes,No,No,No,No,One year,Yes,Mailed check,18.0,1026.0,No
53412847,Female,0,Yes,No,41,No,No phone service,Fiber optic,No,Yes,No,Yes,No,No,Month-to-month,Yes,Mailed check,109.74,4609.08,No
91659860,Female,1,No,No,48,Yes,No,DSL,Yes,No,Yes,No,No,No,Month-to-month,Yes,Electronic check,126.22,6184.78,No
42309234,Female,0,Yes,No,56,Yes,No,DSL,No,No,Yes,Yes,No,Yes,Month-to-month,Yes,Electronic check,64.81,3694.17,No
85584002,Female,1,No,No,70,Yes,No,No,No internet service,No internet service,No internet service,No internet service,No internet service,No internet service,Month-to-month,Yes,Credit card (automatic),47.17,3349.07,No
83232714,Female,0,Yes,Yes,17,Yes,No,DSL,Yes,No,Yes,No,No,No,One year,Yes,Bank transfer (automatic),55.64,1001.52,No
38712948,Female,1,No,No,69,Yes,No,Fiber optic,No,Yes,No,No,Yes,No,Two year,Yes,Bank transfer (automatic),39.59,2771.3,No
60340113,Male,0,Yes,No,26,Yes,Yes,DSL,Yes,Yes,No,No,Yes,Yes,Month-to-month,No,Credit card (automatic),72.97,1970.19,Yes
83851788,Female,0,Yes,No,53,Yes,Yes,DSL,Yes,Yes,Yes,Yes,No,No,Month-to-month,Yes,Electronic check,96.58,5215.32,No
44103265,Female,0,No,No,23,Yes,No,DSL,No,Yes,No,No,Yes,Yes,Two year,No,Bank transfer (automatic),121.24,2909.76,No
58319528,Female,1,Yes,Yes,33,Yes,No,DSL,No,No,Yes,Yes,No,No,Month-to-month,No,Credit card (automatic),46.68,1587.12,No
70720566,Male,0,No,Yes,21,Yes,Yes,Fiber optic,Yes,No,Yes,Yes,No,No,Month-to-month,Yes,Mailed check,43.14,949.08,Yes
70062404,Female,0,No,No,62,No,No phone service,Fiber optic,Yes,Yes,Yes,Yes,Yes,Yes,Month-to-month,Yes,Mailed check,87.98,5542.74,Yes
63296593,Male,0,No,No,35,Yes,No,Fiber optic,No,Yes,No,No,Yes,Yes,Month-to-month,Yes,Electronic check,62.05,2233.8,No
10026256,Male,0,No,No,60,No,No phone service,Fiber optic,Yes,Yes,No,No,No,No,Month-to-month,No,Bank transfer (automatic),68.08,4152.88,No
14652375,Male,0,No,No,41,Yes,No,No,No internet service,No internet service,No internet service,No internet service,No internet service,No internet service,Month-to-month,Yes,Credit card (automatic),61.46,2581.32,Yes
48182550,Male,0,No,No,32,Yes,No,No,No internet service,No internet service,No internet service,No internet service,No internet service,No internet service,One year,No,Electronic check,78.25,2582.25,No
89961933,Female,0,No,No,8,No,No phone service,Fiber optic,No,No,Yes,No,Yes,No,Month-to-month,No,Bank transfer (automatic),85.43,768.87,No
12188077,Female,1,Yes,No,24,Yes,No,No,No internet service,No internet service,No internet service,No internet service,No internet service,No internet service,Two year,No,Mailed check,69.75,1743.75,No
79472352,Female,0,Yes,No,12,Yes,No,Fiber optic,No,Yes,No,Yes,No,Yes,Month-to-month,No,Bank transfer (automatic),48.45,629.85,No
28130896,Male,1,No,No,46,Yes,Yes,Fiber optic,Yes,Yes,No,No,Yes,No,Month-to-month,Yes,Bank transfer (automatic),101.16,4759.58,No
50512501,Female,0,Yes,No,44,Yes,No,Fiber optic,Yes,No,Yes,No,No,No,Month-to-month,No,Electronic check,65.33,2939.85,No
10881653,Female,0,Yes,Yes,4,No,No phone service,No,No internet service,No internet service,No internet service,No internet service,No internet service,No internet service,Month-to-month,No,Electronic check,112.7,563.5,No
50310141,Male,0,Yes,Yes,30,Yes,Yes,Fiber optic,Yes,No,No,No,No,No,Month-to-month,Yes,Credit card (automatic),38.61,1196.91,No
39781129,Female,0,Yes,Yes,30,Yes,No,Fiber optic,Yes,No,Yes,No,No,No,Month-to-month,No,Electronic check,55.17,1710.27,No
38833029,Male,0,No,Yes,70,Yes,No,Fiber optic,No,Yes,No,No,Yes,Yes,Month-to-month,Yes,Bank transfer (automatic),28.18,2000.78,No
52265790,Male,0,No,Yes,40,Yes,No,No,No internet service,No internet service,No internet service,No internet service,No internet service,No internet service,Month-to-month,Yes,Credit card (automatic),91.26,3741.66,No
12912708,Female,0,No,No,45,Yes,No,No,No internet service,No internet service,No internet service,No internet service,No internet service,No internet service,Two year,Yes,Bank transfer (automatic),82.48,3794.08,No
47038339,Female,0,No,No,51,Yes,Yes,DSL,No,Yes,Yes,No,No,No,Two year,No,Credit card (automatic),86.67,4506.84,No
84311410,Female,0,Yes,No,4,Yes,No,Fiber optic,No,Yes,No,No,Yes,Yes,Two year,No,Mailed check,59.03,295.15,No
78621697,Male,0,Yes,No,11,Yes,No,DSL,No,Yes,No,No,Yes,Yes,Two year,Yes,Credit card (automatic),93.22,1118.64,No
84668420,Male,0,Yes,No,20,Yes,Yes,DSL,No,Yes,Yes,No,Yes,No,Month-to-month,Yes,Bank transfer (automatic),86.67,1824.4,Yes
86593789,Male,1,No,Yes,8,Yes,No,No,No internet service,No internet service,No internet service,No internet service,No internet service,No internet service,Month-to-month,Yes,Electronic check,53.7,483.3,No
86720441,Male,0,Yes,No,16,No,No phone service,Fiber optic,No,Yes,Yes,No,No,Yes,Month-to-month,No,Mailed check,127.48,2167.16,Yes
30765467,Male,0,Yes,No,23,Yes,No,Fiber optic,Yes,No,Yes,No,Yes,No,Two year,No,Bank transfer (automatic),70.97,1703.28,Yes
22655004,Female,1,No,No,26,Yes,No,Fiber optic,Yes,No,Yes,No,No,No,Month-to-month,No,Credit card (automatic),75.92,2049.84,Yes
15064880,Female,1,No,Yes,7,Yes,No,Fiber optic,Yes,No,No,Yes,No,No,Month-to-month,Yes,Electronic check,96.49,771.92,No
71789789,Male,0,Yes,No,43,Yes,No,DSL,No,No,No,No,No,No,Month-to-month,No,Credit card (automatic),47.31,2081.64,No
57735307,Female,0,Yes,No,61,Yes,No,DSL,No,Yes,Yes,Yes,Yes,No,Month-to-month,Yes,Electronic check,69.62,4319.92,No
30952341,Female,0,No,Yes,28,Yes,No,Fiber optic,No,Yes,Yes,Yes,Yes,Yes,One year,Yes,Bank transfer (automatic),49.45,1434.05,No
28576833,Male,0,No,No,23,Yes,No,DSL,Yes,No,Yes,No,Yes,No,One year,Yes,Electronic check,33.41,801.84,No
45566111,Female,0,Yes,Yes,33,Yes,Yes,DSL,Yes,No,Yes,No,No,No,Two year,Yes,Mailed check,86.18,2912.88,No
59269031,Male,0,Yes,No,59,No,No phone service,DSL,Yes,No,No,No,Yes,No,Month-to-month,Yes,Electronic check,18.0,1080.0,Yes
88135616,Male,0,No,No,30,Yes,Yes,No,No internet service,No internet service,No internet service,No internet service,No internet service,No internet service,Month-to-month,No,Electronic check,23.91,2221.925,No
43535226,Female,0,No,No,3,Yes,No,DSL,Yes,No,Yes,No,Yes,Yes,One year,No,Bank transfer (automatic),92.55,351.69,No
41271945,Male,0,No,Yes,8,Yes,No,No,No internet service,No internet service,No internet service,No internet service,No internet service,No internet service,Month-to-month,Yes,Mailed check,24.46,220.14,No
44392465,Female,0,No,Yes,53,Yes,No,Fiber optic,Yes,No,Yes,No,No,Yes,Month-to-month,No,Electronic check,51.88,2801.52,No
50305910,Female,0,No,No,0,Yes,Yes,DSL,Yes,No,Yes,No,No,No,Two year,Yes,Credit card (automatic),77.78,77.78,No
22335296,Female,0,Yes,Yes,60,Yes,No,Fiber optic,Yes,Yes,Yes,No,Yes,Yes,Month-to-month,No,Mailed check,85.15,5177.12,No
86569490,Female,0,Yes,No,72,Yes,No,Fiber optic,Yes,Yes,Yes,No,No,No,Month-to-month,No,Bank transfer (automatic),85.32,6228.36,Yes
63660012,Male,0,No,No,30,Yes,Yes,No,No internet service,No internet service,No internet service,No internet service,No internet service,No internet service,Month-to-month,No,Credit card (automatic),90.3,2799.3,No
86378602,Female,0,No,No,44,Yes,No,No,No internet service,No internet service,No internet service,No internet service,No internet service,No internet service,Month-to-month,Yes,Credit card (automatic),38.11,1714.95,Yes
39183937,Female,0,No,Yes,59,Yes,Yes,DSL,Yes,Yes,Yes,No,No,Yes,One year,Yes,Bank transfer (automatic),85.24,5097.35,No
20361818,Female,0,Yes,No,72,Yes,Yes,Fiber optic,No,No,Yes,Yes,Yes,No,Month-to-month,Yes,Electronic check,55.81,4062.97,No
53579429,Male,0,No,No,41,Yes,No,DSL,No,Yes,No,No,No,No,One year,No,Bank transfer (automatic),18.0,756.0,No
74764506,Male,0,Yes,No,26,Yes,No,DSL,No,Yes,No,Yes,Yes,Yes,Two year,No,Electronic check,119.27,3220.29,Yes
33206579,Female,0,No,No,57,Yes,No,DSL,Yes,No,No,No,Yes,No,Two year,Yes,Mailed check,56.6,3282.8,No
75535348,Female,0,Yes,No,68,Yes,No,Fiber optic,Yes,Yes,Yes,No,No,No,Month-to-month,Yes,Credit card (automatic),70.02,4831.38,Yes
87340611,Female,0,No,Yes,72,Yes,Yes,DSL,Yes,Yes,Yes,No,No,No,One year,Yes,Electronic check,45.82,3344.86,No
22799546,Female,0,No,Yes,33,Yes,No,Fiber optic,Yes,Yes,Yes,Yes,No,No,One year,No,Bank transfer (automatic),85.72,2914.48,No
89890579,Male,0,Yes,No,9,Yes,No,No,No internet service,No internet service,No internet service,No internet service,No internet service,No internet service,Month-to-month,Yes,Electronic check,57.47,574.7,No
96201956,Male,0,Yes,Yes,65,Yes,Yes,Fiber optic,No,No,Yes,No,No,Yes,Month-to-month,Yes,Electronic check,47.13,3110.58,No
50318100,Female,1,No,No,24,Yes,No,No,No internet service,No internet service,No internet service,No internet service,No internet service,No internet service,Two year,Yes,Electronic check,145.61,3640.25,No
15015930,Female,0,No,No,2,Yes,Yes,DSL,Yes,No,Yes,No,Yes,No,One year,Yes,Mailed check,18.0,54.0,No
87347488,Female,0,Yes,No,33,No,No phone service,Fiber optic,No,No,No,Yes,No,No,One year,Yes,Credit card (automatic),54.1,1839.4,No
61210252,Male,1,Yes,Yes,70,No,No phone service,No,No internet service,No internet service,No internet service,No internet service,No internet service,No internet service,Month-to-month,No,Mailed check,75.75,5378.25,No
20533057,Female,1,Yes,No,27,Yes,Yes,DSL,No,No,Yes,No,Yes,Yes,Month-to-month,Yes,Mailed check,34.01,952.28,No
17505818,Male,0,No,No,8,Yes,No,Fiber optic,No,No,Yes,No,No,No,Month-to-month,No,Electronic check,47.25,427.61,No
54881018,Male,0,Yes,Yes,10,Yes,No,DSL,No,Yes,No,Yes,No,No,Month-to-month,No,Electronic check,77.19,849.09,No
56698401,Female,0,Yes,Yes,38,Yes,No,Fiber optic,No,Yes,No,Yes,No,No,Month-to-month,No,Credit card (automatic),18.0,698.4,No
68291349,Male,0,No,No,12,Yes,No,Fiber optic,No,Yes,No,Yes,Yes,No,Month-to-month,Yes,Electronic check,114.23,1484.99,No
65904597,Male,0,No,No,10,Yes,Yes,No,No internet service,No internet service,No internet service,No internet service,No internet service,No internet service,Month-to-month,No,Electronic check,75.39,829.29,Yes
26178675,Male,0,Yes,Yes,34,Yes,No,Fiber optic,No,Yes,Yes,Yes,Yes,Yes,Two year,No,Mailed check,74.3,2604.21,No
40429530,Female,0,No,Yes,7,Yes,No,No,No internet service,No internet service,No internet service,No internet service,No internet service,No internet service,One year,No,Mailed check,69.15,553.2,No
97614538,Female,0,No,Yes,6,Yes,No,DSL,No,Yes,No,Yes,Yes,No,Month-to-month,Yes,Electronic check,52.13,364.91,No
90839556,Male,0,No,No,68,No,No phone service,Fiber optic,Yes,No,No,Yes,Yes,No,Month-to-month,Yes,Electronic check,60.66,4185.54,No
11534696,Male,1,Yes,No,69,Yes,No,Fiber optic,Yes,Yes,Yes,No,Yes,No,Month-to-month,Yes,Credit card (automatic),73.05,5113.5,No
95078886,Male,0,No,No,56,Yes,Yes,Fiber optic,Yes,No,No,No,No,No,Month-to-month,Yes,Electronic check,53.2,3032.4,No
94851591,Male,0,Yes,No,34,Yes,No,Fiber optic,Yes,No,No,Yes,No,Yes,Month-to-month,No,Credit card (automatic),58.39,2043.65,No
61336531,Male,0,Yes,No,10,Yes,No,No,No internet service,No internet service,No internet service,No internet service,No internet service,No internet service,Two year,Yes,Electronic check,82.25,904.75,No
17264930,Male,0,Yes,No,37,Yes,No,DSL,No,Yes,No,Yes,No,No,Two year,No,Credit card (automatic),27.08,1029.04,No
50907334,Female,0,No,Yes,48,Yes,No,DSL,Yes,No,No,Yes,No,No,Two year,Yes,Mailed check,86.78,4252.22,No
80381542,Male,1,No,No,34,Yes,No,No,No internet service,No internet service,No internet service,No internet service,No internet service,No internet service,Month-to-month,Yes,Electronic check,140.56,4891.49,No
15527388,Male,1,No,Yes,28,Yes,Yes,Fiber optic,Yes,No,No,Yes,Yes,Yes,Month-to-month,No,Mailed check,130.43,3782.47,Yes
52857940,Male,0,Yes,No,40,Yes,No,Fiber optic,Yes,No,No,Yes,Yes,Yes,One year,Yes,Credit card (automatic),78.84,3232.44,No
82468141,Male,0,No,Yes,5,Yes,No,DSL,No,Yes,No,No,Yes,Yes,One year,Yes,Electronic check,32.52,196.75,No
85821325,Female,0,No,Yes,9,Yes,No,DSL,Yes,No,Yes,Yes,No,Yes,Month-to-month,No,Mailed check,111.49,1114.9,No
30076290,Male,0,Yes,Yes,22,Yes,No,DSL,Yes,Yes,No,Yes,Yes,Yes,Month-to-month,Yes,Bank transfer (automatic),64.29,1478.67,No
53866598,Male,0,No,No,45,Yes,No,DSL,No,Yes,No,No,Yes,No,Month-to-month,No,Electronic check,112.68,5183.28,Yes
77431202,Female,0,Yes,No,11,Yes,Yes,Fiber optic,No,Yes,No,Yes,No,No,Two year,No,Electronic check,47.09,555.66,No
39634895,Female,0,No,No,54,Yes,No,Fiber optic,No,Yes,Yes,Yes,Yes,Yes,Month-to-month,Yes,Electronic check,52.37,2880.35,No
30561818,Female,0,Yes,No,12,Yes,Yes,No,No internet service,No internet service,No internet service,No internet service,No internet service,No internet service,Month-to-month,Yes,Bank transfer (automatic),84.44,1097.72,No
16780654,Female,0,No,No,6,Yes,No,DSL,No,No,Yes,No,No,No,Two year,Yes,Credit card (automatic),49.4,335.92,No
62731823,Female,1,No,No,11,Yes,No,DSL,No,No,No,No,Yes,No,Month-to-month,Yes,Mailed check,126.32,1515.84,Yes
69809598,Female,0,No,Yes,60,No,No phone service,Fiber optic,Yes,Yes,Yes,Yes,No,No,One year,Yes,Electronic check,86.91,5284.13,No
89877290,Male,0,Yes,No,24,Yes,No,DSL,Yes,No,No,Yes,No,Yes,Month-to-month,Yes,Mailed check,123.2,3080.0,No
87209399,Male,0,Yes,Yes,1,Yes,No,No,No internet service,No internet service,No internet service,No internet service,No internet service,No internet service,Month-to-month,Yes,Credit card (automatic),35.93,71.86,No
77743626,Male,0,Yes,No,25,Yes,Yes,Fiber optic,No,No,No,Yes,No,Yes,Month-to-month,Yes,Bank transfer (automatic),43.81,1139.06,No
22090729,Male,0,No,No,50,Yes,No,No,No internet service,No internet service,No internet service,No internet service,No internet service,No internet service,Two year,Yes,Electronic check,151.72,7745.31,No
39807828,Female,0,No,No,68,Yes,No,DSL,Yes,Yes,Yes,No,No,No,Month-to-month,No,Electronic check,21.78,1502.82,Yes
67973424,Female,0,Yes,Yes,61,Yes,No,DSL,Yes,Yes,Yes,No,No,Yes,Two year,No,Electronic check,110.78,6868.36,No
48894019,Male,0,Yes,No,71,Yes,No,DSL,No,No,Yes,Yes,No,Yes,Two year,Yes,Electronic check,76.01,5472.72,Yes
62925057,Female,0,No,No,72,Yes,No,DSL,No,No,Yes,Yes,No,Yes,Month-to-month,Yes,Bank transfer (automatic),57.26,4179.98,No
29865888,Male,0,No,No,38,Yes,Yes,Fiber optic,No,Yes,No,No,Yes,No,Month-to-month,No,Credit card (automatic),99.87,3894.93,Yes
27742113,Male,1,Yes,No,10,Yes,No,No,No internet service,No internet service,No internet service,No internet service,No internet service,No internet service,Two year,Yes,Credit card (automatic),118.81,1283.15,Yes
55119729,Male,1,Yes,No,63,Yes,No,DSL,Yes,Yes,Yes,Yes,Yes,Yes,Month-to-month,Yes,Bank transfer (automatic),72.15,4617.6,Yes
21079017,Male,0,Yes,No,41,Yes,Yes,DSL,Yes,Yes,No,Yes,No,Yes,Two year,Yes,Credit card (automatic),78.51,3297.42,No
73868130,Female,0,No,Yes,9,Yes,Yes,DSL,No,No,No,Yes,No,No,Two year,No,Bank transfer (automatic),75.02,735.2,No
86697457,Female,0,No,No,18,Yes,No,Fiber optic,Yes,No,Yes,No,No,Yes,Month-to-month,No,Credit card (automatic),67.77,1274.08,No
16618423,Male,0,No,No,3,Yes,No,Fiber optic,Yes,No,No,Yes,Yes,Yes,Month-to-month,Yes,Electronic check,20.0,81.0,Yes
83571770,Female,0,Yes,No,2,Yes,No,Fiber optic,No,Yes,Yes,Yes,Yes,Yes,One year,Yes,Electronic check,43.89,131.67,No
63578549,Male,0,No,No,13,Yes,Yes,Fiber optic,No,No,Yes,No,No,No,Month-to-month,Yes,Credit card (automatic),107.32,1507.85,Yes
45239935,Female,0,Yes,No,9,Yes,No,Fiber optic,No,No,Yes,No,No,Yes,Month-to-month,No,Electronic check,54.3,545.72,No
21419108,Male,0,Yes,No,5,Yes,No,Fiber optic,No,No,Yes,No,Yes,Yes,Month-to-month,Yes,Bank transfer (automatic),39.06,234.36,Yes
63489393,Male,0,No,Yes,30,Yes,No,No,No internet service,No internet service,No internet service,No internet service,No internet service,No internet service,Month-to-month,Yes,Electronic check,59.35,1839.85,No
77353558,Male,1,Yes,No,30,Yes,Yes,Fiber optic,Yes,No,No,Yes,Yes,No,Month-to-month,No,Bank transfer (automatic),62.59,1940.29,Yes
68316409,Female,0,Yes,No,47,Yes,No,DSL,No,No,No,No,Yes,No,Month-to-month,Yes,Mailed check,27.07,1300.71,No
27498659,Female,0,No,No,8,Yes,No,DSL,No,Yes,No,Yes,No,No,Month-to-month,Yes,Credit card (automatic),65.07,585.63,No
28102047,Male,0,Yes,Yes,25,Yes,No,DSL,No,No,Yes,Yes,Yes,Yes,One year,No,Credit card (automatic),72.78,1892.28,No
74548325,Female,0,No,Yes,1,Yes,No,Fiber optic,Yes,No,No,Yes,Yes,Yes,Month-to-month,No,Electronic check,48.44,96.88,No
85067462,Male,0,No,No,3,Yes,No,Fiber optic,Yes,Yes,Yes,No,No,Yes,Month-to-month,No,Mailed check,79.6,318.4,Yes
36589676,Male,0,No,No,5,Yes,Yes,DSL,Yes,No,No,No,No,Yes,Month-to-month,No,Credit card (automatic),153.63,891.05,Yes
75479608,Male,0,Yes,Yes,29,Yes,No,Fiber optic,No,No,Yes,Yes,Yes,No,One year,Yes,Mailed check,60.67,1820.1,Yes
63058791,Male,0,Yes,No,54,Yes,No,Fiber optic,Yes,No,Yes,No,No,No,Month-to-month,Yes,Mailed check,33.11,1822.71,Yes
97543303,Female,0,Yes,No,27,Yes,No,DSL,No,No,No,No,Yes,No,One year,Yes,Electronic check,101.59,2824.2,Yes
86682706,Male,0,Yes,No,60,Yes,Yes,Fiber optic,Yes,No,No,Yes,No,No,One year,No,Bank transfer (automatic),99.1,6045.1,Yes
36320002,Male,1,No,Yes,54,Yes,Yes,Fiber optic,Yes,No,No,Yes,No,Yes,Month-to-month,No,Credit card (automatic),104.55,5755.48,Yes
85318641,Female,0,Yes,No,35,Yes,No,DSL,No,No,No,Yes,Yes,No,Month-to-month,Yes,Credit card (automatic),80.52,2898.72,Yes
92677695,Male,0,Yes,No,4,Yes,No,No,No internet service,No internet service,No internet service,No internet service,No internet service,No internet service,Two year,No,Bank transfer (automatic),52.44,262.2,Yes
80363346,Female,0,No,No,28,Yes,Yes,DSL,No,Yes,No,No,No,Yes,One year,No,Electronic check,74.67,2165.43,No
43050557,Female,1,No,No,11,Yes,Yes,Fiber optic,Yes,Yes,No,No,Yes,No,Month-to-month,No,Bank transfer (automatic),52.87,634.44,No
42522981,Female,0,No,Yes,21,Yes,No,No,No internet service,No internet service,No internet service,No internet service,No internet service,No internet service,One year,Yes,Bank transfer (automatic),110.34,2427.48,No
19615892,Male,0,Yes,No,58,Yes,Yes,Fiber optic,No,No,No,Yes,No,No,One year,Yes,Bank transfer (automatic),100.02,2221.925,Yes
45736421,Female,1,No,No,38,Yes,No,Fiber optic,No,No,No,Yes,No,No,Month-to-month,No,Credit card (automatic),22.54,879.06,No
67722445,Male,0,No,No,1,Yes,No,No,No internet service,No internet service,No internet service,No internet service,No internet service,No internet service,Two year,Yes,Electronic check,56.7,113.4,No
53407575,Male,0,Yes,No,13,Yes,No,DSL,Yes,No,No,Yes,No,Yes,One year,Yes,Bank transfer (automatic),95.1,1331.4,No
87311859,Female,0,Yes,Yes,9,Yes,Yes,DSL,No,Yes,No,No,No,No,Month-to-month,Yes,Bank transfer (automatic),33.22,332.2,No
22025190,Female,0,Yes,No,47,Yes,No,Fiber optic,Yes,No,No,Yes,Yes,Yes,Two year,Yes,Credit card (automatic),70.8,3398.4,No
25103503,Male,0,No,No,63,Yes,Yes,No,No internet service,No internet service,No internet service,No internet service,No internet service,No internet service,Month-to-month,Yes,Electronic check,18.0,1152.0,No
65510043,Female,0,Yes,No,2,Yes,Yes,Fiber optic,No,No,Yes,No,Yes,Yes,Two year,Yes,Mailed check,57.94,173.82,No
66846657,Male,0,No,Yes,71,Yes,Yes,No,No internet service,No internet service,No internet service,No internet service,No internet service,No internet service,Month-to-month,Yes,Electronic check,69.02,4969.44,No
59025393,Female,0,No,Yes,59,Yes,Yes,DSL,Yes,No,No,Yes,Yes,No,One year,Yes,Credit card (automatic),34.79,2087.4,No
56749089,Female,0,No,No,67,Yes,No,No,No internet service,No internet service,No internet service,No internet service,No internet service,No internet service,Month-to-month,Yes,Electronic check,73.88,5023.84,No
35567100,Male,0,Yes,Yes,20,Yes,No,No,No internet service,No internet service,No internet service,No internet service,No internet service,No internet service,Month-to-month,Yes,Electronic check,85.76,1800.96,Yes
53048774,Female,0,Yes,No,18,No,No phone service,Fiber optic,Yes,No,Yes,No,No,Yes,Month-to-month,Yes,Bank transfer (automatic),42.23,793.92,Yes
56241350,Female,0,Yes,Yes,19,Yes,Yes,No,No internet service,No internet service,No internet service,No internet service,No internet service,No internet service,Month-to-month,No,Electronic check,91.66,1833.2,No
89708841,Female,0,Yes,No,57,Yes,No,DSL,Yes,No,No,Yes,No,Yes,Two year,Yes,Mailed check,100.83,5848.14,No
97967622,Female,1,No,No,41,Yes,No,No,No internet service,No internet service,No internet service,No internet service,No internet service,No internet service,Month-to-month,No,Electronic check,64.05,2690.1,Yes
13248985,Male,0,Yes,No,9,Yes,No,No,No internet service,No internet service,No internet service,No internet service,No internet service,No internet service,Month-to-month,Yes,Mailed check,18.0,180.0,No
50912093,Male,1,Yes,No,22,Yes,Yes,DSL,Yes,Yes,No,Yes,No,Yes,Month-to-month,Yes,Bank transfer (automatic),50.75,1167.25,No
32717056,Female,0,Yes,No,11,Yes,Yes,Fiber optic,Yes,Yes,No,Yes,No,No,One year,Yes,Bank transfer (automatic),78.3,939.6,No
56938140,Male,0,Yes,No,8,Yes,Yes,Fiber optic,No,Yes,Yes,No,No,Yes,Month-to-month,Yes,Electronic check,35.35,318.15,Yes
92707781,Male,0,No,No,28,Yes,No,DSL,No,No,No,Yes,Yes,No,Month-to-month,No,Credit card (automatic),65.18,1890.22,No
69352435,Female,0,No,No,19,Yes,No,DSL,Yes,No,Yes,No,No,Yes,Month-to-month,Yes,Electronic check,44.28,885.6,Yes
93642093,Female,1,No,No,64,Yes,No,DSL,Yes,No,Yes,Yes,Yes,No,One year,No,Credit card (automatic),69.49,4516.85,No
29571424,Male,1,Yes,No,2,Yes,Yes,Fiber optic,Yes,No,No,Yes,Yes,Yes,Month-to-month,No,Credit card (automatic),63.28,189.84,No
69118000,Male,0,No,No,7,Yes,No,Fiber optic,Yes,Yes,No,No,No,No,Two year,No,Electronic check,68.61,548.88,Yes
16023362,Male,0,No,No,38,Yes,No,No,No internet service,No internet service,No internet service,No internet service,No internet service,No internet service,Month-to-month,No,Credit card (automatic),84.54,3301.29,Yes
41338443,Male,0,Yes,Yes,63,Yes,No,DSL,Yes,Yes,No,Yes,Yes,No,One year,No,Electronic check,61.74,3951.36,No
36801295,Female,0,Yes,Yes,30,Yes,Yes,Fiber optic,Yes,Yes,No,No,Yes,Yes,Two year,Yes,Mailed check,119.75,3712.25,No
60173377,Male,0,No,Yes,71,Yes,No,DSL,No,Yes,Yes,No,No,No,Two year,Yes,Electronic check,112.26,8082.72,No
30936786,Male,0,No,Yes,21,Yes,No,Fiber optic,Yes,Yes,Yes,No,No,No,Two year,Yes,Electronic check,83.33,1833.26,No
21517819,Male,0,No,No,4,Yes,No,No,No internet service,No internet service,No internet service,No internet service,No internet service,No internet service,Two year,No,Electronic check,84.42,405.22,No
25082279,Female,0,Yes,No,57,Yes,No,Fiber optic,Yes,No,No,Yes,Yes,Yes,Month-to-month,No,Electronic check,53.4,3097.2,Yes
17319968,Female,1,Yes,No,72,No,No phone service,DSL,Yes,No,No,Yes,No,Yes,Two year,No,Credit card (automatic),81.13,5922.49,No
42621391,Female,0,No,Yes,62,Yes,No,Fiber optic,Yes,No,No,Yes,No,No,Month-to-month,No,Electronic check,86.2,5413.36,Yes
93349536,Male,0,No,No,60,Yes,Yes,DSL,Yes,No,No,No,No,No,One year,Yes,Electronic check,86.76,5292.36,No
29820881,Female,1,No,No,51,No,No phone service,Fiber optic,No,Yes,No,No,No,Yes,Month-to-month,Yes,Electronic check,101.42,5278.91,No
48612439,Female,0,No,No,32,Yes,Yes,DSL,No,No,No,Yes,Yes,No,One year,Yes,Electronic check,82.11,2709.63,No
11843251,Female,0,Yes,No,21,Yes,No,DSL,Yes,No,Yes,No,No,Yes,One year,Yes,Electronic check,79.59,1750.98,No
56073103,Female,0,No,No,50,Yes,No,Fiber optic,No,No,Yes,No,Yes,Yes,Month-to-month,No,Credit card (automatic),108.18,5517.18,Yes
24935479,Male,0,No,No,10,Yes,No,No,No internet service,No internet service,No internet service,No internet service,No internet service,No internet service,Month-to-month,Yes,Electronic check,72.99,802.89,No
50952251,Male,0,No,Yes,57,Yes,No,Fiber optic,Yes,Yes,No,No,No,No,One year,Yes,Credit card (automatic),51.97,3014.26,No
70406241,Male,1,Yes,No,49,Yes,Yes,DSL,Yes,No,No,Yes,No,No,One year,Yes,Electronic check,87.12,2221.925,No
73242092,Female,1,Yes,No,69,No,No phone service,DSL,Yes,Yes,No,Yes,No,No,One year,No,Credit card (automatic),89.81,6291.19,No
13053200,Male,0,No,No,16,Yes,No,No,No internet service,No internet service,No internet service,No internet service,No internet service,No internet service,Month-to-month,No,Credit card (automatic),58.83,1000.11,No
54543739,Female,0,No,Yes,45,Yes,Yes,No,No internet service,No internet service,No internet service,No internet service,No internet service,No internet service,Month-to-month,No,Electronic check,58.81,2705.26,Yes
38052785,Female,0,No,Yes,43,Yes,No,DSL,No,No,Yes,Yes,No,Yes,Two year,Yes,Electronic check,73.94,3253.36,No
82209870,Female,0,No,No,56,Yes,No,No,No internet service,No internet service,No internet service,No internet service,No internet service,No internet service,Two year,No,Electronic check,108.29,6172.53,No
38437423,Female,0,No,No,4,Yes,No,No,No internet service,No internet service,No internet service,No internet service,No internet service,No internet service,Month-to-month,Yes,Electronic check,55.13,275.65,No
37353754,Female,0,No,No,38,Yes,No,DSL,No,No,Yes,Yes,No,Yes,Two year,Yes,Electronic check,28.36,1106.04,No
83339816,Male,0,Yes,No,57,Yes,No,Fiber optic,No,Yes,Yes,Yes,No,Yes,One year,Yes,Bank transfer (automatic),25.91,1504.08,No
80231557,Male,0,Yes,No,8,No,No phone service,Fiber optic,Yes,No,No,Yes,Yes,Yes,Two year,Yes,Bank transfer (automatic),31.08,281.27,No
44716489,Male,0,Yes,Yes,22,Yes,No,DSL,No,No,No,Yes,Yes,No,Month-to-month,Yes,Electronic check,34.46,792.58,Yes
83658696,Female,0,No,No,46,Yes,No,DSL,Yes,No,No,No,Yes,Yes,One year,Yes,Credit card (automatic),54.18,2546.46,No
74830696,Female,0,Yes,Yes,35,Yes,Yes,Fiber optic,No,Yes,No,No,Yes,No,Month-to-month,Yes,Credit card (automatic),54.41,1958.76,Yes
93623280,Female,0,Yes,No,30,Yes,No,No,No internet service,No internet service,No internet service,No internet service,No internet service,No internet service,One year,Yes,Mailed check,84.87,2635.21,Yes
28971329,Male,0,No,No,22,Yes,No,No,No internet service,No internet service,No internet service,No internet service,No internet service,No internet service,One year,Yes,Electronic check,107.83,2480.09,No
99692417,Male,0,No,Yes,55,Yes,No,DSL,Yes,Yes,Yes,No,Yes,Yes,One year,Yes,Mailed check,96.56,5407.36,No
12468064,Male,0,No,No,70,No,No phone service,Fiber optic,Yes,No,No,Yes,No,No,Month-to-month,No,Mailed check,48.7,3457.7,Yes
60547291,Female,1,Yes,No,45,Yes,No,Fiber optic,Yes,Yes,Yes,Yes,No,Yes,Month-to-month,Yes,Credit card (automatic),52.1,2396.6,Yes
88249598,Male,0,No,Yes,57,Yes,No,Fiber optic,Yes,No,No,No,Yes,No,One year,Yes,Credit card (automatic),144.39,8374.62,No
99057266,Female,0,Yes,Yes,35,No,No phone service,Fiber optic,No,No,Yes,No,No,Yes,Two year,Yes,Electronic check,24.6,885.6,No
80705777,Male,0,Yes,No,67,Yes,Yes,Fiber optic,Yes,Yes,Yes,No,Yes,Yes,Month-to-month,No,Electronic check,97.43,6625.24,No
15836056,Male,0,Yes,No,59,Yes,No,DSL,No,No,Yes,No,No,No,Month-to-month,No,Credit card (automatic),44.34,2660.4,Yes
44286770,Male,0,Yes,No,13,Yes,Yes,DSL,No,Yes,No,No,Yes,No,Month-to-month,Yes,Electronic check,93.46,1308.44,No
32859916,Male,0,Yes,No,24,Yes,No,Fiber optic,No,No,Yes,Yes,Yes,Yes,One year,Yes,Electronic check,105.53,2638.25,No
18067834,Female,1,No,No,70,No,No phone service,Fiber optic,No,Yes,Yes,No,No,Yes,Two year,No,Credit card (automatic),75.86,5386.06,No
48119652,Male,0,Yes,No,43,Yes,No,Fiber optic,Yes,Yes,Yes,No,No,No,One year,Yes,Mailed check,102.27,4499.88,No
36936968,Male,0,No,No,45,Yes,Yes,Fiber optic,Yes,Yes,No,Yes,No,No,Two year,Yes,Credit card (automatic),169.53,7798.38,Yes
92941828,Female,0,Yes,No,12,Yes,No,Fiber optic,Yes,No,Yes,No,No,No,Month-to-month,Yes,Electronic check,29.49,383.37,No
46410780,Female,0,Yes,No,61,Yes,No,Fiber optic,Yes,No,Yes,Yes,No,No,Two year,Yes,Bank transfer (automatic),102.19,6315.34,No
17124981,Female,0,No,No,18,Yes,No,No,No internet service,No internet service,No internet service,No internet service,No internet service,No internet service,One year,Yes,Bank transfer (automatic),105.19,1977.57,No
72405984,Female,0,No,Yes,11,Yes,No,DSL,No,No,Yes,Yes,No,Yes,Month-to-month,No,Bank transfer (automatic),27.01,324.12,Yes
97880113,Female,1,No,Yes,47,No,No phone service,No,No internet service,No internet service,No internet service,No internet service,No internet service,No internet service,Month-to-month,Yes,Electronic check,81.06,3890.88,Yes
11118594,Male,0,No,Yes,32,Yes,No,DSL,No,No,No,No,Yes,No,Month-to-month,Yes,Electronic check,65.48,2160.84,Yes
18938604,Female,1,No,No,36,Yes,No,Fiber optic,No,No,No,No,Yes,Yes,Month-to-month,No,Electronic check,89.58,3314.46,Yes
62163068,Female,0,No,No,5,Yes,No,Fiber optic,Yes,No,No,Yes,No,No,Two year,No,Bank transfer (automatic),77.13,462.78,No
98633740,Male,0,No,No,42,Yes,No,Fiber optic,No,No,No,Yes,Yes,No,Month-to-month,No,Bank transfer (automatic),95.73,4116.39,No
46414662,Male,0,No,No,49,Yes,No,No,No internet service,No internet service,No internet service,No internet service,No internet service,No internet service,Month-to-month,Yes,Electronic check,43.94,2197.0,Yes
98983888,Male,0,Yes,No,45,Yes,No,DSL,Yes,No,Yes,Yes,Yes,Yes,Two year,Yes,Bank transfer (automatic),135.23,6193.53,No
98597172,Female,1,No,No,72,Yes,No,Fiber optic,Yes,No,Yes,Yes,Yes,Yes,Month-to-month,No,Electronic check,76.54,5591.25,No
58347794,Male,0,Yes,Yes,27,Yes,Yes,No,No internet service,No internet service,No internet service,No internet service,No internet service,No internet service,Month-to-month,Yes,Electronic check,119.33,3341.24,Yes
24480943,Male,0,Yes,No,66,Yes,Yes,DSL,No,No,No,Yes,No,No,Month-to-month,Yes,Mailed check,84.13,5636.71,Yes
12560649,Female,1,No,No,10,No,No phone service,No,No internet service,No internet service,No internet service,No internet service,No internet service,No internet service,One year,No,Electronic check,110.02,1188.22,No
49258091,Female,1,Yes,Yes,19,Yes,No,Fiber optic,Yes,Yes,Yes,No,No,Yes,Month-to-month,Yes,Bank transfer (automatic),71.29,1425.8,Yes
97162488,Male,0,Yes,No,29,Yes,No,No,No internet service,No internet service,No internet service,No internet service,No internet service,No internet service,One year,Yes,Bank transfer (automatic),107.08,3190.98,No
61878269,Male,1,Yes,No,35,Yes,Yes,Fiber optic,No,No,Yes,No,Yes,Yes,Month-to-month,Yes,Credit card (automatic),40.47,1456.92,Yes
41026926,Male,0,No,Yes,67,Yes,No,Fiber optic,No,Yes,No,Yes,Yes,No,Month-to-month,Yes,Electronic check,101.09,6874.12,No
61096850,Male,0,Yes,No,35,No,No phone service,DSL,No,No,Yes,Yes,Yes,Yes,Month-to-month,Yes,Mailed check,48.52,1746.72,No
78255127,Male,0,Yes,No,57,No,No phone service,Fiber optic,Yes,No,Yes,Yes,Yes,No,Month-to-month,No,Electronic check,65.11,3763.36,Yes
23368583,Male,1,No,No,27,Yes,No,DSL,No,No,No,Yes,Yes,Yes,Month-to-month,Yes,Bank transfer (automatic),37.85,1059.8,No
52339783,Female,0,No,No,38,Yes,No,Fiber optic,Yes,Yes,Yes,No,No,Yes,Month-to-month,Yes,Credit card (automatic),50.53,1970.67,Yes
75050252,Female,0,Yes,No,65,Yes,Yes,DSL,Yes,No,No,No,Yes,Yes,Month-to-month,Yes,Bank transfer (automatic),61.23,4041.18,Yes
90142265,Female,0,Yes,No,42,No,No phone service,DSL,Yes,No,Yes,No,Yes,Yes,Month-to-month,Yes,Mailed check,88.42,3802.06,No
81344862,Male,0,Yes,Yes,4,Yes,Yes,DSL,Yes,No,Yes,Yes,No,Yes,One year,Yes,Bank transfer (automatic),80.98,404.9,No
21813934,Male,0,Yes,No,12,Yes,Yes,No,No internet service,No internet service,No internet service,No internet service,No internet service,No internet service,Month-to-month,Yes,Electronic check,58.84,767.86,No
35020518,Male,0,Yes,Yes,8,Yes,No,Fiber optic,No,No,No,Yes,No,Yes,One year,Yes,Bank transfer (automatic),87.9,791.1,No
36692577,Female,1,Yes,No,56,Yes,No,Fiber optic,No,Yes,Yes,No,Yes,No,Two year,No,Bank transfer (automatic),84.55,4802.44,No
77196215,Male,0,No,Yes,26,Yes,No,No,No internet service,No internet service,No internet service,No internet service,No internet service,No internet service,One year,No,Credit card (automatic),59.92,1617.84,No
71469875,Female,0,No,No,60,Yes,Yes,Fiber optic,No,Yes,No,No,Yes,No,Two year,Yes,Bank transfer (automatic),58.42,3563.62,No
85254207,Female,0,No,No,49,Yes,No,DSL,Yes,Yes,No,Yes,No,Yes,One year,Yes,Bank transfer (automatic),59.83,2994.49,No
12884132,Male,1,Yes,No,33,Yes,Yes,Fiber optic,No,No,Yes,No,Yes,Yes,Month-to-month,Yes,Mailed check,131.1,4431.18,No
15335477,Male,0,Yes,Yes,64,Yes,Yes,No,No internet service,No internet service,No internet service,No internet service,No internet service,No internet service,Month-to-month,No,Credit card (automatic),51.06,3318.9,No
43204410,Male,0,No,No,44,Yes,No,DSL,Yes,Yes,No,No,No,No,One year,Yes,Bank transfer (automatic),103.15,4641.75,No
81056927,Female,1,Yes,Yes,33,Yes,Yes,Fiber optic,Yes,No,Yes,No,No,Yes,Month-to-month,Yes,Mailed check,47.53,1616.02,No
50926679,Male,0,No,No,72,Yes,No,Fiber optic,No,No,No,Yes,Yes,No,Month-to-month,Yes,Electronic check,57.19,4174.87,Yes
54770958,Female,0,No,No,7,Yes,Yes,Fiber optic,No,Yes,No,No,No,No,Month-to-month,Yes,Credit card (automatic),84.44,675.52,Yes
75757673,Female,0,No,No,47,Yes,Yes,No,No internet service,No internet service,No internet service,No internet service,No internet service,No internet service,Two year,No,Credit card (automatic),90.48,4343.04,No
62801229,Male,1,Yes,No,35,Yes,No,Fiber optic,Yes,Yes,No,No,No,No,One year,Yes,Electronic check,80.22,2887.92,No
31072888,Male,0,Yes,No,65,Yes,Yes,DSL,No,Yes,Yes,No,No,No,Month-to-month,Yes,Mailed check,91.3,6025.8,No
12465878,Male,0,No,Yes,10,No,No phone service,No,No internet service,No internet service,No internet service,No internet service,No internet service,No internet service,Month-to-month,No,Mailed check,89.45,983.95,No
56544010,Female,1,No,No,51,Yes,Yes,Fiber optic,No,No,Yes,No,No,Yes,One year,No,Electronic check,88.88,4621.76,No
57232974,Male,0,Yes,No,35,Yes,No,DSL,Yes,No,Yes,No,Yes,Yes,Month-to-month,No,Mailed check,54.37,1957.32,No
57698045,Female,0,No,No,30,Yes,No,DSL,No,Yes,No,No,No,No,Month-to-month,No,Mailed check,60.7,1881.7,Yes
93917080,Male,0,Yes,No,23,Yes,No,No,No internet service,No internet service,No internet service,No internet service,No internet service,No internet service,One year,Yes,Electronic check,70.15,1683.6,No
50577537,Female,0,Yes,Yes,20,Yes,No,DSL,No,No,No,No,No,No,One year,Yes,Electronic check,103.89,2181.69,No
41702866,Female,0,No,No,29,Yes,No,Fiber optic,No,No,Yes,Yes,No,No,One year,Yes,Electronic check,90.62,2700.48,No
77276832,Male,0,No,No,71,Yes,Yes,DSL,Yes,Yes,Yes,Yes,No,No,Month-to-month,Yes,Bank transfer (automatic),73.22,5271.84,No
47027755,Male,1,No,No,63,Yes,No,No,No internet service,No internet service,No internet service,No internet service,No internet service,No internet service,Month-to-month,Yes,Bank transfer (automatic),75.47,4830.08,No
18322800,Female,0,Yes,No,38,Yes,No,Fiber optic,No,Yes,Yes,Yes,No,No,Month-to-month,No,Electronic check,38.05,1483.95,No
93992429,Female,0,Yes,No,0,Yes,Yes,Fiber optic,Yes,No,No,Yes,No,Yes,Month-to-month,Yes,Bank transfer (automatic),62.67,62.67,No
44585138,Male,0,No,No,41,Yes,No,Fiber optic,No,Yes,No,Yes,No,No,Two year,Yes,Mailed check,55.12,2315.04,No
61965156,Female,0,Yes,No,4,Yes,No,No,No internet service,No internet service,No internet service,No internet service,No internet service,No internet service,Month-to-month,Yes,Electronic check,96.52,487.43,No
13954845,Female,0,Yes,No,11,Yes,No,No,No internet service,No internet service,No internet service,No internet service,No internet service,No internet service,Two year,No,Bank transfer (automatic),76.32,900.58,No
84482698,Female,1,No,Yes,28,Yes,No,Fiber optic,Yes,Yes,Yes,No,Yes,Yes,Month-to-month,Yes,Credit card (automatic),106.89,3099.81,No
47606981,Female,0,Yes,No,2,Yes,Yes,No,No internet service,No internet service,No internet service,No internet service,No internet service,No internet service,Month-to-month,Yes,Electronic check,139.67,419.01,No
40277197,Male,1,No,No,60,Yes,No,Fiber optic,Yes,Yes,Yes,Yes,Yes,Yes,One year,No,Mailed check,95.06,5798.66,No
30361927,Male,0,Yes,No,50,Yes,Yes,Fiber optic,No,Yes,Yes,No,No,No,One year,Yes,Electronic check,41.96,2139.96,No
55873760,Male,0,No,No,35,Yes,No,No,No internet service,No internet service,No internet service,No internet service,No internet service,No internet service,One year,No,Electronic check,64.23,2221.925,No
62726977,Male,0,No,No,1,Yes,Yes,Fiber optic,Yes,Yes,Yes,No,Yes,No,Month-to-month,Yes,Electronic check,21.12,42.24,Yes
98171888,Female,0,Yes,No,28,Yes,No,No,No internet service,No internet service,No internet service,No internet service,No internet service,No internet service,Two year,Yes,Credit card (automatic),123.51,3587.97,No
28422816,Female,0,Yes,Yes,40,No,No phone service,DSL,No,No,No,Yes,Yes,Yes,One year,Yes,Credit card (automatic),138.73,5687.93,No
21783647,Female,0,Yes,No,28,No,No phone service,Fiber optic,No,No,No,Yes,Yes,Yes,Two year,No,Electronic check,42.01,1220.39,No
61298971,Female,1,Yes,Yes,63,Yes,No,Fiber optic,Yes,No,No,No,No,Yes,Month-to-month,Yes,Electronic check,57.69,3692.16,No
79889565,Female,0,No,No,57,Yes,No,Fiber optic,Yes,No,Yes,Yes,No,No,Month-to-month,No,Credit card (automatic),53.09,3079.22,Yes
92201431,Male,0,No,Yes,9,Yes,No,DSL,No,No,No,Yes,Yes,Yes,One year,No,Bank transfer (automatic),44.7,447.0,No
93956490,Male,0,No,No,10,Yes,Yes,No,No internet service,No internet service,No internet service,No internet service,No internet service,No internet service,Two year,Yes,Electronic check,26.19,288.09,No
40524866,Female,0,No,No,6,Yes,Yes,DSL,No,Yes,Yes,Yes,No,No,Two year,No,Bank transfer (automatic),95.56,668.92,No
66013532,Male,0,Yes,No,60,Yes,No,Fiber optic,Yes,No,No,Yes,No,Yes,One year,Yes,Mailed check,37.85,2308.85,No
42260681,Male,0,Yes,No,65,Yes,No,Fiber optic,Yes,No,Yes,No,Yes,Yes,Month-to-month,Yes,Electronic check,69.95,4616.7,Yes
86893142,Male,0,No,Yes,52,Yes,No,Fiber optic,No,No,No,No,No,No,Month-to-month,Yes,Electronic check,46.58,2468.74,No
30501644,Male,0,No,Yes,64,Yes,Yes,Fiber optic,No,No,No,Yes,Yes,No,Month-to-month,Yes,Credit card (automatic),18.77,1220.99,Yes
67239162,Male,0,No,No,26,No,No phone service,No,No internet service,No internet service,No internet service,No internet service,No internet service,No internet service,Month-to-month,No,Electronic check,51.34,1386.18,Yes
51927304,Male,0,Yes,No,6,Yes,No,DSL,No,Yes,No,No,No,No,Month-to-month,Yes,Bank transfer (automatic),27.12,189.84,No
91251236,Male,0,No,No,64,Yes,Yes,Fiber optic,No,No,No,Yes,Yes,No,Two year,No,Electronic check,70.1,4556.5,No
54195849,Male,1,Yes,Yes,57,Yes,No,DSL,No,Yes,No,Yes,Yes,No,Month-to-month,Yes,Bank transfer (automatic),88.08,5108.64,Yes
70286467,Female,0,No,No,24,Yes,No,No,No internet service,No internet service,No internet service,No internet service,No internet service,No internet service,Two year,Yes,Electronic check,87.39,2184.75,No
82777382,Female,0,No,No,47,Yes,No,Fiber optic,Yes,No,No,No,No,Yes,Month-to-month,No,Credit card (automatic),77.61,3725.28,No
27686156,Male,0,Yes,No,3,No,No phone service,Fiber optic,Yes,No,Yes,No,Yes,No,Month-to-month,Yes,Bank transfer (automatic),89.46,357.84,No
37750491,Female,0,No,No,7,Yes,Yes,Fiber optic,Yes,No,No,Yes,No,No,Month-to-month,Yes,Electronic check,41.87,334.96,No
97573396,Female,0,No,No,67,Yes,No,Fiber optic,No,Yes,No,No,No,No,Month-to-month,No,Bank transfer (automatic),60.6,4120.8,No
28599426,Male,1,No,Yes,59,Yes,No,DSL,No,No,No,No,No,No,Month-to-month,Yes,Mailed check,60.62,3637.2,No
87984620,Female,0,No,Yes,3,Yes,No,No,No internet service,No internet service,No internet service,No internet service,No internet service,No internet service,Month-to-month,No,Electronic check,26.33,105.32,Yes
82659280,Male,0,Yes,No,7,Yes,No,Fiber optic,Yes,No,Yes,No,No,No,Month-to-month,Yes,Bank transfer (automatic),45.51,354.98,No
37153619,Male,0,No,No,15,Yes,Yes,Fiber optic,No,No,Yes,No,Yes,Yes,Month-to-month,Yes,Credit card (automatic),36.79,588.64,No
28536762,Male,0,Yes,Yes,18,Yes,No,Fiber optic,Yes,No,No,Yes,No,No,One year,No,Electronic check,65.61,1246.59,No
51473062,Female,1,Yes,No,0,Yes,No,No,No internet service,No internet service,No internet service,No internet service,No internet service,No internet service,Month-to-month,Yes,Electronic check,87.1,69.68,No
80303981,Female,0,Yes,No,33,Yes,No,DSL,No,No,No,No,No,No,Two year,No,Electronic check,57.22,1934.04,No
28153282,Male,0,No,No,44,No,No phone service,DSL,Yes,No,No,Yes,No,No,Month-to-month,Yes,Mailed check,41.21,1846.21,No
67722252,Male,0,Yes,Yes,62,Yes,Yes,Fiber optic,No,No,Yes,Yes,No,Yes,Two year,Yes,Electronic check,73.24,4614.12,No
29482024,Male,0,Yes,No,5,Yes,No,Fiber optic,Yes,Yes,Yes,No,Yes,Yes,Two year,No,Bank transfer (automatic),57.17,343.02,No
98077934,Female,0,Yes,No,35,Yes,Yes,DSL,No,No,Yes,No,Yes,No,One year,No,Electronic check,49.44,1779.84,No
85812116,Female,1,No,Yes,65,Yes,No,Fiber optic,Yes,No,No,Yes,No,Yes,Month-to-month,No,Electronic check,116.98,7720.68,Yes
31212832,Male,0,No,No,7,Yes,No,DSL,Yes,Yes,Yes,Yes,Yes,Yes,One year,Yes,Credit card (automatic),101.53,791.93,No
52613620,Female,0,Yes,No,66,Yes,Yes,Fiber optic,No,Yes,No,No,Yes,Yes,Two year,Yes,Credit card (automatic),74.32,4979.44,Yes
19101846,Male,0,No,No,26,Yes,Yes,Fiber optic,No,Yes,No,No,No,Yes,Month-to-month,No,Bank transfer (automatic),54.79,1468.37,Yes
84804948,Female,0,Yes,No,33,Yes,No,DSL,Yes,No,No,No,Yes,Yes,Month-to-month,Yes,Bank transfer (automatic),56.65,1914.77,No
81532887,Female,0,No,No,27,Yes,No,DSL,No,Yes,Yes,No,Yes,No,Month-to-month,Yes,Bank transfer (automatic),45.05,1261.4,Yes
25889673,Female,0,No,No,30,Yes,Yes,No,No internet service,No internet service,No internet service,No internet service,No internet service,No internet service,Month-to-month,No,Mailed check,48.55,1505.05,Yes
34714210,Female,0,No,No,16,Yes,No,Fiber optic,No,Yes,Yes,No,Yes,No,Month-to-month,Yes,Electronic check,66.88,1136.96,No
52627226,Male,0,Yes,No,54,Yes,Yes,No,No internet service,No internet service,No internet service,No internet service,No internet service,No internet service,One year,Yes,Credit card (automatic),18.0,990.0,No
29531743,Male,1,No,Yes,8,Yes,No,DSL,Yes,Yes,No,No,No,Yes,Month-to-month,Yes,Credit card (automatic),112.13,1009.17,No
13957187,Female,0,No,No,56,Yes,No,No,No internet service,No internet service,No internet service,No internet service,No internet service,No internet service,One year,Yes,Credit card (automatic),81.95,4671.15,No
52773504,Male,0,No,No,44,Yes,No,Fiber optic,No,No,Yes,No,No,No,Month-to-month,No,Credit card (automatic),44.06,1982.7,Yes
65571528,Female,0,No,No,5,Yes,No,DSL,No,Yes,No,No,Yes,No,Two year,No,Credit card (automatic),113.13,678.78,No
65197277,Male,0,Yes,No,13,Yes,No,Fiber optic,Yes,No,No,No,Yes,Yes,One year,No,Credit card (automatic),88.96,1245.44,No
50714693,Female,0,No,Yes,30,Yes,No,Fiber optic,No,No,Yes,No,Yes,No,Two year,No,Credit card (automatic),93.2,2889.2,Yes
69459055,Male,1,Yes,No,53,Yes,No,DSL,No,Yes,No,No,No,Yes,Two year,Yes,Electronic check,59.66,3221.64,Yes
95476210,Male,0,No,No,10,Yes,Yes,No,No internet service,No internet service,No internet service,No internet service,No internet service,No internet service,Two year,No,Credit card (automatic),85.78,926.42,No
46748299,Male,0,Yes,No,68,Yes,No,Fiber optic,No,No,No,No,Yes,No,Month-to-month,Yes,Bank transfer (automatic),19.79,1365.51,Yes
30395330,Male,0,No,Yes,1,No,No phone service,DSL,Yes,Yes,Yes,No,No,No,One year,Yes,Mailed check,79.44,142.99,No
35224021,Male,0,Yes,Yes,16,Yes,No,No,No internet service,No internet service,No internet service,No internet service,No internet service,No internet service,Month-to-month,Yes,Electronic check,59.48,1014.13,No
24330619,Male,0,Yes,Yes,35,Yes,No,Fiber optic,No,No,No,No,No,No,Month-to-month,Yes,Credit card (automatic),98.63,3550.68,No
27655789,Male,1,Yes,No,2,Yes,No,Fiber optic,No,Yes,No,Yes,Yes,No,Month-to-month,No,Electronic check,58.6,175.8,Yes
34796255,Male,0,Yes,No,62,Yes,No,Fiber optic,Yes,Yes,No,No,No,No,Month-to-month,Yes,Electronic check,53.28,3356.64,No
13516265,Male,0,No,Yes,42,Yes,No,Fiber optic,No,No,No,Yes,No,No,Month-to-month,No,Credit card (automatic),105.4,4532.2,Yes
92138779,Female,0,No,No,32,Yes,No,Fiber optic,Yes,Yes,No,Yes,No,No,Month-to-month,No,Electronic check,103.49,3415.17,No
92805158,Male,0,No,No,28,Yes,No,DSL,Yes,No,No,No,No,Yes,Month-to-month,No,Electronic check,93.45,2710.05,No
45817693,Female,0,No,Yes,22,Yes,No,Fiber optic,No,No,Yes,Yes,No,Yes,One year,Yes,Mailed check,83.33,1916.59,No
91282861,Male,1,No,No,58,Yes,No,Fiber optic,Yes,No,No,No,No,No,Two year,No,Credit card (automatic),90.57,5343.63,No
86107235,Female,0,Yes,No,48,Yes,Yes,Fiber optic,Yes,Yes,Yes,No,Yes,No,Month-to-month,Yes,Mailed check,62.68,3071.32,Yes
92189839,Male,1,Yes,No,54,Yes,Yes,Fiber optic,Yes,No,Yes,No,Yes,No,Month-to-month,No,Electronic check,43.98,2418.9,No
40992396,Female,0,Yes,No,27,Yes,No,Fiber optic,Yes,Yes,No,Yes,No,No,Two year,No,Mailed check,79.78,2233.84,No
90042177,Female,0,No,No,70,Yes,Yes,Fiber optic,No,No,No,Yes,Yes,Yes,Two year,Yes,Bank transfer (automatic),18.24,1295.04,No
41163012,Male,0,Yes,No,71,Yes,No,Fiber optic,No,No,Yes,Yes,Yes,No,Month-to-month,No,Credit card (automatic),109.88,7911.36,Yes
40992534,Male,0,Yes,Yes,24,Yes,No,DSL,Yes,Yes,Yes,Yes,No,No,Month-to-month,Yes,Credit card (automatic),67.11,1664.33,No
13501001,Female,1,No,Yes,6,Yes,No,DSL,No,No,No,Yes,No,No,Two year,No,Credit card (automatic),65.13,442.88,No
58219240,Female,0,No,No,72,Yes,No,Fiber optic,Yes,No,Yes,No,No,No,Month-to-month,Yes,Mailed check,41.95,3062.35,No
20667011,Male,0,No,Yes,33,Yes,No,DSL,Yes,No,Yes,Yes,No,No,Month-to-month,No,Credit card (automatic),109.3,3716.2,No
73968467,Male,0,No,Yes,21,Yes,No,DSL,No,Yes,Yes,No,No,Yes,Month-to-month,Yes,Credit card (automatic),91.29,2221.925,No
27996802,Female,0,No,No,66,Yes,No,DSL,No,Yes,No,No,No,No,Month-to-month,No,Credit card (automatic),77.57,5197.19,No
77420864,Female,0,No,No,49,Yes,Yes,DSL,Yes,No,No,No,No,Yes,Two year,Yes,Credit card (automatic),86.52,4326.0,No
91163038,Female,0,No,Yes,47,Yes,No,Fiber optic,No,No,Yes,No,No,No,One year,Yes,Credit card (automatic),73.29,3517.92,No
72916371,Male,0,No,Yes,71,Yes,No,Fiber optic,Yes,No,No,Yes,Yes,Yes,Month-to-month,Yes,Electronic check,95.04,6842.88,No
97183615,Female,0,Yes,No,69,Yes,Yes,DSL,No,Yes,No,No,No,No,Two year,No,Credit card (automatic),59.57,4169.9,No
60191981,Female,0,Yes,No,56,Yes,No,DSL,Yes,Yes,No,No,No,Yes,Month-to-month,Yes,Electronic check,70.64,4026.48,Yes
34692904,Female,0,Yes,No,24,Yes,No,DSL,No,Yes,Yes,No,No,No,Month-to-month,Yes,Credit card (automatic),86.44,2143.71,Yes
62004039,Female,1,Yes,No,65,Yes,Yes,Fiber optic,Yes,No,No,No,Yes,No,Two year,Yes,Electronic check,27.85,1838.1,Yes
75960711,Male,0,No,Yes,15,Yes,Yes,Fiber optic,No,No,Yes,No,Yes,No,One year,No,Bank transfer (automatic),31.45,503.2,No
73598657,Female,1,Yes,Yes,57,Yes,Yes,DSL,No,Yes,No,No,No,Yes,Two year,No,Bank transfer (automatic),125.19,7261.02,Yes
28456645,Female,0,Yes,Yes,40,Yes,No,Fiber optic,Yes,No,Yes,Yes,No,Yes,One year,Yes,Credit card (automatic),43.98,1803.18,No
31983035,Female,0,No,Yes,50,Yes,Yes,DSL,Yes,No,Yes,Yes,No,No,One year,No,Electronic check,115.87,5909.37,No
35938895,Female,0,No,No,20,Yes,No,DSL,No,Yes,No,Yes,Yes,Yes,Month-to-month,No,Mailed check,59.3,1245.3,No
40369856,Female,0,No,No,55,Yes,Yes,Fiber optic,Yes,No,No,No,Yes,No,Two year,No,Electronic check,37.04,2074.24,No
14325777,Male,1,No,No,46,Yes,No,Fiber optic,No,No,Yes,Yes,Yes,No,One year,Yes,Bank transfer (automatic),105.9,4977.3,No
64839908,Male,0,No,No,42,Yes,No,DSL,No,No,No,Yes,Yes,Yes,Month-to-month,Yes,Mailed check,88.27,3795.61,No
12015179,Male,0,No,Yes,30,Yes,No,DSL,Yes,No,No,No,Yes,No,Month-to-month,No,Mailed check,91.66,2841.46,No
46219821,Male,0,Yes,Yes,14,Yes,No,DSL,No,No,Yes,Yes,No,Yes,One year,Yes,Electronic check,34.42,518.02,No
65437830,Male,0,Yes,No,47,No,No phone service,Fiber optic,Yes,Yes,Yes,Yes,Yes,No,One year,Yes,Credit card (automatic),83.41,4003.68,No
39870720,Female,0,Yes,No,61,Yes,No,DSL,No,No,No,No,No,Yes,Month-to-month,No,Mailed check,18.0,1116.0,No
37223861,Male,0,No,No,69,Yes,No,DSL,Yes,Yes,No,No,No,Yes,Month-to-month,No,Bank transfer (automatic),81.93,5735.1,No
37455861,Male,0,No,No,2,Yes,No,No,No internet service,No internet service,No internet service,No internet service,No internet service,No internet service,Two year,Yes,Bank transfer (automatic),43.18,131.7,No
18876667,Male,0,No,No,37,Yes,Yes,DSL,No,No,No,No,Yes,No,One year,Yes,Bank transfer (automatic),112.91,4296.23,No
33767033,Male,0,No,Yes,57,Yes,No,DSL,Yes,No,No,Yes,No,Yes,One year,Yes,Electronic check,98.09,5689.22,No
68959861,Female,0,Yes,Yes,66,Yes,Yes,DSL,No,No,No,No,No,Yes,Month-to-month,Yes,Electronic check,75.54,5061.18,No
92820305,Male,0,No,Yes,44,Yes,No,DSL,Yes,No,Yes,No,Yes,No,Month-to-month,No,Electronic check,102.39,4607.55,Yes
75759022,Male,0,No,No,43,Yes,No,DSL,Yes,Yes,Yes,No,No,No,Month-to-month,No,Bank transfer (automatic),141.88,6242.72,Yes
53606752,Male,0,Yes,Yes,7,Yes,No,No,No internet service,No internet service,No internet service,No internet service,No internet service,No internet service,Month-to-month,Yes,Electronic check,68.49,547.92,No
71410640,Female,0,No,No,65,Yes,No,No,No internet service,No internet service,No internet service,No internet service,No internet service,No internet service,Two year,Yes,Mailed check,80.34,5302.44,No
43122766,Female,0,Yes,No,70,Yes,No,Fiber optic,Yes,Yes,No,No,Yes,No,Month-to-month,Yes,Credit card (automatic),32.63,2316.73,No
67385552,Female,0,Yes,No,60,Yes,No,Fiber optic,No,No,Yes,Yes,No,Yes,Month-to-month,No,Electronic check,44.02,2685.22,No
64340297,Male,0,No,Yes,16,Yes,No,Fiber optic,Yes,No,No,No,Yes,Yes,Month-to-month,Yes,Bank transfer (automatic),42.53,723.01,Yes
15613827,Female,0,No,No,70,Yes,Yes,Fiber optic,Yes,No,Yes,No,No,No,Two year,No,Mailed check,71.58,5085.76,No
91594977,Female,0,Yes,No,35,Yes,Yes,Fiber optic,No,No,No,No,No,No,One year,Yes,Credit card (automatic),81.29,2926.44,No
61052956,Male,1,No,Yes,67,Yes,Yes,Fiber optic,Yes,Yes,Yes,Yes,No,Yes,Month-to-month,Yes,Bank transfer (automatic),49.7,3379.6,No
51996390,Female,1,No,Yes,20,Yes,Yes,DSL,No,Yes,No,No,Yes,No,One year,No,Electronic check,78.55,1649.55,No
62902012,Male,0,No,No,45,Yes,No,DSL,Yes,No,No,No,Yes,Yes,Two year,Yes,Electronic check,99.98,4599.08,No
92074794,Female,0,Yes,Yes,45,Yes,No,No,No internet service,No internet service,No internet service,No internet service,No internet service,No internet service,Month-to-month,Yes,Bank transfer (automatic),75.42,3469.32,Yes
86763742,Male,1,Yes,No,15,Yes,Yes,DSL,Yes,No,No,Yes,Yes,Yes,Two year,Yes,Electronic check,102.75,1649.14,No
89699265,Male,0,Yes,No,21,Yes,Yes,No,No internet service,No internet service,No internet service,No internet service,No internet service,No internet service,Two year,Yes,Credit card (automatic),18.0,396.0,No
81962094,Male,0,No,Yes,5,Yes,No,Fiber optic,Yes,No,Yes,No,No,Yes,Month-to-month,Yes,Electronic check,22.58,135.48,No
80495248,Male,0,Yes,No,55,Yes,No,Fiber optic,No,No,Yes,Yes,Yes,No,Month-to-month,No,Credit card (automatic),89.05,4968.99,Yes
96086421,Female,0,Yes,No,44,Yes,No,DSL,Yes,No,Yes,Yes,Yes,No,Month-to-month,Yes,Electronic check,77.39,3482.55,No
15168989,Female,0,No,Yes,57,Yes,No,DSL,No,Yes,No,No,Yes,No,Month-to-month,Yes,Electronic check,72.44,4201.52,No
79880338,Female,1,No,Yes,27,Yes,No,Fiber optic,No,Yes,No,Yes,Yes,Yes,Month-to-month,Yes,Credit card (automatic),73.49,2057.72,Yes
24672184,Male,0,No,No,16,Yes,Yes,Fiber optic,Yes,No,No,No,No,Yes,Month-to-month,Yes,Bank transfer (automatic),36.02,614.14,No
70614013,Male,0,No,Yes,35,Yes,No,Fiber optic,Yes,Yes,Yes,Yes,Yes,Yes,Month-to-month,Yes,Bank transfer (automatic),18.84,678.24,No
71324136,Female,0,Yes,Yes,11,Yes,No,Fiber optic,Yes,No,No,No,No,No,Month-to-month,Yes,Electronic check,97.95,1175.4,Yes
15692967,Male,0,Yes,Yes,49,Yes,Yes,Fiber optic,No,Yes,No,No,No,Yes,Month-to-month,Yes,Electronic check,102.94,5147.0,Yes
42980201,Female,0,No,Yes,58,Yes,No,Fiber optic,Yes,Yes,No,Yes,Yes,No,Month-to-month,No,Electronic check,49.5,2922.98,No
79619091,Male,0,No,No,11,Yes,Yes,No,No internet service,No internet service,No internet service,No internet service,No internet service,No internet service,Month-to-month,No,Electronic check,18.0,216.9,No
82191574,Male,0,No,No,61,No,No phone service,No,No internet service,No internet service,No internet service,No internet service,No internet service,No internet service,Month-to-month,Yes,Electronic check,65.91,4086.42,Yes
63098035,Female,1,No,No,39,Yes,No,Fiber optic,No,Yes,Yes,Yes,Yes,Yes,One year,Yes,Electronic check,49.68,1987.2,No
15268263,Male,0,No,No,1,Yes,Yes,DSL,No,No,No,No,No,Yes,Month-to-month,No,Credit card (automatic),94.93,189.86,No
84853354,Female,0,No,No,24,Yes,No,DSL,No,Yes,Yes,No,Yes,Yes,Month-to-month,Yes,Electronic check,41.29,1034.31,No
61995659,Male,0,No,Yes,30,Yes,No,Fiber optic,Yes,Yes,Yes,No,Yes,No,Month-to-month,Yes,Credit card (automatic),91.43,2834.33,Yes
79273350,Male,0,No,Yes,46,Yes,No,Fiber optic,Yes,Yes,Yes,Yes,Yes,Yes,Two year,Yes,Mailed check,73.21,3440.87,No
94644215,Female,0,Yes,No,59,Yes,No,Fiber optic,Yes,Yes,No,No,No,Yes,One year,No,Electronic check,109.13,6547.8,Yes
16616323,Female,1,Yes,No,72,Yes,No,Fiber optic,No,No,No,No,Yes,Yes,Two year,Yes,Mailed check,86.75,6332.75,No
35481281,Female,1,No,No,40,Yes,No,No,No internet service,No internet service,No internet service,No internet service,No internet service,No internet service,Two year,Yes,Credit card (automatic),58.25,2388.25,No
49081432,Male,0,Yes,Yes,49,No,No phone service,DSL,No,Yes,Yes,Yes,No,No,Month-to-month,Yes,Credit card (automatic),81.21,4064.56,No
68995922,Male,0,No,Yes,22,Yes,No,No,No internet service,No internet service,No internet service,No internet service,No internet service,No internet service,Month-to-month,Yes,Mailed check,70.28,1602.38,No
63424009,Female,0,Yes,No,11,Yes,Yes,DSL,No,Yes,No,No,Yes,No,Two year,No,Bank transfer (automatic),24.28,291.36,No
50876565,Male,0,Yes,No,70,Yes,No,DSL,No,No,No,Yes,No,Yes,One year,Yes,Electronic check,88.36,6273.56,No
48374806,Male,0,Yes,No,21,Yes,No,No,No internet service,No internet service,No internet service,No internet service,No internet service,No internet service,One year,Yes,Mailed check,68.63,1509.86,No
71920968,Female,1,Yes,Yes,55,Yes,Yes,No,No internet service,No internet service,No internet service,No internet service,No internet service,No internet service,Month-to-month,Yes,Electronic check,18.0,1008.0,Yes
32345453,Female,0,Yes,No,15,No,No phone service,Fiber optic,Yes,Yes,Yes,No,No,No,Month-to-month,Yes,Electronic check,26.78,428.48,No
66701914,Male,0,Yes,Yes,57,Yes,No,No,No internet service,No internet service,No internet service,No internet service,No internet service,No internet service,One year,No,Mailed check,53.09,3079.22,No
49516346,Male,0,No,Yes,71,Yes,No,No,No internet service,No internet service,No internet service,No internet service,No internet service,No internet service,Month-to-month,No,Credit card (automatic),96.29,6932.88,No
92293489,Female,0,Yes,No,50,Yes,No,Fiber optic,Yes,No,No,Yes,No,No,Month-to-month,Yes,Credit card (automatic),50.89,2595.39,No
17321129,Female,0,Yes,No,5,Yes,No,Fiber optic,No,No,Yes,No,Yes,No,One year,No,Mailed check,92.45,554.7,No
79386491,Female,0,Yes,No,1,Yes,No,DSL,No,Yes,Yes,Yes,Yes,Yes,Two year,Yes,Mailed check,93.75,187.5,No
29091078,Male,0,No,No,61,Yes,Yes,DSL,No,Yes,No,Yes,No,Yes,One year,Yes,Credit card (automatic),64.55,4002.1,No
72220513,Female,0,No,No,41,Yes,No,Fiber optic,Yes,No,No,Yes,No,Yes,Two year,Yes,Electronic check,92.93,3903.06,No
96718276,Female,0,No,No,42,Yes,No,Fiber optic,No,No,Yes,No,No,Yes,Month-to-month,Yes,Credit card (automatic),68.55,2951.08,No
70625891,Male,0,Yes,Yes,51,Yes,No,Fiber optic,No,No,No,Yes,Yes,Yes,Two year,No,Electronic check,47.68,2479.36,No
22138759,Male,0,Yes,No,57,Yes,Yes,Fiber optic,Yes,No,No,Yes,No,No,One year,Yes,Electronic check,63.4,3677.2,No
77197151,Female,1,No,No,19,No,No phone service,No,No internet service,No internet service,No internet service,No internet service,No internet service,No internet service,Month-to-month,Yes,Electronic check,46.63,932.6,No
25189633,Female,0,No,Yes,55,Yes,Yes,Fiber optic,Yes,No,No,No,No,Yes,Month-to-month,No,Bank transfer (automatic),94.41,5286.96,Yes
34128507,Male,0,Yes,No,66,Yes,No,No,No internet service,No internet service,No internet service,No internet service,No internet service,No internet service,Month-to-month,Yes,Electronic check,84.22,5642.74,No
88577462,Female,0,No,No,58,Yes,No,No,No internet service,No internet service,No internet service,No internet service,No internet service,No internet service,Month-to-month,Yes,Mailed check,116.39,6867.01,No
83337520,Female,0,Yes,No,47,Yes,No,Fiber optic,No,Yes,Yes,Yes,Yes,No,Month-to-month,Yes,Electronic check,68.15,3271.2,No
28160554,Male,0,Yes,No,34,No,No phone service,DSL,No,Yes,No,No,No,No,Two year,Yes,Electronic check,81.87,2865.45,No
62756521,Female,0,No,Yes,7,No,No phone service,DSL,Yes,No,Yes,Yes,No,Yes,Two year,Yes,Bank transfer (automatic),79.21,633.68,No
65506990,Male,0,No,No,31,No,No phone service,Fiber optic,No,No,Yes,Yes,Yes,No,Month-to-month,Yes,Mailed check,86.25,2760.0,Yes
53414191,Male,0,Yes,No,44,Yes,No,Fiber optic,Yes,Yes,Yes,Yes,No,Yes,Two year,Yes,Credit card (automatic),83.43,3754.35,No
70516875,Female,0,Yes,Yes,66,Yes,No,Fiber optic,No,No,Yes,No,No,No,Month-to-month,Yes,Mailed check,47.55,3185.85,No
13343647,Female,0,No,No,26,Yes,No,No,No internet service,No internet service,No internet service,No internet service,No internet service,No internet service,Month-to-month,Yes,Credit card (automatic),74.25,2004.75,No
34008676,Male,1,No,No,2,Yes,No,Fiber optic,Yes,No,Yes,No,Yes,No,Two year,Yes,Mailed check,71.22,199.42,No
70891997,Male,0,No,Yes,56,Yes,No,DSL,Yes,Yes,Yes,Yes,Yes,Yes,Two year,Yes,Mailed check,136.51,7781.07,Yes
89230801,Male,0,Yes,No,64,Yes,No,Fiber optic,No,Yes,Yes,Yes,Yes,No,Two year,Yes,Electronic check,18.54,1205.1,No
37102854,Male,0,No,No,19,Yes,Yes,DSL,Yes,Yes,No,No,Yes,Yes,One year,No,Mailed check,93.84,1858.03,No
71026547,Female,0,Yes,Yes,70,Yes,No,DSL,Yes,Yes,Yes,Yes,No,No,Month-to-month,No,Credit card (automatic),116.23,8258.14,No
22103709,Male,0,Yes,No,40,Yes,No,DSL,No,No,No,No,No,No,Month-to-month,No,Bank transfer (automatic),42.78,1753.98,No
43565477,Female,1,Yes,No,0,Yes,No,DSL,No,Yes,No,No,Yes,No,Two year,Yes,Electronic check,135.16,135.16,Yes
53496580,Female,1,No,Yes,3,Yes,No,No,No internet service,No internet service,No internet service,No internet service,No internet service,No internet service,Month-to-month,Yes,Credit card (automatic),75.75,303.0,Yes
97050454,Female,0,Yes,No,70,Yes,Yes,Fiber optic,No,Yes,Yes,No,No,Yes,Month-to-month,No,Mailed check,64.4,4572.4,No
32010905,Female,0,No,Yes,9,No,No phone service,Fiber optic,Yes,No,Yes,Yes,No,No,Two year,No,Electronic check,73.54,735.4,No
26581824,Male,0,Yes,Yes,28,Yes,No,Fiber optic,Yes,No,No,Yes,Yes,Yes,Two year,Yes,Credit card (automatic),76.38,2215.02,No
22239481,Female,0,Yes,Yes,14,Yes,Yes,Fiber optic,Yes,No,No,No,No,Yes,Month-to-month,Yes,Mailed check,78.06,1174.8,No
25322958,Female,0,Yes,No,18,Yes,Yes,Fiber optic,Yes,No,Yes,Yes,No,No,Month-to-month,No,Electronic check,35.36,671.84,No
70317234,Female,1,Yes,No,57,Yes,No,No,No internet service,No internet service,No internet service,No internet service,No internet service,No internet service,Month-to-month,Yes,Credit card (automatic),84.34,4874.85,Yes
95103759,Male,0,Yes,No,52,Yes,No,Fiber optic,Yes,No,No,Yes,No,No,Month-to-month,Yes,Mailed check,18.91,1002.23,No
58713437,Male,0,Yes,Yes,45,Yes,Yes,No,No internet service,No internet service,No internet service,No internet service,No internet service,No internet service,Two year,Yes,Electronic check,57.96,2666.16,No
21449650,Female,0,Yes,No,17,Yes,Yes,Fiber optic,Yes,Yes,No,No,No,No,Month-to-month,Yes,Bank transfer (automatic),60.21,1083.78,No
80305568,Female,0,Yes,Yes,2,Yes,No,DSL,No,Yes,Yes,Yes,No,No,Two year,No,Credit card (automatic),72.25,216.75,No
61551334,Female,0,No,Yes,69,Yes,No,Fiber optic,No,Yes,No,No,Yes,Yes,Month-to-month,Yes,Electronic check,68.24,4780.21,Yes
78674708,Male,0,Yes,Yes,21,Yes,No,No,No internet service,No internet service,No internet service,No internet service,No internet service,No internet service,Month-to-month,Yes,Mailed check,78.6,1729.2,No
92150984,Male,0,No,Yes,54,Yes,Yes,No,No internet service,No internet service,No internet service,No internet service,No internet service,No internet service,Month-to-month,No,Mailed check,30.36,1669.8,No
31461370,Male,0,No,No,63,Yes,No,DSL,No,Yes,No,No,Yes,Yes,Month-to-month,No,Bank transfer (automatic),71.25,4563.56,No
60825385,Male,0,Yes,Yes,40,Yes,Yes,DSL,No,Yes,No,Yes,Yes,Yes,Two year,Yes,Electronic check,43.52,1784.32,No
83866174,Female,0,No,Yes,7,Yes,No,Fiber optic,Yes,No,No,Yes,Yes,No,Month-to-month,Yes,Electronic check,79.64,637.12,No
61084208,Male,0,No,No,64,Yes,No,DSL,No,No,Yes,Yes,Yes,Yes,Month-to-month,No,Bank transfer (automatic),122.95,7991.75,No
15892974,Male,0,Yes,Yes,2,Yes,No,DSL,No,Yes,No,Yes,No,No,Month-to-month,No,Bank transfer (automatic),73.5,220.5,Yes
32935793,Female,0,No,No,28,No,No phone service,DSL,Yes,No,Yes,Yes,No,Yes,Two year,Yes,Electronic check,117.3,3407.56,No
54988861,Female,0,No,No,69,Yes,Yes,DSL,No,Yes,No,Yes,Yes,No,Month-to-month,No,Electronic check,78.0,5460.0,No
85898994,Male,0,No,No,17,Yes,No,Fiber optic,No,Yes,Yes,Yes,No,Yes,Month-to-month,Yes,Credit card (automatic),50.68,912.24,Yes
98520663,Male,0,No,No,57,Yes,No,No,No internet service,No internet service,No internet service,No internet service,No internet service,No internet service,Month-to-month,Yes,Bank transfer (automatic),77.1,4471.8,Yes
30144703,Female,0,Yes,No,0,Yes,No,DSL,Yes,Yes,Yes,No,Yes,No,Month-to-month,Yes,Credit card (automatic),18.0,18.0,No
31759927,Male,0,Yes,Yes,21,Yes,No,Fiber optic,Yes,No,No,No,Yes,Yes,Month-to-month,No,Electronic check,77.66,1712.4,Yes
29408873,Male,0,No,No,22,Yes,No,Fiber optic,Yes,No,Yes,No,No,No,Month-to-month,Yes,Mailed check,108.27,2490.21,Yes
34007090,Female,1,No,No,7,No,No phone service,No,No internet service,No internet service,No internet service,No internet service,No internet service,No internet service,Month-to-month,Yes,Electronic check,40.17,321.36,No
16886777,Female,0,No,No,28,Yes,No,Fiber optic,No,Yes,No,Yes,Yes,No,One year,No,Bank transfer (automatic),102.71,2978.59,No
66315301,Female,0,No,No,43,Yes,Yes,DSL,Yes,No,Yes,No,Yes,Yes,Two year,No,Electronic check,43.01,1892.44,No
51347409,Male,0,Yes,Yes,61,Yes,No,No,No internet service,No internet service,No internet service,No internet service,No internet service,No internet service,Month-to-month,No,Electronic check,65.99,4094.68,Yes
51542843,Female,0,Yes,Yes,18,Yes,No,No,No internet service,No internet service,No internet service,No internet service,No internet service,No internet service,One year,No,Bank transfer (automatic),38.35,730.57,No
69895766,Female,0,No,Yes,58,Yes,No,Fiber optic,No,Yes,No,No,No,No,Month-to-month,Yes,Credit card (automatic),70.49,4162.43,No
48759467,Male,0,No,No,18,Yes,No,DSL,Yes,No,Yes,No,No,No,Month-to-month,Yes,Credit card (automatic),159.42,3028.98,No
94081078,Male,0,No,No,21,Yes,Yes,DSL,Yes,No,No,No,No,No,Month-to-month,Yes,Electronic check,52.59,1156.98,No
34252610,Female,0,No,No,67,Yes,No,DSL,Yes,No,No,Yes,No,Yes,Two year,No,Credit card (automatic),65.36,4447.75,No
25777827,Female,0,Yes,Yes,4,Yes,No,DSL,Yes,Yes,No,Yes,No,Yes,Month-to-month,No,Credit card (automatic),70.73,353.65,No
27659164,Female,1,No,Yes,4,Yes,Yes,DSL,Yes,Yes,Yes,Yes,Yes,No,Two year,Yes,Electronic check,65.99,329.95,No
37226295,Male,0,No,No,24,Yes,No,DSL,No,Yes,Yes,Yes,Yes,Yes,One year,No,Credit card (automatic),104.33,2608.25,Yes
10474177,Male,0,No,No,23,Yes,Yes,DSL,Yes,No,Yes,No,Yes,Yes,Month-to-month,Yes,Credit card (automatic),51.39,1233.36,No
93558632,Female,1,Yes,Yes,0,Yes,No,Fiber optic,No,No,No,Yes,Yes,No,One year,Yes,Electronic check,79.91,79.91,No
43971980,Male,1,Yes,Yes,27,Yes,No,Fiber optic,No,No,No,Yes,No,Yes,Month-to-month,Yes,Electronic check,58.44,1636.32,No
11638498,Male,0,No,No,46,Yes,No,DSL,Yes,Yes,No,Yes,No,No,Two year,Yes,Electronic check,118.3,5560.1,No
71557975,Male,0,Yes,Yes,59,No,No phone service,No,No internet service,No internet service,No internet service,No internet service,No internet service,No internet service,Month-to-month,Yes,Credit card (automatic),77.79,4671.29,Yes
76790446,Male,0,No,No,18,Yes,No,Fiber optic,No,No,Yes,Yes,Yes,No,Month-to-month,Yes,Electronic check,74.41,1413.79,No
76926628,Female,0,Yes,No,13,Yes,No,DSL,No,No,Yes,Yes,No,No,One year,No,Bank transfer (automatic),91.75,1284.5,No
82947490,Female,1,Yes,No,69,No,No phone service,DSL,No,Yes,No,No,Yes,Yes,One year,No,Bank transfer (automatic),113.71,7965.39,No
10771825,Male,0,No,No,7,Yes,No,DSL,Yes,Yes,Yes,Yes,No,Yes,One year,No,Bank transfer (automatic),100.73,805.84,Yes
91602221,Male,0,Yes,No,36,Yes,No,Fiber optic,Yes,No,Yes,No,Yes,No,Month-to-month,No,Electronic check,96.43,3567.91,Yes
76231992,Male,1,No,Yes,71,Yes,No,DSL,No,Yes,Yes,Yes,Yes,No,Month-to-month,No,Mailed check,107.85,7743.63,Yes
41927492,Female,0,Yes,No,9,Yes,No,DSL,Yes,No,No,Yes,No,No,Two year,Yes,Mailed check,70.23,705.81,No
39108314,Male,0,No,No,66,Yes,No,Fiber optic,Yes,Yes,No,Yes,No,Yes,Month-to-month,Yes,Mailed check,132.01,8844.67,Yes
89035763,Male,1,Yes,No,12,Yes,No,Fiber optic,Yes,No,Yes,No,Yes,No,Month-to-month,Yes,Electronic check,95.49,1241.37,Yes
98512648,Female,1,Yes,No,38,Yes,No,DSL,Yes,Yes,Yes,No,No,Yes,Two year,Yes,Credit card (automatic),87.22,3401.58,No
73848982,Female,1,No,Yes,63,Yes,Yes,Fiber optic,Yes,Yes,Yes,No,No,Yes,Month-to-month,No,Bank transfer (automatic),67.09,4293.76,Yes
70899748,Male,0,No,Yes,29,Yes,No,DSL,Yes,No,Yes,Yes,Yes,No,One year,Yes,Credit card (automatic),25.38,761.4,No
65049584,Male,0,Yes,No,3,Yes,No,Fiber optic,Yes,No,No,Yes,No,Yes,Month-to-month,No,Electronic check,72.34,292.98,No
69307507,Male,0,No,No,44,Yes,No,Fiber optic,Yes,No,Yes,No,Yes,No,Month-to-month,No,Electronic check,44.27,1992.15,No
20657547,Male,0,No,No,5,Yes,No,Fiber optic,Yes,Yes,No,No,Yes,No,One year,No,Credit card (automatic),56.74,340.44,No
90693921,Female,1,No,No,15,Yes,No,Fiber optic,No,Yes,No,Yes,No,No,Month-to-month,Yes,Credit card (automatic),74.01,1184.16,No
90544341,Female,0,No,No,21,No,No phone service,DSL,No,Yes,No,No,Yes,No,Two year,Yes,Mailed check,110.73,2436.06,No
10882216,Male,0,Yes,No,20,Yes,No,DSL,Yes,No,Yes,No,No,Yes,Month-to-month,No,Mailed check,66.51,1396.71,Yes
42844845,Male,0,Yes,Yes,64,Yes,Yes,DSL,Yes,Yes,Yes,Yes,Yes,No,Month-to-month,Yes,Mailed check,40.81,2654.69,No
83462947,Male,0,Yes,No,29,Yes,No,DSL,Yes,No,Yes,Yes,Yes,No,Two year,Yes,Electronic check,26.96,808.8,No
47327686,Male,0,No,No,23,Yes,No,DSL,No,No,Yes,No,No,No,One year,No,Bank transfer (automatic),37.85,908.4,Yes
93183589,Female,0,Yes,Yes,63,Yes,No,DSL,No,Yes,No,No,Yes,Yes,Month-to-month,Yes,Credit card (automatic),134.52,8609.28,No
94374018,Male,0,Yes,No,12,No,No phone service,Fiber optic,Yes,No,No,Yes,No,No,Month-to-month,Yes,Electronic check,53.1,690.3,No
84832912,Female,0,Yes,No,25,Yes,Yes,DSL,No,No,Yes,Yes,No,No,Month-to-month,Yes,Credit card (automatic),18.0,468.0,Yes
37868647,Female,1,Yes,No,19,Yes,No,No,No internet service,No internet service,No internet service,No internet service,No internet service,No internet service,Month-to-month,Yes,Electronic check,79.0,1580.0,No
16565770,Female,0,No,No,60,Yes,No,No,No internet service,No internet service,No internet service,No internet service,No internet service,No internet service,Month-to-month,Yes,Credit card (automatic),51.98,3170.78,Yes
34808803,Female,0,No,No,5,Yes,Yes,DSL,Yes,No,Yes,Yes,Yes,No,Month-to-month,Yes,Electronic check,69.5,417.0,Yes
29898606,Female,0,No,No,42,Yes,Yes,Fiber optic,Yes,No,Yes,No,No,No,Month-to-month,No,Mailed check,96.52,4155.19,No
17390556,Female,1,No,Yes,48,Yes,Yes,No,No internet service,No internet service,No internet service,No internet service,No internet service,No internet service,Month-to-month,Yes,Mailed check,107.03,5244.47,No
97681338,Female,0,No,No,8,Yes,No,Fiber optic,Yes,Yes,Yes,Yes,Yes,No,Month-to-month,Yes,Bank transfer (automatic),67.16,604.44,No
56844649,Female,0,No,No,36,Yes,Yes,No,No internet service,No internet service,No internet service,No internet service,No internet service,No internet service,Month-to-month,No,Bank transfer (automatic),80.26,2969.62,No
14928616,Male,0,Yes,No,15,Yes,Yes,No,No internet service,No internet service,No internet service,No internet service,No internet service,No internet service,One year,No,Bank transfer (automatic),109.58,1753.28,No
29511823,Female,0,Yes,No,3,Yes,No,No,No internet service,No internet service,No internet service,No internet service,No internet service,No internet service,Month-to-month,Yes,Credit card (automatic),46.76,187.04,Yes
14352961,Female,0,Yes,No,31,Yes,No,DSL,Yes,Yes,No,No,No,Yes,Month-to-month,Yes,Electronic check,32.15,1028.8,No
99522760,Male,0,Yes,Yes,16,Yes,Yes,DSL,No,Yes,Yes,No,No,Yes,One year,Yes,Bank transfer (automatic),84.82,1441.94,No
87590290,Male,0,No,Yes,40,Yes,Yes,DSL,No,Yes,No,No,Yes,Yes,Two year,No,Electronic check,39.22,1609.98,No
90971604,Male,1,No,No,44,Yes,No,Fiber optic,No,Yes,Yes,No,No,Yes,Month-to-month,Yes,Credit card (automatic),56.99,2564.55,No
50056146,Female,0,Yes,No,15,Yes,Yes,Fiber optic,No,No,No,No,No,Yes,Two year,Yes,Credit card (automatic),70.18,1108.84,No
54440977,Male,0,No,No,19,Yes,Yes,DSL,Yes,Yes,No,No,No,Yes,Month-to-month,Yes,Electronic check,76.19,1523.8,No
21771255,Female,0,No,No,41,No,No phone service,DSL,No,Yes,Yes,Yes,Yes,Yes,Month-to-month,Yes,Electronic check,61.37,2577.54,Yes
16580878,Female,0,Yes,No,9,No,No phone service,Fiber optic,Yes,No,Yes,Yes,No,Yes,Month-to-month,No,Electronic check,99.87,978.73,Yes
24614652,Female,0,No,No,51,Yes,No,DSL,Yes,No,No,No,No,Yes,One year,Yes,Electronic check,67.69,3519.88,No
65963010,Male,0,No,Yes,59,No,No phone service,Fiber optic,No,No,Yes,Yes,No,No,Two year,Yes,Mailed check,20.99,1255.2,No
33924094,Female,0,No,No,47,Yes,No,Fiber optic,No,Yes,No,No,No,No,Month-to-month,Yes,Mailed check,76.87,3689.76,No
31654047,Female,0,No,Yes,22,Yes,No,Fiber optic,Yes,No,No,No,No,Yes,Month-to-month,Yes,Electronic check,74.52,1713.96,No
48168910,Female,0,Yes,Yes,32,Yes,No,DSL,Yes,Yes,No,Yes,No,No,Month-to-month,Yes,Bank transfer (automatic),61.25,2024.31,No
92019078,Male,0,Yes,No,24,Yes,No,No,No internet service,No internet service,No internet service,No internet service,No internet service,No internet service,Two year,Yes,Mailed check,62.78,1569.5,No
98707799,Male,0,Yes,No,49,Yes,No,DSL,Yes,No,No,No,No,No,One year,Yes,Electronic check,55.13,2756.5,No
89855385,Female,0,No,No,69,No,No phone service,No,No internet service,No internet service,No internet service,No internet service,No internet service,No internet service,Month-to-month,Yes,Electronic check,44.37,3105.9,No
86810468,Male,0,Yes,Yes,54,Yes,No,No,No internet service,No internet service,No internet service,No internet service,No internet service,No internet service,Month-to-month,No,Credit card (automatic),115.16,6333.8,No
85454146,Male,0,Yes,Yes,67,Yes,No,Fiber optic,No,No,No,No,No,No,Month-to-month,No,Bank transfer (automatic),88.76,6040.12,No
33812810,Male,0,No,Yes,3,Yes,No,Fiber optic,No,Yes,No,No,Yes,No,Month-to-month,Yes,Credit card (automatic),90.36,365.96,Yes
71114408,Female,1,No,No,27,Yes,No,Fiber optic,No,No,Yes,Yes,No,No,Two year,Yes,Mailed check,63.42,1763.08,No
87707540,Male,1,No,No,28,No,No phone service,No,No internet service,No internet service,No internet service,No internet service,No internet service,No internet service,Two year,No,Electronic check,43.26,1254.54,No
58343701,Female,1,Yes,No,47,Yes,Yes,DSL,Yes,No,No,No,Yes,No,Month-to-month,No,Credit card (automatic),18.0,864.0,Yes
14810369,Male,0,Yes,No,71,Yes,Yes,Fiber optic,No,Yes,No,Yes,Yes,Yes,Month-to-month,No,Electronic check,104.3,7509.6,No
22499198,Female,0,Yes,No,12,Yes,No,DSL,Yes,No,No,Yes,Yes,No,Month-to-month,No,Credit card (automatic),131.93,1715.09,No
50170625,Female,0,No,No,42,Yes,No,No,No internet service,No internet service,No internet service,No internet service,No internet service,No internet service,Month-to-month,Yes,Electronic check,29.39,1263.77,No
53328415,Female,0,Yes,Yes,8,Yes,Yes,No,No internet service,No internet service,No internet service,No internet service,No internet service,No internet service,Two year,Yes,Bank transfer (automatic),18.0,162.0,Yes
59468550,Male,0,No,Yes,39,Yes,No,Fiber optic,Yes,Yes,Yes,No,No,No,Two year,Yes,Credit card (automatic),89.64,3585.6,No
60860378,Female,1,No,No,45,Yes,Yes,Fiber optic,No,Yes,No,Yes,No,Yes,One year,Yes,Mailed check,123.76,5692.96,No
19082067,Male,0,Yes,No,57,No,No phone service,DSL,No,No,Yes,No,Yes,No,Two year,Yes,Mailed check,47.42,2750.36,No
67354434,Female,0,Yes,No,55,Yes,Yes,Fiber optic,No,No,Yes,No,No,No,One year,Yes,Electronic check,128.7,7207.2,No
83882978,Male,0,No,No,11,Yes,Yes,Fiber optic,No,No,Yes,Yes,Yes,Yes,Month-to-month,No,Bank transfer (automatic),84.77,1017.24,No
18714202,Male,1,No,Yes,24,Yes,No,Fiber optic,No,No,Yes,Yes,Yes,No,Two year,Yes,Electronic check,18.0,450.9,No
49303341,Male,0,No,No,15,Yes,Yes,Fiber optic,No,Yes,No,Yes,No,No,Month-to-month,No,Bank transfer (automatic),104.6,1673.6,No
73191967,Male,0,Yes,No,50,Yes,No,No,No internet service,No internet service,No internet service,No internet service,No internet service,No internet service,Month-to-month,Yes,Electronic check,62.57,3191.07,No
28058430,Male,1,Yes,No,71,Yes,Yes,DSL,No,Yes,No,Yes,No,No,Two year,Yes,Bank transfer (automatic),66.11,4759.92,Yes
26377680,Female,0,No,No,52,Yes,Yes,No,No internet service,No internet service,No internet service,No internet service,No internet service,No internet service,Month-to-month,No,Bank transfer (automatic),61.87,3282.2,Yes
46831833,Male,0,No,Yes,51,No,No phone service,Fiber optic,Yes,No,Yes,No,No,Yes,Month-to-month,No,Electronic check,72.47,3768.44,No
54185620,Female,0,Yes,Yes,66,Yes,No,DSL,Yes,Yes,Yes,Yes,Yes,No,Two year,Yes,Electronic check,44.35,2973.67,No
80739820,Male,0,No,Yes,23,Yes,No,Fiber optic,Yes,Yes,Yes,No,No,Yes,Month-to-month,Yes,Electronic check,34.95,838.8,No
65533646,Male,0,No,Yes,13,No,No phone service,No,No internet service,No internet service,No internet service,No internet service,No internet service,No internet service,One year,Yes,Electronic check,88.12,1233.68,No
80416822,Female,0,Yes,Yes,21,Yes,No,Fiber optic,No,Yes,No,No,No,No,Two year,Yes,Electronic check,33.36,733.92,No
38164968,Female,1,No,No,30,Yes,Yes,Fiber optic,No,Yes,No,No,No,Yes,Month-to-month,No,Electronic check,37.87,1175.86,No
38058347,Female,0,Yes,No,57,Yes,Yes,No,No internet service,No internet service,No internet service,No internet service,No internet service,No internet service,Month-to-month,Yes,Credit card (automatic),18.0,1044.0,No
92148463,Male,0,No,No,68,No,No phone service,No,No internet service,No internet service,No internet service,No internet service,No internet service,No internet service,Month-to-month,Yes,Bank transfer (automatic),98.12,6770.28,No
17809403,Male,0,No,No,18,Yes,No,No,No internet service,No internet service,No internet service,No internet service,No internet service,No internet service,Two year,Yes,Electronic check,141.28,2684.32,No
24670297,Male,0,Yes,Yes,52,Yes,Yes,DSL,Yes,Yes,No,Yes,No,No,One year,Yes,Electronic check,29.86,1582.58,No
86687590,Male,0,No,No,1,Yes,No,Fiber optic,No,No,No,No,Yes,No,Month-to-month,Yes,Electronic check,48.08,96.16,No
94420078,Male,0,No,No,52,Yes,No,No,No internet service,No internet service,No internet service,No internet service,No internet service,No internet service,Two year,Yes,Mailed check,69.63,3693.87,No
80994013,Female,0,No,Yes,66,No,No phone service,Fiber optic,Yes,Yes,Yes,Yes,Yes,No,Month-to-month,Yes,Electronic check,94.66,6342.22,Yes
21766833,Female,0,Yes,No,46,Yes,No,Fiber optic,Yes,No,No,No,Yes,Yes,One year,Yes,Bank transfer (automatic),67.82,3187.54,No
74916146,Male,0,No,No,52,Yes,No,Fiber optic,No,Yes,No,No,No,No,Month-to-month,No,Bank transfer (automatic),119.37,6326.61,No
91171931,Male,0,No,No,56,Yes,No,Fiber optic,Yes,No,No,No,No,No,Month-to-month,Yes,Credit card (automatic),47.55,2712.73,No
48545627,Male,0,No,No,24,Yes,Yes,DSL,Yes,No,Yes,Yes,Yes,No,Two year,Yes,Credit card (automatic),70.12,1753.0,No
67318164,Female,0,No,Yes,34,Yes,No,DSL,No,No,Yes,No,No,No,Month-to-month,No,Electronic check,71.13,2489.55,No
91717739,Female,0,Yes,No,28,Yes,No,Fiber optic,Yes,No,No,Yes,Yes,No,Month-to-month,No,Electronic check,18.0,522.0,Yes
52478375,Female,0,Yes,Yes,16,Yes,Yes,Fiber optic,No,No,No,No,No,No,Month-to-month,Yes,Electronic check,66.22,1125.74,No
44850980,Female,0,No,Yes,48,No,No phone service,No,No internet service,No internet service,No internet service,No internet service,No internet service,No internet service,Two year,No,Electronic check,79.31,3886.19,No
80516816,Female,0,Yes,No,55,Yes,No,DSL,Yes,No,No,No,Yes,Yes,Month-to-month,No,Bank transfer (automatic),24.76,1386.56,No
87194344,Male,1,No,No,72,Yes,No,DSL,No,Yes,No,No,No,Yes,Month-to-month,No,Electronic check,47.65,3478.45,No
93650413,Female,0,No,No,2,Yes,No,No,No internet service,No internet service,No internet service,No internet service,No internet service,No internet service,Month-to-month,No,Electronic check,124.56,373.68,Yes
57493391,Male,0,Yes,No,21,Yes,Yes,Fiber optic,No,No,No,Yes,No,No,Month-to-month,Yes,Mailed check,47.53,1045.66,No
27409802,Female,0,No,No,13,Yes,No,DSL,No,No,No,No,No,No,Month-to-month,Yes,Electronic check,73.77,1032.78,No
92448605,Male,0,Yes,No,2,Yes,No,No,No internet service,No internet service,No internet service,No internet service,No internet service,No internet service,Month-to-month,No,Credit card (automatic),60.87,182.61,Yes
85515502,Female,0,No,No,37,No,No phone service,Fiber optic,Yes,Yes,No,Yes,Yes,No,Two year,Yes,Credit card (automatic),51.39,1952.82,Yes
76625267,Female,0,Yes,No,20,No,No phone service,Fiber optic,Yes,No,No,Yes,No,No,Two year,Yes,Electronic check,34.06,715.26,No
79753731,Female,0,Yes,No,50,Yes,No,No,No internet service,No internet service,No internet service,No internet service,No internet service,No internet service,Month-to-month,No,Electronic check,80.9,4125.9,No
94806492,Male,0,Yes,No,23,Yes,No,DSL,No,No,No,Yes,Yes,Yes,One year,No,Bank transfer (automatic),42.03,1008.72,No
76805681,Male,0,No,No,44,No,No phone service,Fiber optic,Yes,No,No,Yes,No,Yes,Two year,No,Electronic check,57.65,2594.25,No
76102828,Female,0,Yes,Yes,68,Yes,Yes,No,No internet service,No internet service,No internet service,No internet service,No internet service,No internet service,Month-to-month,Yes,Electronic check,106.92,7356.1,No
34146739,Female,1,Yes,Yes,43,Yes,Yes,Fiber optic,Yes,Yes,No,No,Yes,Yes,Month-to-month,Yes,Electronic check,43.43,1902.23,No
91793056,Male,1,Yes,No,46,Yes,No,No,No internet service,No internet service,No internet service,No internet service,No internet service,No internet service,Two year,Yes,Bank transfer (automatic),104.39,2221.925,No
41235369,Female,0,Yes,No,56,Yes,No,DSL,No,Yes,No,No,Yes,Yes,Month-to-month,No,Electronic check,56.3,3209.1,No
48988647,Female,0,No,No,18,Yes,Yes,DSL,Yes,No,No,No,No,No,Month-to-month,Yes,Bank transfer (automatic),63.75,1211.25,Yes
35978571,Male,0,Yes,No,33,No,No phone service,Fiber optic,No,Yes,Yes,Yes,Yes,Yes,Month-to-month,Yes,Electronic check,83.86,2851.24,Yes
10212187,Male,0,No,Yes,2,No,No phone service,Fiber optic,Yes,No,No,Yes,No,No,Month-to-month,Yes,Mailed check,27.68,83.04,Yes
25865493,Female,1,No,No,38,Yes,No,DSL,Yes,No,Yes,Yes,Yes,Yes,Month-to-month,No,Credit card (automatic),91.67,3575.13,No
13219453,Female,0,No,No,59,No,No phone service,DSL,Yes,No,Yes,No,No,Yes,Month-to-month,No,Bank transfer (automatic),40.1,2406.0,No
72395893,Male,0,Yes,No,9,No,No phone service,No,No internet service,No internet service,No internet service,No internet service,No internet service,No internet service,One year,Yes,Electronic check,75.41,739.02,No
93947919,Female,0,No,No,39,Yes,No,No,No internet service,No internet service,No internet service,No internet service,No internet service,No internet service,Two year,No,Credit card (automatic),34.84,1393.6,Yes
25827722,Female,0,Yes,Yes,1,Yes,No,DSL,Yes,No,Yes,Yes,No,No,Month-to-month,No,Electronic check,80.99,161.98,No
37827473,Male,0,No,No,44,Yes,No,Fiber optic,Yes,Yes,No,No,No,No,Month-to-month,No,Electronic check,28.16,1267.2,No
92585240,Male,0,No,No,26,Yes,No,Fiber optic,No,No,No,No,Yes,No,Two year,Yes,Mailed check,53.09,1433.43,No
65650977,Female,0,No,No,52,Yes,Yes,No,No internet service,No internet service,No internet service,No internet service,No internet service,No internet service,Month-to-month,Yes,Electronic check,53.5,2835.5,Yes
65571661,Male,0,No,No,8,Yes,No,Fiber optic,No,Yes,Yes,Yes,No,Yes,Two year,No,Bank transfer (automatic),85.32,767.88,No
16105858,Male,0,No,No,0,No,No phone service,No,No internet service,No internet service,No internet service,No internet service,No internet service,No internet service,Month-to-month,Yes,Electronic check,113.27,113.27,Yes
54800838,Female,0,No,No,32,No,No phone service,No,No internet service,No internet service,No internet service,No internet service,No internet service,No internet service,Month-to-month,Yes,Electronic check,56.1,1840.08,No
56929234,Male,0,Yes,No,37,Yes,No,Fiber optic,No,Yes,Yes,Yes,No,No,One year,No,Credit card (automatic),59.49,2260.62,No
85217695,Female,0,Yes,Yes,56,Yes,No,DSL,Yes,No,No,Yes,Yes,Yes,Month-to-month,No,Mailed check,48.31,2753.67,No
95564277,Female,0,Yes,No,32,Yes,No,Fiber optic,No,No,No,Yes,Yes,No,Month-to-month,No,Electronic check,116.84,3855.72,Yes
38499515,Male,1,Yes,Yes,47,Yes,No,No,No internet service,No internet service,No internet service,No internet service,No internet service,No internet service,Month-to-month,Yes,Mailed check,61.57,2955.36,No
11516293,Female,1,No,No,2,Yes,No,Fiber optic,No,No,No,Yes,No,Yes,Month-to-month,Yes,Mailed check,83.97,251.91,No
95982334,Female,1,No,No,31,Yes,No,No,No internet service,No internet service,No internet service,No internet service,No internet service,No internet service,Month-to-month,Yes,Electronic check,81.29,2601.28,Yes
37002880,Female,0,Yes,No,20,Yes,No,No,No internet service,No internet service,No internet service,No internet service,No internet service,No internet service,Month-to-month,Yes,Credit card (automatic),45.66,958.86,Yes
47799296,Female,1,No,Yes,67,Yes,No,Fiber optic,Yes,No,No,No,Yes,No,Month-to-month,Yes,Credit card (automatic),86.34,5853.85,No
44147341,Male,0,Yes,Yes,16,No,No phone service,Fiber optic,Yes,No,Yes,No,No,No,Month-to-month,Yes,Mailed check,107.17,1821.89,No
19104802,Male,1,No,Yes,41,Yes,No,Fiber optic,No,No,Yes,Yes,No,No,One year,Yes,Bank transfer (automatic),56.6,2377.2,No
51308532,Male,0,No,Yes,67,Yes,No,DSL,No,No,No,Yes,Yes,Yes,Month-to-month,Yes,Bank transfer (automatic),98.76,6715.68,No
50303435,Female,1,No,Yes,11,Yes,No,Fiber optic,No,No,No,No,No,No,Month-to-month,No,Bank transfer (automatic),78.5,942.0,Yes
78006730,Female,0,No,No,44,Yes,Yes,DSL,No,Yes,Yes,Yes,Yes,No,Month-to-month,No,Electronic check,34.33,1544.85,No
83818891,Female,0,Yes,No,35,Yes,No,No,No internet service,No internet service,No internet service,No internet service,No internet service,No internet service,Month-to-month,Yes,Bank transfer (automatic),116.45,4192.2,Yes
53476321,Female,0,No,No,50,Yes,Yes,No,No internet service,No internet service,No internet service,No internet service,No internet service,No internet service,Month-to-month,Yes,Credit card (automatic),92.64,4724.64,No
10822924,Female,0,Yes,Yes,6,Yes,No,DSL,Yes,Yes,Yes,No,Yes,Yes,Month-to-month,Yes,Electronic check,31.67,221.69,No
25278911,Male,0,Yes,No,32,Yes,No,Fiber optic,No,Yes,No,Yes,No,Yes,Two year,Yes,Electronic check,41.86,1381.38,No
54732472,Male,0,No,Yes,47,Yes,No,Fiber optic,No,Yes,Yes,Yes,No,No,Two year,No,Credit card (automatic),108.68,5216.64,No
55816776,Male,0,Yes,Yes,65,Yes,Yes,Fiber optic,Yes,No,Yes,No,Yes,No,Month-to-month,No,Bank transfer (automatic),40.47,2673.04,Yes
63156840,Female,0,No,No,32,Yes,No,Fiber optic,No,Yes,Yes,No,No,Yes,Two year,No,Electronic check,29.77,982.41,No
86359356,Male,0,No,Yes,26,Yes,No,DSL,No,No,Yes,Yes,Yes,No,Month-to-month,No,Credit card (automatic),22.9,618.3,Yes
92677226,Female,0,Yes,No,46,Yes,Yes,DSL,No,No,No,Yes,Yes,No,Month-to-month,Yes,Electronic check,49.93,2346.71,No
13908068,Female,0,No,No,65,Yes,No,DSL,No,No,No,Yes,No,No,Month-to-month,No,Credit card (automatic),91.17,6017.22,No
33572537,Male,0,Yes,No,42,Yes,Yes,No,No internet service,No internet service,No internet service,No internet service,No internet service,No internet service,Two year,Yes,Mailed check,77.59,3336.37,No
36040330,Male,0,No,No,18,No,No phone service,Fiber optic,Yes,Yes,Yes,Yes,No,No,Month-to-month,Yes,Electronic check,32.01,608.19,No
54360949,Female,0,No,Yes,67,Yes,Yes,No,No internet service,No internet service,No internet service,No internet service,No internet service,No internet service,Month-to-month,Yes,Bank transfer (automatic),61.39,4162.24,Yes
55357116,Female,0,Yes,No,9,Yes,No,Fiber optic,Yes,Yes,Yes,No,Yes,Yes,Month-to-month,No,Electronic check,88.77,887.7,No
74304823,Female,0,Yes,Yes,21,Yes,No,Fiber optic,Yes,Yes,Yes,Yes,No,Yes,Month-to-month,Yes,Bank transfer (automatic),44.22,972.84,Yes
73686372,Male,0,Yes,Yes,65,Yes,No,Fiber optic,No,Yes,No,Yes,Yes,No,One year,Yes,Mailed check,64.68,4268.88,Yes
14772547,Female,0,No,Yes,1,Yes,No,Fiber optic,No,No,No,Yes,No,No,Month-to-month,No,Electronic check,121.8,243.6,No
96657974,Male,0,Yes,No,17,Yes,Yes,DSL,No,No,No,No,Yes,Yes,Month-to-month,No,Bank transfer (automatic),72.0,1296.0,Yes
28220579,Female,1,Yes,No,18,Yes,No,DSL,No,Yes,No,Yes,Yes,Yes,Two year,No,Mailed check,118.35,2224.98,No
74625235,Female,0,No,No,29,Yes,Yes,DSL,No,Yes,No,No,No,No,Month-to-month,No,Credit card (automatic),46.47,1394.1,Yes
30855594,Female,0,No,No,5,Yes,Yes,No,No internet service,No internet service,No internet service,No internet service,No internet service,No internet service,Two year,No,Electronic check,57.27,343.62,No
94181424,Male,0,No,No,26,Yes,No,Fiber optic,No,No,No,Yes,No,No,Two year,No,Credit card (automatic),107.73,2908.71,No
71823092,Female,0,No,No,14,No,No phone service,DSL,No,No,No,Yes,Yes,No,Two year,No,Mailed check,71.81,1080.74,No
82070563,Male,0,No,No,30,Yes,No,DSL,Yes,No,No,No,No,No,Month-to-month,No,Electronic check,33.19,1030.55,No
54977656,Male,0,No,No,43,Yes,No,Fiber optic,No,Yes,Yes,No,Yes,Yes,Month-to-month,Yes,Credit card (automatic),130.98,5763.12,No
72071682,Male,0,Yes,No,9,Yes,Yes,Fiber optic,Yes,No,No,Yes,Yes,No,Month-to-month,No,Electronic check,78.37,783.7,No
65559839,Male,0,No,No,20,Yes,No,Fiber optic,No,No,No,No,No,No,One year,Yes,Mailed check,126.33,2652.93,No
17519183,Male,0,Yes,No,46,Yes,No,No,No internet service,No internet service,No internet service,No internet service,No internet service,No internet service,Month-to-month,No,Mailed check,49.73,2337.31,Yes
79937264,Male,0,Yes,No,54,Yes,Yes,Fiber optic,No,Yes,No,Yes,Yes,No,Month-to-month,No,Electronic check,64.79,3563.45,Yes
50177237,Male,1,No,Yes,35,Yes,Yes,DSL,No,Yes,No,No,No,No,Month-to-month,Yes,Electronic check,90.22,3247.92,No
85825317,Female,0,Yes,Yes,57,Yes,No,DSL,Yes,Yes,No,Yes,No,Yes,One year,No,Credit card (automatic),112.13,6509.15,No
52346074,Female,0,No,No,18,Yes,No,DSL,Yes,No,No,No,Yes,No,Month-to-month,Yes,Credit card (automatic),101.17,1922.23,Yes
84514623,Female,1,Yes,No,63,Yes,Yes,DSL,Yes,No,Yes,No,Yes,No,Month-to-month,Yes,Bank transfer (automatic),18.0,1152.0,No
81925331,Female,0,Yes,No,9,Yes,Yes,Fiber optic,No,Yes,No,No,No,No,Month-to-month,No,Electronic check,48.83,488.3,Yes
12512345,Female,0,No,No,48,Yes,No,Fiber optic,No,No,Yes,No,No,No,Month-to-month,Yes,Bank transfer (automatic),74.48,3649.52,Yes
37952515,Male,0,No,Yes,53,Yes,No,Fiber optic,Yes,No,No,Yes,No,Yes,Two year,No,Credit card (automatic),92.9,5016.6,Yes
87496999,Female,0,No,No,60,Yes,Yes,Fiber optic,Yes,No,Yes,No,Yes,No,Two year,No,Credit card (automatic),59.3,3617.3,No
54522609,Female,0,No,No,58,Yes,No,DSL,No,No,No,Yes,No,Yes,Month-to-month,No,Electronic check,58.15,3430.85,No
57458790,Male,0,Yes,No,1,Yes,No,DSL,Yes,Yes,Yes,Yes,Yes,No,Month-to-month,Yes,Credit card (automatic),76.69,153.38,No
18886963,Female,0,No,Yes,7,Yes,Yes,Fiber optic,No,Yes,Yes,No,Yes,No,Two year,No,Credit card (automatic),44.0,352.0,No
30039365,Female,0,Yes,No,18,Yes,No,No,No internet service,No internet service,No internet service,No internet service,No internet service,No internet service,One year,No,Credit card (automatic),50.45,958.55,No
47642707,Female,0,No,Yes,67,Yes,Yes,DSL,No,No,No,No,No,No,Month-to-month,No,Electronic check,74.81,5072.12,Yes
14183991,Female,0,Yes,No,13,Yes,No,Fiber optic,No,Yes,Yes,Yes,No,Yes,One year,Yes,Credit card (automatic),68.82,966.92,No
55520266,Female,0,No,No,21,Yes,Yes,Fiber optic,Yes,Yes,No,No,Yes,No,Month-to-month,Yes,Bank transfer (automatic),35.12,774.4,Yes
60363964,Male,0,No,No,16,Yes,No,Fiber optic,Yes,No,No,Yes,No,Yes,Month-to-month,No,Bank transfer (automatic),77.86,1323.62,Yes
94088862,Male,0,Yes,No,62,Yes,No,Fiber optic,Yes,No,Yes,No,No,No,One year,No,Electronic check,82.47,5179.12,No
81708931,Female,0,No,No,25,No,No phone service,No,No internet service,No internet service,No internet service,No internet service,No internet service,No internet service,Month-to-month,No,Credit card (automatic),111.32,2872.06,Yes
32276047,Female,0,Yes,Yes,35,Yes,No,DSL,No,No,No,No,Yes,No,Two year,No,Mailed check,68.71,2473.56,No
86635858,Female,1,Yes,No,44,Yes,No,Fiber optic,Yes,No,No,Yes,Yes,No,Month-to-month,Yes,Mailed check,104.06,4687.9,No
91294213,Male,0,No,Yes,29,Yes,Yes,Fiber optic,No,Yes,No,No,No,Yes,Two year,No,Credit card (automatic),18.0,540.0,No
62286700,Female,0,Yes,Yes,20,Yes,No,No,No internet service,No internet service,No internet service,No internet service,No internet service,No internet service,Month-to-month,No,Mailed check,68.31,1420.85,Yes
35149571,Female,1,Yes,No,19,Yes,Yes,DSL,No,Yes,No,Yes,No,Yes,Month-to-month,Yes,Credit card (automatic),55.01,1102.95,No
89885300,Male,0,No,No,41,Yes,No,Fiber optic,No,No,No,No,No,Yes,One year,No,Electronic check,55.17,2317.14,No
25682621,Female,1,No,No,55,Yes,Yes,DSL,Yes,Yes,Yes,No,No,No,One year,Yes,Bank transfer (automatic),82.83,4642.62,No
51376831,Female,0,Yes,Yes,11,Yes,No,No,No internet service,No internet service,No internet service,No internet service,No internet service,No internet service,Month-to-month,No,Bank transfer (automatic),18.0,216.0,No
52211394,Female,0,No,No,7,Yes,Yes,Fiber optic,Yes,Yes,Yes,No,No,No,Two year,Yes,Mailed check,19.32,154.56,Yes
14245067,Male,0,No,No,62,Yes,Yes,DSL,Yes,No,Yes,No,No,No,Two year,Yes,Electronic check,87.74,5510.07,No
46439766,Male,0,No,Yes,55,Yes,No,Fiber optic,No,Yes,Yes,Yes,No,Yes,Month-to-month,No,Electronic check,75.67,4222.39,No
65548633,Male,0,No,No,6,Yes,Yes,Fiber optic,Yes,No,Yes,No,Yes,Yes,Month-to-month,No,Bank transfer (automatic),48.08,336.56,Yes
21649801,Female,1,No,Yes,61,Yes,No,DSL,Yes,No,No,No,No,Yes,Two year,No,Credit card (automatic),108.97,6756.14,No
76713516,Male,0,No,No,60,Yes,Yes,No,No internet service,No internet service,No internet service,No internet service,No internet service,No internet service,Two year,No,Bank transfer (automatic),100.71,6143.31,No
41895802,Male,0,Yes,No,9,Yes,Yes,DSL,No,Yes,No,No,No,No,Two year,Yes,Mailed check,80.39,807.92,Yes
59873103,Male,0,Yes,No,49,Yes,No,Fiber optic,Yes,No,Yes,Yes,No,No,Month-to-month,No,Mailed check,28.16,1409.41,Yes
70653840,Female,0,No,Yes,19,Yes,Yes,Fiber optic,No,No,No,No,No,Yes,Two year,Yes,Electronic check,110.18,2203.6,No
50618137,Male,0,No,No,27,Yes,Yes,No,No internet service,No internet service,No internet service,No internet service,No internet service,No internet service,One year,Yes,Electronic check,18.0,504.0,No
39009803,Female,0,No,Yes,13,Yes,Yes,DSL,Yes,Yes,Yes,Yes,Yes,Yes,Month-to-month,No,Credit card (automatic),36.53,511.42,No
80477785,Female,0,Yes,No,7,Yes,Yes,Fiber optic,No,No,Yes,Yes,Yes,No,Two year,No,Credit card (automatic),94.32,759.28,No
50576475,Male,0,No,Yes,6,Yes,Yes,DSL,Yes,Yes,Yes,Yes,Yes,No,One year,No,Credit card (automatic),25.15,177.31,No
33489813,Female,0,No,No,4,Yes,Yes,No,No internet service,No internet service,No internet service,No internet service,No internet service,No internet service,Two year,No,Credit card (automatic),111.33,562.22,Yes
25063426,Male,1,No,Yes,0,No,No phone service,DSL,No,Yes,No,Yes,Yes,No,Two year,Yes,Electronic check,127.81,127.81,Yes
60226379,Female,0,No,No,72,Yes,Yes,Fiber optic,Yes,No,No,No,No,No,Month-to-month,Yes,Electronic check,89.11,6505.03,Yes
15019076,Male,0,No,No,9,Yes,No,Fiber optic,No,Yes,Yes,No,No,Yes,Month-to-month,No,Electronic check,47.86,478.6,Yes
37125189,Male,0,Yes,Yes,57,Yes,Yes,DSL,Yes,No,No,No,Yes,No,One year,Yes,Bank transfer (automatic),31.07,1802.06,No
22429114,Male,0,No,Yes,64,Yes,No,DSL,No,No,Yes,No,No,Yes,Month-to-month,No,Mailed check,24.31,1575.29,No
69562350,Female,0,No,No,59,Yes,No,DSL,No,No,Yes,Yes,No,No,Two year,Yes,Electronic check,79.03,4741.8,No
77913458,Female,1,Yes,Yes,19,Yes,Yes,No,No internet service,No internet service,No internet service,No internet service,No internet service,No internet service,One year,No,Credit card (automatic),73.08,1461.6,No
13346688,Male,0,Yes,No,57,Yes,Yes,Fiber optic,Yes,No,Yes,Yes,No,Yes,Two year,Yes,Electronic check,76.06,4411.48,No
74781956,Female,0,No,No,42,Yes,Yes,No,No internet service,No internet service,No internet service,No internet service,No internet service,No internet service,Month-to-month,Yes,Electronic check,111.99,4815.57,No
77116153,Male,0,No,No,28,Yes,No,DSL,Yes,No,Yes,Yes,Yes,Yes,Two year,Yes,Mailed check,93.52,2716.76,No
30679969,Male,0,Yes,No,1,No,No phone service,DSL,Yes,No,No,No,No,No,Month-to-month,Yes,Electronic check,79.12,158.24,No
35529779,Female,0,Yes,No,25,Yes,No,No,No internet service,No internet service,No internet service,No internet service,No internet service,No internet service,Month-to-month,No,Mailed check,72.89,1895.14,No
55649583,Female,1,Yes,No,58,Yes,No,Fiber optic,No,No,No,No,Yes,Yes,Month-to-month,No,Credit card (automatic),39.41,2317.31,No
74890505,Female,0,Yes,No,0,Yes,No,Fiber optic,Yes,Yes,Yes,No,Yes,No,Two year,Yes,Bank transfer (automatic),84.9,84.9,Yes
80280155,Male,0,No,No,30,Yes,Yes,No,No internet service,No internet service,No internet service,No internet service,No internet service,No internet service,Two year,No,Bank transfer (automatic),77.17,2392.27,No
51655640,Female,0,No,Yes,37,Yes,No,No,No internet service,No internet service,No internet service,No internet service,No internet service,No internet service,Month-to-month,Yes,Credit card (automatic),102.56,3897.28,Yes
53934556,Female,0,No,No,21,Yes,No,DSL,No,Yes,Yes,No,Yes,Yes,Month-to-month,No,Electronic check,78.11,1718.42,No
29232735,Female,0,No,No,65,Yes,No,DSL,Yes,Yes,No,No,No,Yes,Two year,Yes,Electronic check,141.57,9315.31,No
23187101,Male,0,Yes,No,46,Yes,No,DSL,No,Yes,Yes,No,No,No,Month-to-month,Yes,Credit card (automatic),105.79,4972.13,No
79276026,Female,0,Yes,No,0,Yes,Yes,No,No internet service,No internet service,No internet service,No internet service,No internet service,No internet service,Two year,Yes,Electronic check,18.0,18.0,No
27812995,Female,1,Yes,No,49,Yes,No,Fiber optic,No,No,No,Yes,Yes,Yes,Month-to-month,No,Bank transfer (automatic),77.19,3859.5,Yes
37539747,Male,0,Yes,No,35,Yes,No,Fiber optic,Yes,No,No,No,No,Yes,Month-to-month,Yes,Electronic check,108.18,3894.48,Yes
14905998,Male,0,Yes,No,44,No,No phone service,No,No internet service,No internet service,No internet service,No internet service,No internet service,No internet service,Month-to-month,Yes,Mailed check,51.56,2320.2,Yes
71655384,Male,0,No,No,35,Yes,No,Fiber optic,No,Yes,Yes,Yes,Yes,Yes,Two year,No,Mailed check,50.66,1823.76,No
62021209,Female,0,No,No,33,Yes,No,DSL,No,No,Yes,Yes,No,No,Two year,No,Electronic check,120.47,4095.98,No
80107942,Female,1,No,Yes,8,Yes,No,Fiber optic,No,No,Yes,No,Yes,Yes,Month-to-month,Yes,Bank transfer (automatic),40.56,365.04,No
25547243,Male,0,No,No,3,Yes,No,DSL,No,Yes,No,Yes,No,No,One year,No,Credit card (automatic),87.77,351.08,No
10551617,Female,0,No,No,62,Yes,No,Fiber optic,No,Yes,Yes,No,No,Yes,Two year,Yes,Electronic check,66.87,4212.81,No
51739205,Male,0,No,No,3,Yes,Yes,DSL,No,Yes,No,No,No,No,Two year,Yes,Mailed check,90.93,363.72,No
15909601,Male,0,Yes,No,4,Yes,No,DSL,Yes,Yes,No,Yes,No,Yes,Month-to-month,No,Electronic check,52.74,263.7,No
89763928,Female,0,No,No,9,Yes,No,No,No internet service,No internet service,No internet service,No internet service,No internet service,No internet service,Two year,Yes,Electronic check,50.03,500.3,No
21687128,Male,0,Yes,No,43,Yes,No,No,No internet service,No internet service,No internet service,No internet service,No internet service,No internet service,Month-to-month,No,Electronic check,103.32,4546.08,No
54733393,Male,0,Yes,No,39,Yes,No,No,No internet service,No internet service,No internet service,No internet service,No internet service,No internet service,One year,Yes,Credit card (automatic),117.76,4710.4,Yes
72663022,Female,1,Yes,Yes,35,Yes,No,DSL,Yes,No,No,Yes,Yes,No,One year,Yes,Credit card (automatic),64.65,2330.63,No
16192775,Male,0,No,No,34,Yes,No,No,No internet service,No internet service,No internet service,No internet service,No internet service,No internet service,Two year,No,Credit card (automatic),83.09,2908.15,No
23838227,Female,1,No,No,58,Yes,Yes,Fiber optic,Yes,No,No,Yes,Yes,Yes,Month-to-month,Yes,Electronic check,95.41,5629.19,Yes
79870757,Female,0,No,Yes,64,Yes,No,No,No internet service,No internet service,No internet service,No internet service,No internet service,No internet service,One year,Yes,Electronic check,75.92,4934.8,No
98447373,Female,1,No,No,30,Yes,No,No,No internet service,No internet service,No internet service,No internet service,No internet service,No internet service,One year,Yes,Electronic check,90.82,2819.96,No
51940463,Male,0,No,Yes,45,Yes,No,No,No internet service,No internet service,No internet service,No internet service,No internet service,No internet service,Month-to-month,No,Bank transfer (automatic),121.59,5599.22,Yes
13017249,Male,0,No,Yes,48,Yes,Yes,DSL,Yes,Yes,No,No,No,No,Month-to-month,Yes,Electronic check,30.53,1489.86,No
87518768,Male,1,No,Yes,5,No,No phone service,Fiber optic,No,Yes,Yes,No,Yes,No,Month-to-month,Yes,Electronic check,100.07,600.42,No
51895110,Female,0,No,No,69,Yes,No,Fiber optic,No,No,No,No,No,Yes,Two year,Yes,Mailed check,134.23,9396.1,No
95745109,Male,0,Yes,Yes,18,Yes,No,DSL,No,No,No,Yes,No,Yes,Two year,Yes,Electronic check,102.1,1939.9,No
38165011,Female,0,Yes,No,41,Yes,No,Fiber optic,No,Yes,Yes,No,No,No,Month-to-month,No,Electronic check,32.83,1378.86,No
53067834,Male,0,No,No,29,Yes,Yes,DSL,Yes,No,No,No,No,No,Two year,Yes,Electronic check,119.62,3588.6,Yes
36918105,Female,1,Yes,No,25,Yes,Yes,No,No internet service,No internet service,No internet service,No internet service,No internet service,No internet service,Two year,Yes,Electronic check,69.51,1807.26,No
35843038,Female,0,No,No,2,Yes,No,No,No internet service,No internet service,No internet service,No internet service,No internet service,No internet service,Two year,Yes,Mailed check,88.0,264.0,No
48462422,Female,0,No,No,32,Yes,No,Fiber optic,Yes,No,Yes,Yes,No,No,Month-to-month,Yes,Credit card (automatic),101.23,3340.59,No
47131272,Male,0,No,No,49,Yes,Yes,Fiber optic,No,No,No,Yes,No,No,One year,No,Electronic check,113.88,5671.22,Yes
81440849,Female,0,Yes,No,30,Yes,No,DSL,Yes,No,No,Yes,No,Yes,Month-to-month,Yes,Bank transfer (automatic),45.43,1408.33,No
52835559,Male,0,No,Yes,67,Yes,No,Fiber optic,No,Yes,Yes,Yes,Yes,No,One year,No,Credit card (automatic),71.92,4890.56,No
69205536,Female,0,No,No,9,Yes,No,DSL,Yes,No,No,Yes,No,Yes,Two year,No,Electronic check,78.62,786.2,No
25790828,Female,0,No,No,21,Yes,No,Fiber optic,No,Yes,Yes,No,Yes,Yes,Month-to-month,No,Electronic check,43.95,966.9,No
46595028,Female,0,No,No,62,Yes,No,No,No internet service,No internet service,No internet service,No internet service,No internet service,No internet service,One year,No,Bank transfer (automatic),93.58,5895.54,Yes
30041488,Male,0,No,No,53,Yes,Yes,Fiber optic,No,No,Yes,No,No,No,Month-to-month,Yes,Bank transfer (automatic),62.28,3363.12,No
31138757,Male,0,No,No,50,Yes,Yes,Fiber optic,No,Yes,No,Yes,No,Yes,Month-to-month,Yes,Mailed check,72.57,3686.56,Yes
46726921,Female,0,Yes,Yes,3,Yes,No,DSL,Yes,No,No,No,No,No,Month-to-month,Yes,Mailed check,55.29,221.16,No
25362614,Female,0,No,No,36,No,No phone service,DSL,Yes,Yes,Yes,No,Yes,Yes,Month-to-month,Yes,Bank transfer (automatic),87.44,3239.65,Yes
12047721,Female,1,Yes,No,70,Yes,No,Fiber optic,Yes,No,No,No,Yes,No,Two year,No,Mailed check,52.42,3721.82,No
93610257,Male,0,Yes,No,62,No,No phone service,DSL,No,No,Yes,No,Yes,No,One year,Yes,Electronic check,68.84,4336.92,No
85111698,Female,1,Yes,No,50,Yes,No,DSL,Yes,No,Yes,Yes,No,No,Month-to-month,No,Credit card (automatic),70.35,3587.85,Yes
78996054,Male,0,No,No,7,Yes,Yes,Fiber optic,Yes,No,Yes,Yes,No,Yes,Month-to-month,Yes,Electronic check,53.9,431.2,Yes
23740579,Male,0,Yes,No,0,Yes,No,Fiber optic,No,No,No,Yes,No,No,Two year,Yes,Bank transfer (automatic),18.0,18.0,No
37726346,Female,0,Yes,No,7,Yes,No,Fiber optic,Yes,No,Yes,No,No,No,One year,Yes,Bank transfer (automatic),90.57,724.56,No
82816971,Male,0,No,No,54,Yes,No,Fiber optic,No,Yes,Yes,Yes,Yes,No,Month-to-month,Yes,Mailed check,69.12,3801.6,No
57018904,Male,0,No,No,8,Yes,No,Fiber optic,Yes,No,No,No,Yes,Yes,One year,Yes,Electronic check,59.52,535.68,Yes
83734610,Male,1,Yes,No,50,No,No phone service,DSL,Yes,No,Yes,No,Yes,Yes,Month-to-month,Yes,Bank transfer (automatic),69.06,3522.06,No
52746321,Female,0,No,Yes,15,Yes,Yes,DSL,No,Yes,No,No,Yes,Yes,Two year,Yes,Electronic check,95.21,1528.12,No
46379997,Female,0,No,No,52,Yes,Yes,No,No internet service,No internet service,No internet service,No internet service,No internet service,No internet service,Month-to-month,Yes,Credit card (automatic),134.67,7144.24,Yes
28999435,Female,0,Yes,No,58,Yes,No,Fiber optic,Yes,No,No,No,Yes,No,Month-to-month,Yes,Bank transfer (automatic),18.47,1089.73,Yes
48019546,Female,0,No,No,44,Yes,No,Fiber optic,No,Yes,Yes,Yes,Yes,No,One year,No,Credit card (automatic),82.79,3725.55,No
87052108,Female,0,No,No,36,Yes,No,Fiber optic,Yes,Yes,Yes,No,No,Yes,Two year,Yes,Bank transfer (automatic),55.85,2066.45,No
42859865,Female,1,No,No,65,Yes,No,DSL,Yes,Yes,No,No,Yes,No,Month-to-month,No,Credit card (automatic),112.9,7451.4,Yes
32988138,Male,0,No,No,63,Yes,Yes,DSL,Yes,Yes,No,No,Yes,Yes,Month-to-month,No,Bank transfer (automatic),30.55,1955.2,Yes
19562056,Female,0,No,Yes,35,Yes,No,Fiber optic,Yes,Yes,No,Yes,No,Yes,Month-to-month,Yes,Electronic check,72.93,2629.13,No
51792388,Female,0,Yes,No,49,Yes,No,Fiber optic,No,Yes,Yes,No,No,No,Two year,No,Electronic check,65.31,3268.77,No
92310750,Female,1,No,No,52,Yes,Yes,Fiber optic,Yes,Yes,No,Yes,No,No,Month-to-month,No,Mailed check,36.43,1923.5,No
55464764,Male,1,Yes,No,56,Yes,No,DSL,Yes,No,No,Yes,Yes,No,Month-to-month,Yes,Mailed check,50.5,2878.5,Yes
82555030,Male,0,Yes,No,18,Yes,No,DSL,Yes,Yes,No,Yes,Yes,No,Month-to-month,No,Electronic check,60.8,1155.2,No
69545378,Female,1,Yes,No,25,Yes,No,Fiber optic,Yes,No,Yes,No,Yes,No,Two year,Yes,Credit card (automatic),74.54,1938.04,No
16808353,Female,0,No,No,67,Yes,Yes,Fiber optic,Yes,Yes,No,No,Yes,Yes,Month-to-month,No,Mailed check,18.0,1220.4,Yes
27458237,Male,1,Yes,Yes,42,Yes,No,No,No internet service,No internet service,No internet service,No internet service,No internet service,No internet service,One year,No,Credit card (automatic),61.53,2633.48,No
13891332,Female,0,Yes,No,57,Yes,No,DSL,No,No,No,No,No,No,Two year,Yes,Electronic check,92.92,5389.36,No
73181059,Female,0,Yes,No,58,Yes,Yes,No,No internet service,No internet service,No internet service,No internet service,No internet service,No internet service,One year,Yes,Electronic check,109.78,6477.02,Yes
16772091,Female,0,No,No,45,Yes,No,No,No internet service,No internet service,No internet service,No internet service,No internet service,No internet service,One year,Yes,Mailed check,79.5,3657.0,No
24217270,Female,0,No,No,67,Yes,Yes,Fiber optic,No,No,No,Yes,No,No,Two year,No,Electronic check,86.4,5875.2,No
61485872,Female,0,No,Yes,39,Yes,No,Fiber optic,Yes,No,No,Yes,Yes,Yes,Month-to-month,Yes,Bank transfer (automatic),32.08,1283.2,Yes
17220897,Male,0,Yes,Yes,12,Yes,No,No,No internet service,No internet service,No internet service,No internet service,No internet service,No internet service,Month-to-month,No,Electronic check,59.84,765.95,No
21558774,Male,0,Yes,Yes,8,Yes,No,DSL,Yes,No,No,No,No,No,Month-to-month,No,Electronic check,32.69,287.67,No
67239263,Female,1,No,Yes,65,No,No phone service,DSL,No,No,No,Yes,No,Yes,Two year,Yes,Credit card (automatic),64.41,4251.06,No
62602177,Male,0,No,No,52,No,No phone service,DSL,Yes,Yes,No,No,No,Yes,One year,Yes,Credit card (automatic),138.87,7360.11,No
34022690,Female,0,Yes,Yes,3,Yes,Yes,Fiber optic,Yes,Yes,Yes,Yes,No,No,One year,Yes,Electronic check,113.85,432.63,No
90010054,Female,0,Yes,No,13,Yes,Yes,DSL,No,No,Yes,No,Yes,Yes,Two year,Yes,Electronic check,93.75,1312.5,No
89558393,Male,1,Yes,Yes,7,Yes,No,No,No internet service,No internet service,No internet service,No internet service,No internet service,No internet service,One year,No,Bank transfer (automatic),79.54,636.32,Yes
94486125,Male,1,No,No,61,Yes,No,Fiber optic,No,Yes,No,No,Yes,Yes,Month-to-month,Yes,Electronic check,62.46,3872.52,No
69839130,Female,0,Yes,No,44,No,No phone service,No,No internet service,No internet service,No internet service,No internet service,No internet service,No internet service,Month-to-month,Yes,Bank transfer (automatic),89.55,4029.75,Yes
92720444,Female,0,No,No,66,Yes,No,DSL,Yes,No,No,Yes,No,Yes,Month-to-month,No,Bank transfer (automatic),51.93,3479.31,No
57731087,Male,0,Yes,No,61,Yes,Yes,Fiber optic,Yes,No,Yes,Yes,No,No,One year,Yes,Mailed check,134.97,8341.15,No
51935074,Male,0,Yes,No,69,No,No phone service,Fiber optic,No,Yes,No,Yes,No,Yes,Month-to-month,Yes,Credit card (automatic),94.91,6643.7,Yes
54604858,Male,0,Yes,Yes,35,Yes,Yes,Fiber optic,No,No,Yes,No,No,Yes,One year,Yes,Electronic check,99.08,3547.06,No
36594858,Female,1,No,No,0,Yes,No,No,No internet service,No internet service,No internet service,No internet service,No internet service,No internet service,Two year,Yes,Credit card (automatic),55.2,55.2,No
81603135,Female,0,No,No,59,Yes,No,Fiber optic,No,No,Yes,No,No,No,Month-to-month,Yes,Bank transfer (automatic),56.18,3370.8,No
20542212,Female,0,Yes,Yes,12,Yes,Yes,DSL,No,No,No,No,No,No,Month-to-month,Yes,Electronic check,47.82,621.66,Yes
72504573,Female,0,No,No,11,Yes,Yes,No,No internet service,No internet service,No internet service,No internet service,No internet service,No internet service,One year,No,Electronic check,32.51,383.62,No
86207390,Male,0,Yes,Yes,16,Yes,Yes,Fiber optic,Yes,No,No,No,Yes,Yes,One year,Yes,Bank transfer (automatic),111.74,1899.58,No
27689263,Female,0,No,No,46,Yes,Yes,DSL,Yes,No,No,No,No,Yes,One year,Yes,Electronic check,90.52,4254.44,No
22470997,Female,0,No,Yes,52,Yes,Yes,Fiber optic,Yes,No,Yes,Yes,Yes,No,Month-to-month,Yes,Mailed check,57.59,3052.27,No
72850928,Male,0,Yes,Yes,66,Yes,No,Fiber optic,No,Yes,Yes,No,No,No,Month-to-month,No,Electronic check,51.91,3477.97,Yes
23054418,Male,1,No,No,9,Yes,No,Fiber optic,No,No,No,No,Yes,No,Two year,Yes,Credit card (automatic),113.85,1138.5,No
71147472,Female,0,No,No,45,Yes,Yes,Fiber optic,No,Yes,No,No,Yes,Yes,Two year,Yes,Bank transfer (automatic),85.57,3936.22,No
51660066,Male,0,Yes,No,3,Yes,No,Fiber optic,No,Yes,Yes,No,No,No,Two year,No,Bank transfer (automatic),57.33,229.32,No
96492401,Male,1,No,Yes,56,Yes,No,DSL,No,Yes,No,Yes,No,Yes,Month-to-month,Yes,Electronic check,104.87,5982.83,Yes
72464469,Male,0,Yes,No,37,Yes,No,DSL,No,Yes,No,Yes,Yes,Yes,Month-to-month,Yes,Electronic check,127.11,4830.18,Yes
73155598,Female,0,No,No,11,Yes,No,Fiber optic,No,No,No,Yes,No,No,Month-to-month,Yes,Bank transfer (automatic),52.66,631.92,No
41097470,Male,0,Yes,No,30,Yes,No,Fiber optic,Yes,Yes,Yes,Yes,Yes,No,Month-to-month,Yes,Credit card (automatic),57.46,1784.13,No
40037183,Male,0,No,No,1,Yes,No,DSL,No,No,No,No,No,No,Two year,No,Bank transfer (automatic),63.34,114.01,No
29289997,Female,0,Yes,No,0,Yes,No,DSL,No,Yes,No,No,No,Yes,Month-to-month,Yes,Electronic check,78.91,78.91,No
92804565,Female,0,Yes,Yes,24,Yes,No,No,No internet service,No internet service,No internet service,No internet service,No internet service,No internet service,Month-to-month,Yes,Credit card (automatic),68.96,1724.0,No
44635255,Male,0,Yes,No,4,Yes,Yes,No,No internet service,No internet service,No internet service,No internet service,No internet service,No internet service,Two year,Yes,Credit card (automatic),26.21,131.05,No
58781345,Female,0,Yes,Yes,47,Yes,No,Fiber optic,Yes,Yes,Yes,No,Yes,Yes,One year,Yes,Credit card (automatic),42.54,2041.92,No
62623673,Male,0,No,No,13,Yes,No,DSL,Yes,Yes,Yes,Yes,Yes,No,Two year,No,Mailed check,73.82,1033.48,No
34609232,Female,1,Yes,Yes,51,No,No phone service,Fiber optic,No,No,No,No,Yes,Yes,Two year,No,Credit card (automatic),115.29,5995.08,No
99279031,Female,0,No,No,20,Yes,Yes,DSL,Yes,No,No,No,Yes,No,Month-to-month,Yes,Electronic check,76.44,1609.06,No
54335867,Female,1,Yes,Yes,24,Yes,No,Fiber optic,Yes,Yes,No,No,No,No,Month-to-month,Yes,Credit card (automatic),97.82,2445.5,No
53588695,Male,0,No,No,66,Yes,No,Fiber optic,Yes,No,No,Yes,Yes,Yes,One year,No,Bank transfer (automatic),80.26,5377.42,No
70838623,Female,0,No,Yes,49,Yes,Yes,Fiber optic,No,No,No,Yes,Yes,Yes,Two year,No,Credit card (automatic),65.19,3259.5,No
75432046,Male,0,No,No,32,Yes,No,DSL,Yes,Yes,Yes,No,Yes,No,Month-to-month,No,Electronic check,43.74,1443.42,No
14061983,Male,0,No,Yes,16,No,No phone service,Fiber optic,No,No,No,No,No,Yes,Month-to-month,Yes,Electronic check,81.24,1381.08,No
18773168,Male,0,No,No,69,Yes,No,No,No internet service,No internet service,No internet service,No internet service,No internet service,No internet service,Month-to-month,No,Bank transfer (automatic),106.95,7486.5,No
73798298,Male,0,No,No,33,Yes,No,Fiber optic,No,No,Yes,No,No,No,Month-to-month,Yes,Credit card (automatic),32.0,1088.0,No
25151444,Male,0,Yes,No,25,Yes,Yes,Fiber optic,No,Yes,Yes,No,No,No,Month-to-month,Yes,Electronic check,87.16,2248.73,Yes
57169588,Female,0,No,Yes,41,No,No phone service,DSL,No,No,No,No,No,No,Month-to-month,Yes,Electronic check,53.28,2221.925,Yes
74243595,Male,1,No,Yes,30,Yes,No,Fiber optic,No,Yes,Yes,No,Yes,No,Month-to-month,Yes,Mailed check,80.57,2497.67,No
71906810,Male,0,Yes,No,50,Yes,No,Fiber optic,Yes,No,Yes,No,Yes,Yes,Month-to-month,No,Bank transfer (automatic),47.77,2438.66,Yes
32924595,Female,0,No,Yes,35,Yes,Yes,DSL,Yes,Yes,Yes,No,No,Yes,Month-to-month,Yes,Bank transfer (automatic),74.36,2676.96,No
47883942,Female,0,Yes,Yes,12,Yes,No,Fiber optic,No,No,Yes,No,Yes,No,Month-to-month,Yes,Credit card (automatic),41.6,542.88,No
56790372,Male,1,No,No,12,No,No phone service,Fiber optic,Yes,No,Yes,Yes,No,No,Month-to-month,Yes,Credit card (automatic),99.1,1268.48,No
91126594,Female,0,Yes,Yes,31,Yes,Yes,Fiber optic,No,Yes,No,No,Yes,Yes,Two year,Yes,Bank transfer (automatic),71.66,2293.12,No
87132010,Male,1,No,Yes,4,Yes,No,DSL,Yes,No,No,No,No,No,One year,Yes,Mailed check,123.66,618.3,No
27098533,Female,0,No,No,11,Yes,No,DSL,Yes,No,No,No,No,No,Month-to-month,No,Credit card (automatic),79.15,949.8,No
78175850,Female,0,No,No,58,Yes,No,No,No internet service,No internet service,No internet service,No internet service,No internet service,No internet service,Month-to-month,Yes,Mailed check,40.03,2361.77,No
23815327,Male,0,No,Yes,40,Yes,No,Fiber optic,No,Yes,Yes,No,No,No,Month-to-month,Yes,Credit card (automatic),22.32,915.12,No
64450250,Female,0,No,No,36,Yes,No,DSL,No,No,Yes,Yes,No,No,One year,Yes,Bank transfer (automatic),112.62,4166.94,No
24358786,Female,1,Yes,No,67,Yes,No,No,No internet service,No internet service,No internet service,No internet service,No internet service,No internet service,Month-to-month,No,Bank transfer (automatic),52.07,3540.76,Yes
53737494,Male,0,Yes,No,47,Yes,No,DSL,No,Yes,Yes,No,Yes,Yes,Month-to-month,Yes,Electronic check,40.42,1940.16,Yes
84645170,Female,1,Yes,Yes,42,Yes,Yes,Fiber optic,Yes,Yes,Yes,No,No,No,Two year,Yes,Credit card (automatic),110.33,4744.19,No
97167893,Male,0,Yes,No,40,Yes,Yes,DSL,Yes,Yes,Yes,No,Yes,Yes,Month-to-month,Yes,Credit card (automatic),56.95,2334.95,No
19519256,Male,0,Yes,No,55,Yes,No,No,No internet service,No internet service,No internet service,No internet service,No internet service,No internet service,Month-to-month,No,Bank transfer (automatic),97.38,5453.28,Yes
50549608,Male,0,No,No,68,Yes,Yes,Fiber optic,Yes,No,No,Yes,Yes,Yes,Month-to-month,Yes,Bank transfer (automatic),80.58,5560.02,Yes
81503899,Female,0,No,Yes,10,No,No phone service,Fiber optic,Yes,No,Yes,No,Yes,Yes,Month-to-month,Yes,Bank transfer (automatic),18.0,198.0,No
71870997,Female,0,No,Yes,8,Yes,Yes,Fiber optic,No,No,Yes,No,Yes,Yes,Month-to-month,Yes,Electronic check,89.21,802.89,Yes
63796676,Male,0,Yes,No,27,Yes,Yes,DSL,Yes,Yes,No,No,No,No,Two year,No,Mailed check,40.82,1142.96,No
89260394,Male,0,Yes,No,21,Yes,No,Fiber optic,Yes,No,No,No,No,No,Month-to-month,Yes,Electronic check,33.0,727.65,No
65491233,Male,0,No,No,5,Yes,No,Fiber optic,No,Yes,No,Yes,No,Yes,Month-to-month,No,Electronic check,18.0,108.0,No
42021033,Male,0,Yes,No,25,Yes,No,No,No internet service,No internet service,No internet service,No internet service,No internet service,No internet service,Two year,Yes,Electronic check,35.34,918.84,No
93332410,Female,0,Yes,No,15,Yes,No,No,No internet service,No internet service,No internet service,No internet service,No internet service,No internet service,Month-to-month,No,Bank transfer (automatic),59.28,948.48,No
42707660,Female,0,Yes,No,13,Yes,No,No,No internet service,No internet service,No internet service,No internet service,No internet service,No internet service,One year,Yes,Credit card (automatic),72.38,1016.94,No
83544472,Female,0,Yes,Yes,34,Yes,No,DSL,Yes,Yes,No,Yes,No,Yes,Month-to-month,No,Credit card (automatic),74.52,2611.93,No
31343341,Female,0,Yes,No,41,Yes,Yes,DSL,No,Yes,Yes,Yes,No,Yes,One year,No,Credit card (automatic),96.49,4052.58,No
74743230,Female,1,Yes,No,52,Yes,No,Fiber optic,No,No,Yes,Yes,No,Yes,Month-to-month,Yes,Electronic check,18.97,1001.62,Yes
61514973,Male,0,Yes,No,21,Yes,Yes,Fiber optic,Yes,No,Yes,Yes,Yes,Yes,Month-to-month,Yes,Electronic check,18.0,396.0,Yes
18866414,Female,0,No,No,52,Yes,No,Fiber optic,No,Yes,Yes,No,No,Yes,Month-to-month,Yes,Electronic check,144.46,7656.38,No
55729880,Female,0,Yes,No,65,Yes,Yes,No,No internet service,No internet service,No internet service,No internet service,No internet service,No internet service,Month-to-month,No,Credit card (automatic),68.29,4507.14,Yes
37949250,Female,0,Yes,No,12,No,No phone service,No,No internet service,No internet service,No internet service,No internet service,No internet service,No internet service,Month-to-month,No,Credit card (automatic),86.03,1118.39,No
89318677,Male,0,No,Yes,10,Yes,No,DSL,No,No,No,No,Yes,Yes,Two year,Yes,Electronic check,26.83,289.76,No
67867771,Male,0,No,No,11,Yes,Yes,Fiber optic,No,Yes,Yes,No,No,Yes,Two year,Yes,Mailed check,90.46,1085.52,No
68432185,Male,0,Yes,No,52,Yes,Yes,Fiber optic,Yes,Yes,No,Yes,Yes,No,One year,No,Bank transfer (automatic),101.45,5356.56,No
86129797,Male,0,No,Yes,8,Yes,No,Fiber optic,Yes,Yes,Yes,No,Yes,Yes,Two year,No,Electronic check,18.0,162.0,No
55929418,Female,0,Yes,No,70,Yes,Yes,Fiber optic,Yes,Yes,No,No,Yes,Yes,Month-to-month,Yes,Bank transfer (automatic),84.64,5992.51,Yes
83085160,Male,0,Yes,Yes,16,No,No phone service,No,No internet service,No internet service,No internet service,No internet service,No internet service,No internet service,Month-to-month,Yes,Credit card (automatic),84.1,1429.7,No
41696096,Female,0,No,No,60,Yes,No,Fiber optic,No,Yes,No,No,No,Yes,One year,No,Electronic check,18.0,1098.0,No
33231136,Female,0,No,No,9,No,No phone service,DSL,Yes,No,No,No,Yes,Yes,One year,No,Electronic check,75.47,754.7,No
98934311,Male,0,Yes,No,37,No,No phone service,Fiber optic,No,Yes,No,No,No,Yes,Month-to-month,Yes,Electronic check,50.43,1916.34,No
99872888,Male,0,No,No,38,Yes,Yes,No,No internet service,No internet service,No internet service,No internet service,No internet service,No internet service,Month-to-month,No,Mailed check,83.82,3268.98,Yes
20454809,Female,0,No,No,29,Yes,Yes,No,No internet service,No internet service,No internet service,No internet service,No internet service,No internet service,Two year,Yes,Mailed check,90.96,2728.8,No
87066247,Female,1,Yes,No,33,Yes,No,DSL,No,No,Yes,Yes,No,No,Two year,Yes,Credit card (automatic),84.06,2858.04,No
75314414,Male,0,Yes,Yes,32,Yes,No,Fiber optic,No,No,No,No,Yes,Yes,Month-to-month,Yes,Credit card (automatic),60.8,2006.4,No
25344154,Female,0,Yes,No,31,Yes,Yes,DSL,Yes,No,Yes,No,No,Yes,One year,No,Bank transfer (automatic),57.01,1824.32,No
89478790,Female,0,No,Yes,11,Yes,No,DSL,Yes,Yes,Yes,No,Yes,Yes,Month-to-month,Yes,Bank transfer (automatic),76.35,916.2,Yes
90003898,Female,0,Yes,Yes,64,Yes,No,Fiber optic,No,Yes,No,No,No,No,Month-to-month,Yes,Bank transfer (automatic),62.24,4045.6,No
72130518,Female,0,No,Yes,9,No,No phone service,Fiber optic,Yes,Yes,Yes,No,No,Yes,One year,Yes,Electronic check,25.64,256.4,No
53671508,Male,0,Yes,Yes,18,No,No phone service,DSL,No,Yes,No,No,Yes,No,One year,Yes,Mailed check,75.82,1444.37,No
84502610,Female,1,Yes,No,22,Yes,No,Fiber optic,Yes,No,No,No,Yes,Yes,One year,Yes,Bank transfer (automatic),64.53,1484.19,No
23106885,Female,0,No,No,56,Yes,Yes,No,No internet service,No internet service,No internet service,No internet service,No internet service,No internet service,One year,Yes,Electronic check,64.48,3675.36,No
69755911,Male,0,No,Yes,58,Yes,No,Fiber optic,No,No,Yes,No,Yes,No,Month-to-month,No,Mailed check,59.29,3498.11,No
33645674,Male,0,Yes,No,53,Yes,No,DSL,No,Yes,No,No,No,No,Two year,Yes,Credit card (automatic),64.06,3446.43,No
51343854,Female,1,Yes,Yes,1,Yes,Yes,DSL,Yes,No,No,Yes,No,No,Month-to-month,No,Bank transfer (automatic),50.47,100.94,No
64464708,Female,0,No,No,47,No,No phone service,DSL,No,Yes,No,No,No,Yes,Two year,Yes,Credit card (automatic),95.7,4593.6,No
19342578,Female,1,Yes,No,5,Yes,No,DSL,No,No,Yes,No,Yes,No,Month-to-month,Yes,Bank transfer (automatic),56.92,341.52,No
90296988,Male,0,Yes,Yes,42,Yes,Yes,No,No internet service,No internet service,No internet service,No internet service,No internet service,No internet service,Two year,Yes,Bank transfer (automatic),72.4,3113.2,No
24595457,Male,0,No,No,16,Yes,Yes,Fiber optic,Yes,No,Yes,No,Yes,No,Month-to-month,No,Mailed check,48.78,829.26,No
90048179,Male,0,No,No,35,Yes,Yes,DSL,Yes,No,No,No,Yes,No,One year,Yes,Bank transfer (automatic),37.16,1337.76,No
60856575,Male,1,Yes,No,23,Yes,No,DSL,No,Yes,Yes,No,No,No,Month-to-month,Yes,Mailed check,66.59,2221.925,Yes
53943990,Male,1,No,Yes,60,Yes,No,No,No internet service,No internet service,No internet service,No internet service,No internet service,No internet service,Month-to-month,No,Credit card (automatic),90.3,5512.82,No
76343171,Male,0,No,No,28,Yes,No,Fiber optic,No,No,No,Yes,Yes,Yes,Month-to-month,Yes,Bank transfer (automatic),101.1,2931.9,No
96568973,Male,0,Yes,No,57,Yes,Yes,Fiber optic,Yes,No,Yes,No,Yes,No,Month-to-month,No,Electronic check,91.46,5304.68,Yes
98605814,Female,0,No,Yes,65,Yes,Yes,Fiber optic,Yes,Yes,Yes,Yes,No,Yes,Month-to-month,Yes,Credit card (automatic),41.67,2752.3,Yes
18252004,Male,0,Yes,Yes,52,No,No phone service,DSL,Yes,No,No,No,Yes,Yes,Month-to-month,No,Electronic check,71.66,3797.98,Yes
22151134,Female,0,Yes,No,69,Yes,Yes,No,No internet service,No internet service,No internet service,No internet service,No internet service,No internet service,Month-to-month,Yes,Credit card (automatic),67.48,4723.6,No
39207357,Female,0,Yes,Yes,8,Yes,No,DSL,Yes,Yes,Yes,No,Yes,No,Month-to-month,No,Mailed check,91.82,808.02,Yes
28645088,Male,1,Yes,Yes,41,Yes,Yes,Fiber optic,Yes,Yes,Yes,Yes,Yes,Yes,Two year,Yes,Bank transfer (automatic),85.27,3581.34,No
87949346,Female,0,No,No,38,Yes,Yes,DSL,Yes,No,Yes,No,No,No,One year,Yes,Electronic check,51.24,1998.36,No
95380301,Male,0,Yes,No,68,No,No phone service,Fiber optic,No,No,Yes,No,Yes,Yes,Month-to-month,Yes,Bank transfer (automatic),80.43,5553.69,No
10024741,Male,0,No,Yes,39,Yes,Yes,No,No internet service,No internet service,No internet service,No internet service,No internet service,No internet service,Month-to-month,No,Electronic check,87.14,3468.17,Yes
29693143,Female,0,Yes,Yes,58,Yes,No,Fiber optic,No,Yes,No,No,Yes,No,Two year,Yes,Electronic check,79.86,4711.74,No
98701999,Male,0,Yes,No,43,Yes,No,DSL,No,No,No,Yes,No,No,Month-to-month,No,Electronic check,68.9,3031.6,Yes
30027490,Female,0,No,Yes,64,Yes,Yes,Fiber optic,Yes,Yes,No,No,Yes,No,Month-to-month,Yes,Mailed check,50.29,3268.85,Yes
70797197,Female,0,No,No,10,Yes,No,DSL,No,Yes,No,No,No,Yes,Month-to-month,Yes,Mailed check,57.94,637.34,Yes
81303949,Male,0,No,No,4,No,No phone service,No,No internet service,No internet service,No internet service,No internet service,No internet service,No internet service,Month-to-month,Yes,Electronic check,134.93,674.65,Yes
49124904,Male,1,No,No,48,Yes,No,Fiber optic,No,Yes,No,Yes,No,Yes,Month-to-month,Yes,Bank transfer (automatic),34.47,1689.03,No
62342586,Male,0,Yes,Yes,50,Yes,Yes,Fiber optic,No,No,No,No,Yes,No,One year,No,Electronic check,126.46,6449.46,No
92620697,Female,0,No,No,35,Yes,Yes,DSL,No,Yes,Yes,No,No,No,Month-to-month,Yes,Mailed check,126.24,4544.64,Yes
87568641,Male,0,Yes,Yes,15,Yes,No,DSL,Yes,Yes,No,No,No,No,Month-to-month,No,Bank transfer (automatic),30.99,489.64,No
